mtllib base_link.mtl
o base_link

g base_lower_chassis_SOLID
v -0.36499998 -0.270000011 0.0249999985
v -0.36499998 -0.24500002 0
v -0.389999986 -0.24500002 0.0249999966
v -0.36499995 -0.268097013 0.0154329119
v -0.36499995 -0.26267767 0.00732232817
v -0.374567032 -0.268097013 0.0249999985
v -0.374806792 -0.265800297 0.0151931541
v -0.374309212 -0.261406362 0.00859363563
v -0.379433721 -0.259433776 0.010566242
v -0.374567032 -0.24500002 0.00190300681
v -0.382677615 -0.24500002 0.00732232817
v -0.36499995 -0.254567116 0.00190300681
v -0.374806792 -0.254806876 0.00419972278
v -0.381406307 -0.254309267 0.00859363563
v -0.388096958 -0.254567116 0.0249999966
v -0.382677615 -0.26267767 0.0249999985
v -0.388096958 -0.24500002 0.0154329101
v -0.385800242 -0.254806876 0.0151931522
v -0.381406307 -0.261406362 0.0156907365
v 0.36499998 -0.270000011 0.0249999966
v 0.389999986 -0.24500002 0.0249999966
v 0.36499998 -0.24500002 0
v 0.374567091 -0.268097013 0.0249999966
v 0.382677674 -0.26267767 0.0249999966
v 0.36500001 -0.268097013 0.015432911
v 0.374806851 -0.265800297 0.0151931522
v 0.381406367 -0.261406362 0.0156907365
v 0.379433781 -0.259433776 0.010566242
v 0.388097018 -0.24500002 0.015432911
v 0.382677674 -0.24500002 0.00732232817
v 0.388097018 -0.254567116 0.0249999966
v 0.385800302 -0.254806876 0.0151931522
v 0.381406367 -0.254309267 0.00859363563
v 0.36500001 -0.254567116 0.00190300867
v 0.36500001 -0.26267767 0.00732232817
v 0.374567091 -0.24500002 0.00190300867
v 0.374806851 -0.254806876 0.00419972092
v 0.374309272 -0.261406362 0.00859363563
v 0.36499998 0.270000011 0.0249999985
v 0.36499998 0.24500002 0
v 0.389999986 0.24500002 0.0249999966
v 0.36499995 0.268097013 0.0154329119
v 0.36499995 0.26267767 0.00732232817
v 0.374567032 0.268097013 0.0249999985
v 0.374806792 0.265800297 0.0151931541
v 0.374309212 0.261406362 0.00859363563
v 0.379433721 0.259433776 0.010566242
v 0.374567032 0.24500002 0.00190300681
v 0.382677615 0.24500002 0.00732232817
v 0.36499995 0.254567116 0.00190300681
v 0.374806792 0.254806876 0.00419972278
v 0.381406307 0.254309267 0.00859363563
v 0.388096958 0.254567116 0.0249999966
v 0.382677615 0.26267767 0.0249999985
v 0.388096958 0.24500002 0.0154329101
v 0.385800242 0.254806876 0.0151931522
v 0.381406307 0.261406362 0.0156907365
v -0.36499998 0.270000011 0.0249999966
v -0.389999986 0.24500002 0.0249999966
v -0.36499998 0.24500002 0
v -0.374567091 0.268097013 0.0249999966
v -0.382677674 0.26267767 0.0249999966
v -0.36500001 0.268097013 0.015432911
v -0.374806851 0.265800297 0.0151931522
v -0.381406367 0.261406362 0.0156907365
v -0.379433781 0.259433776 0.010566242
v -0.388097018 0.24500002 0.015432911
v -0.382677674 0.24500002 0.00732232817
v -0.388097018 0.254567116 0.0249999966
v -0.385800302 0.254806876 0.0151931522
v -0.381406367 0.254309267 0.00859363563
v -0.36500001 0.254567116 0.00190300867
v -0.36500001 0.26267767 0.00732232817
v -0.374567091 0.24500002 0.00190300867
v -0.374806851 0.254806876 0.00419972092
v -0.374309272 0.261406362 0.00859363563
v -0.389999986 -0.24500002 0.0250000041
v -0.36499998 -0.24500002 0.0500000007
v -0.36499998 -0.270000011 0.0250000041
v -0.388097018 -0.24500002 0.0345670879
v -0.382677674 -0.24500002 0.0426776707
v -0.388097018 -0.254567116 0.0250000041
v -0.385800302 -0.254806876 0.0348068476
v -0.381406367 -0.254309267 0.0414063632
v -0.379433781 -0.259433776 0.0394337587
v -0.36500001 -0.254567116 0.0480969921
v -0.36500001 -0.26267767 0.0426776707
v -0.374567091 -0.24500002 0.0480969921
v -0.374806851 -0.254806876 0.0458002798
v -0.374309272 -0.261406362 0.0414063632
v -0.374567091 -0.268097013 0.0250000041
v -0.382677674 -0.26267767 0.0250000041
v -0.36500001 -0.268097013 0.0345670879
v -0.374806851 -0.265800297 0.0348068476
v -0.381406367 -0.261406362 0.0343092643
v 0.36499998 -0.270000011 0.0250000022
v 0.36499998 -0.24500002 0.0500000007
v 0.389999986 -0.24500002 0.0250000041
v 0.36499995 -0.268097013 0.0345670879
v 0.36499995 -0.26267767 0.0426776707
v 0.374567032 -0.268097013 0.0250000022
v 0.374806792 -0.265800297 0.0348068476
v 0.374309212 -0.261406362 0.0414063632
v 0.379433721 -0.259433776 0.0394337587
v 0.374567032 -0.24500002 0.0480969921
v 0.382677615 -0.24500002 0.0426776707
v 0.36499995 -0.254567116 0.0480969921
v 0.374806792 -0.254806876 0.0458002761
v 0.381406307 -0.254309267 0.0414063632
v 0.388096958 -0.254567116 0.0250000041
v 0.382677615 -0.26267767 0.0250000022
v 0.388096958 -0.24500002 0.0345670916
v 0.385800242 -0.254806876 0.0348068476
v 0.381406307 -0.261406362 0.0343092643
v 0.36499998 0.24500002 0.0500000007
v 0.36499998 0.270000011 0.0250000041
v 0.389999986 0.24500002 0.0250000041
v 0.36499995 0.254567116 0.0480969921
v 0.36499995 0.26267767 0.0426776707
v 0.374567032 0.24500002 0.0480969921
v 0.374806792 0.254806876 0.0458002798
v 0.374309212 0.261406362 0.0414063632
v 0.379433721 0.259433776 0.0394337624
v 0.374567032 0.268097013 0.0250000041
v 0.382677615 0.26267767 0.0250000041
v 0.36499995 0.268097013 0.0345670879
v 0.374806792 0.265800297 0.0348068476
v 0.381406307 0.261406362 0.0343092643
v 0.388096958 0.24500002 0.0345670879
v 0.382677615 0.24500002 0.0426776707
v 0.388096958 0.254567116 0.0250000041
v 0.385800242 0.254806876 0.0348068476
v 0.381406307 0.254309267 0.0414063632
v -0.389999986 0.24500002 0.0250000041
v -0.36499998 0.270000011 0.0250000022
v -0.36499998 0.24500002 0.0500000007
v -0.388097018 0.254567116 0.0250000041
v -0.382677674 0.26267767 0.0250000022
v -0.388097018 0.24500002 0.0345670916
v -0.385800302 0.254806876 0.0348068476
v -0.381406367 0.261406362 0.0343092643
v -0.379433781 0.259433776 0.0394337587
v -0.36500001 0.268097013 0.0345670879
v -0.36500001 0.26267767 0.0426776707
v -0.374567091 0.268097013 0.0250000022
v -0.374806851 0.265800297 0.0348068476
v -0.374309272 0.261406362 0.0414063632
v -0.374567091 0.24500002 0.0480969921
v -0.382677674 0.24500002 0.0426776707
v -0.36500001 0.254567116 0.0480969921
v -0.374806851 0.254806876 0.0458002761
v -0.381406367 0.254309267 0.0414063632
usemtl brushed_light_silver_003
f 59 134 77 3
f 2 22 40 60
f 39 116 135 58
f 78 136 115 97
f 21 98 117 41
f 1 4 7 6
f 4 5 8 7
f 6 7 19 16
f 7 8 9 19
f 2 10 13 12
f 10 11 14 13
f 12 13 8 5
f 13 14 9 8
f 3 15 18 17
f 15 16 19 18
f 17 18 14 11
f 18 19 9 14
f 20 23 26 25
f 23 24 27 26
f 25 26 38 35
f 26 27 28 38
f 21 29 32 31
f 29 30 33 32
f 31 32 27 24
f 32 33 28 27
f 22 34 37 36
f 34 35 38 37
f 36 37 33 30
f 37 38 28 33
f 39 42 45 44
f 42 43 46 45
f 44 45 57 54
f 45 46 47 57
f 40 48 51 50
f 48 49 52 51
f 50 51 46 43
f 51 52 47 46
f 41 53 56 55
f 53 54 57 56
f 55 56 52 49
f 56 57 47 52
f 58 61 64 63
f 61 62 65 64
f 63 64 76 73
f 64 65 66 76
f 59 67 70 69
f 67 68 71 70
f 69 70 65 62
f 70 71 66 65
f 60 72 75 74
f 72 73 76 75
f 74 75 71 68
f 75 76 66 71
f 77 80 83 82
f 80 81 84 83
f 82 83 95 92
f 83 84 85 95
f 78 86 89 88
f 86 87 90 89
f 88 89 84 81
f 89 90 85 84
f 79 91 94 93
f 91 92 95 94
f 93 94 90 87
f 94 95 85 90
f 96 99 102 101
f 99 100 103 102
f 101 102 114 111
f 102 103 104 114
f 97 105 108 107
f 105 106 109 108
f 107 108 103 100
f 108 109 104 103
f 98 110 113 112
f 110 111 114 113
f 112 113 109 106
f 113 114 104 109
f 115 118 121 120
f 118 119 122 121
f 120 121 133 130
f 121 122 123 133
f 116 124 127 126
f 124 125 128 127
f 126 127 122 119
f 127 128 123 122
f 117 129 132 131
f 129 130 133 132
f 131 132 128 125
f 132 133 123 128
f 134 137 140 139
f 137 138 141 140
f 139 140 152 149
f 140 141 142 152
f 135 143 146 145
f 143 144 147 146
f 145 146 141 138
f 146 147 142 141
f 136 148 151 150
f 148 149 152 151
f 150 151 147 144
f 151 152 142 147
f 39 58 63 42
f 42 63 73 43
f 43 73 72 50
f 50 72 60 40
f 1 20 25 4
f 4 25 35 5
f 5 35 34 12
f 12 34 22 2
f 21 41 55 29
f 29 55 49 30
f 30 49 48 36
f 36 48 40 22
f 2 60 74 10
f 10 74 68 11
f 11 68 67 17
f 17 67 59 3
f 3 77 82 15
f 15 82 92 16
f 16 92 91 6
f 6 91 79 1
f 78 97 107 86
f 86 107 100 87
f 87 100 99 93
f 93 99 96 79
f 97 115 120 105
f 105 120 130 106
f 106 130 129 112
f 112 129 117 98
f 77 134 139 80
f 80 139 149 81
f 81 149 148 88
f 88 148 136 78
f 20 96 101 23
f 23 101 111 24
f 24 111 110 31
f 31 110 98 21
f 41 117 131 53
f 53 131 125 54
f 54 125 124 44
f 44 124 116 39
f 115 136 150 118
f 118 150 144 119
f 119 144 143 126
f 126 143 135 116
f 58 135 145 61
f 61 145 138 62
f 62 138 137 69
f 69 137 134 59
f 1 79 96 20

g keyboard_deck_plate_SOLID
v -0.347000003 -0.0524999946 0.0529999994
v -0.347000003 -0.0494999886 0.0500000007
v -0.349999994 -0.0494999886 0.0529999994
v -0.347000003 -0.0522716194 0.0518519469
v -0.347000003 -0.051621303 0.0508786775
v -0.348148048 -0.0522716194 0.0529999994
v -0.348176807 -0.0519960076 0.0518231764
v -0.348117113 -0.0514687449 0.0510312356
v -0.348732054 -0.051232025 0.051267948
v -0.348148048 -0.0494999737 0.050228361
v -0.349121302 -0.0494999737 0.0508786775
v -0.347000003 -0.0506480336 0.050228361
v -0.348176807 -0.0506767929 0.0505039655
v -0.348968774 -0.0506170839 0.0510312356
v -0.349771619 -0.0506480336 0.0529999994
v -0.349121302 -0.051621303 0.0529999994
v -0.349771619 -0.0494999737 0.0518519469
v -0.349496037 -0.0506767929 0.0518231764
v -0.348968774 -0.0514687449 0.0518828891
v 0.347000003 -0.0524999946 0.0529999994
v 0.349999994 -0.0494999886 0.0529999994
v 0.347000003 -0.0494999886 0.0500000007
v 0.348148048 -0.0522716194 0.0529999994
v 0.349121302 -0.051621303 0.0529999994
v 0.347000003 -0.0522716194 0.0518519469
v 0.348176807 -0.0519960076 0.0518231764
v 0.348968774 -0.0514687449 0.0518828891
v 0.348732054 -0.051232025 0.051267948
v 0.349771619 -0.0494999737 0.0518519469
v 0.349121302 -0.0494999737 0.0508786775
v 0.349771619 -0.0506480336 0.0529999994
v 0.349496037 -0.0506767929 0.0518231764
v 0.348968774 -0.0506170839 0.0510312356
v 0.347000003 -0.0506480336 0.050228361
v 0.347000003 -0.051621303 0.0508786775
v 0.348148048 -0.0494999737 0.050228361
v 0.348176807 -0.0506767929 0.0505039655
v 0.348117113 -0.0514687449 0.0510312356
v 0.347000003 0.212499991 0.0529999994
v 0.347000003 0.209499985 0.0500000007
v 0.349999994 0.209499985 0.0529999994
v 0.347000003 0.212271616 0.0518519469
v 0.347000003 0.211621299 0.0508786775
v 0.348148048 0.212271616 0.0529999994
v 0.348176807 0.211996004 0.0518231764
v 0.348117113 0.211468741 0.0510312356
v 0.348732054 0.211232021 0.051267948
v 0.348148048 0.20949997 0.050228361
v 0.349121302 0.20949997 0.0508786775
v 0.347000003 0.21064803 0.050228361
v 0.348176807 0.210676789 0.0505039655
v 0.348968774 0.21061708 0.0510312356
v 0.349771619 0.21064803 0.0529999994
v 0.349121302 0.211621299 0.0529999994
v 0.349771619 0.20949997 0.0518519469
v 0.349496037 0.210676789 0.0518231764
v 0.348968774 0.211468741 0.0518828891
v -0.347000003 0.212499991 0.0529999994
v -0.349999994 0.209499985 0.0529999994
v -0.347000003 0.209499985 0.0500000007
v -0.348148048 0.212271616 0.0529999994
v -0.349121302 0.211621299 0.0529999994
v -0.347000003 0.212271616 0.0518519469
v -0.348176807 0.211996004 0.0518231764
v -0.348968774 0.211468741 0.0518828891
v -0.348732054 0.211232021 0.051267948
v -0.349771619 0.20949997 0.0518519469
v -0.349121302 0.20949997 0.0508786775
v -0.349771619 0.21064803 0.0529999994
v -0.349496037 0.210676789 0.0518231764
v -0.348968774 0.21061708 0.0510312356
v -0.347000003 0.21064803 0.050228361
v -0.347000003 0.211621299 0.0508786775
v -0.348148048 0.20949997 0.050228361
v -0.348176807 0.210676789 0.0505039655
v -0.348117113 0.211468741 0.0510312356
v -0.349999994 -0.0494999886 0.0529999994
v -0.347000003 -0.0494999886 0.055999998
v -0.347000003 -0.0524999946 0.0529999994
v -0.349771619 -0.0494999886 0.0541480519
v -0.349121302 -0.0494999886 0.0551213212
v -0.349771619 -0.0506480485 0.0529999994
v -0.349496037 -0.0506768078 0.0541768223
v -0.348968774 -0.0506170988 0.0549687631
v -0.348732054 -0.0512320399 0.0547320507
v -0.347000003 -0.0506480485 0.0557716377
v -0.347000003 -0.0516213179 0.0551213212
v -0.348148048 -0.0494999886 0.0557716377
v -0.348176807 -0.0506768078 0.0554960333
v -0.348117113 -0.0514687598 0.0549687631
v -0.348148048 -0.0522716343 0.0529999994
v -0.349121302 -0.0516213179 0.0529999994
v -0.347000003 -0.0522716343 0.0541480519
v -0.348176807 -0.0519960225 0.0541768223
v -0.348968774 -0.0514687598 0.0541171096
v 0.347000003 -0.0524999946 0.0529999994
v 0.347000003 -0.0494999886 0.055999998
v 0.349999994 -0.0494999886 0.0529999994
v 0.347000003 -0.0522716194 0.0541480519
v 0.347000003 -0.051621303 0.0551213212
v 0.348148048 -0.0522716194 0.0529999994
v 0.348176807 -0.0519960076 0.0541768223
v 0.348117113 -0.0514687449 0.0549687631
v 0.348732054 -0.051232025 0.0547320507
v 0.348148048 -0.0494999737 0.0557716377
v 0.349121302 -0.0494999737 0.0551213212
v 0.347000003 -0.0506480336 0.0557716377
v 0.348176807 -0.0506767929 0.0554960333
v 0.348968774 -0.0506170839 0.0549687631
v 0.349771619 -0.0506480336 0.0529999994
v 0.349121302 -0.051621303 0.0529999994
v 0.349771619 -0.0494999737 0.0541480519
v 0.349496037 -0.0506767929 0.0541768223
v 0.348968774 -0.0514687449 0.0541171096
v 0.347000003 0.209499985 0.055999998
v 0.347000003 0.212499991 0.0529999994
v 0.349999994 0.209499985 0.0529999994
v 0.347000003 0.21064803 0.0557716377
v 0.347000003 0.211621299 0.0551213212
v 0.348148048 0.20949997 0.0557716377
v 0.348176807 0.210676789 0.0554960333
v 0.348117113 0.211468741 0.0549687631
v 0.348732054 0.211232021 0.0547320507
v 0.348148048 0.212271616 0.0529999994
v 0.349121302 0.211621299 0.0529999994
v 0.347000003 0.212271616 0.0541480519
v 0.348176807 0.211996004 0.0541768223
v 0.348968774 0.211468741 0.0541171096
v 0.349771619 0.20949997 0.0541480519
v 0.349121302 0.20949997 0.0551213212
v 0.349771619 0.21064803 0.0529999994
v 0.349496037 0.210676789 0.0541768223
v 0.348968774 0.21061708 0.0549687631
v -0.349999994 0.209499985 0.0529999994
v -0.347000003 0.212499991 0.0529999994
v -0.347000003 0.209499985 0.055999998
v -0.349771619 0.21064803 0.0529999994
v -0.349121302 0.211621299 0.0529999994
v -0.349771619 0.20949997 0.0541480519
v -0.349496037 0.210676789 0.0541768223
v -0.348968774 0.211468741 0.0541171096
v -0.348732054 0.211232021 0.0547320507
v -0.347000003 0.212271616 0.0541480519
v -0.347000003 0.211621299 0.0551213212
v -0.348148048 0.212271616 0.0529999994
v -0.348176807 0.211996004 0.0541768223
v -0.348117113 0.211468741 0.0549687631
v -0.348148048 0.20949997 0.0557716377
v -0.349121302 0.20949997 0.0551213212
v -0.347000003 0.21064803 0.0557716377
v -0.348176807 0.210676789 0.0554960333
v -0.348968774 0.21061708 0.0549687631
usemtl shadowed_silver_edge_003
f 211 286 229 155
f 154 174 192 212
f 191 268 287 210
f 230 288 267 249
f 173 250 269 193
f 153 156 159 158
f 156 157 160 159
f 158 159 171 168
f 159 160 161 171
f 154 162 165 164
f 162 163 166 165
f 164 165 160 157
f 165 166 161 160
f 155 167 170 169
f 167 168 171 170
f 169 170 166 163
f 170 171 161 166
f 172 175 178 177
f 175 176 179 178
f 177 178 190 187
f 178 179 180 190
f 173 181 184 183
f 181 182 185 184
f 183 184 179 176
f 184 185 180 179
f 174 186 189 188
f 186 187 190 189
f 188 189 185 182
f 189 190 180 185
f 191 194 197 196
f 194 195 198 197
f 196 197 209 206
f 197 198 199 209
f 192 200 203 202
f 200 201 204 203
f 202 203 198 195
f 203 204 199 198
f 193 205 208 207
f 205 206 209 208
f 207 208 204 201
f 208 209 199 204
f 210 213 216 215
f 213 214 217 216
f 215 216 228 225
f 216 217 218 228
f 211 219 222 221
f 219 220 223 222
f 221 222 217 214
f 222 223 218 217
f 212 224 227 226
f 224 225 228 227
f 226 227 223 220
f 227 228 218 223
f 229 232 235 234
f 232 233 236 235
f 234 235 247 244
f 235 236 237 247
f 230 238 241 240
f 238 239 242 241
f 240 241 236 233
f 241 242 237 236
f 231 243 246 245
f 243 244 247 246
f 245 246 242 239
f 246 247 237 242
f 248 251 254 253
f 251 252 255 254
f 253 254 266 263
f 254 255 256 266
f 249 257 260 259
f 257 258 261 260
f 259 260 255 252
f 260 261 256 255
f 250 262 265 264
f 262 263 266 265
f 264 265 261 258
f 265 266 256 261
f 267 270 273 272
f 270 271 274 273
f 272 273 285 282
f 273 274 275 285
f 268 276 279 278
f 276 277 280 279
f 278 279 274 271
f 279 280 275 274
f 269 281 284 283
f 281 282 285 284
f 283 284 280 277
f 284 285 275 280
f 286 289 292 291
f 289 290 293 292
f 291 292 304 301
f 292 293 294 304
f 287 295 298 297
f 295 296 299 298
f 297 298 293 290
f 298 299 294 293
f 288 300 303 302
f 300 301 304 303
f 302 303 299 296
f 303 304 294 299
f 191 210 215 194
f 194 215 225 195
f 195 225 224 202
f 202 224 212 192
f 153 172 177 156
f 156 177 187 157
f 157 187 186 164
f 164 186 174 154
f 173 193 207 181
f 181 207 201 182
f 182 201 200 188
f 188 200 192 174
f 154 212 226 162
f 162 226 220 163
f 163 220 219 169
f 169 219 211 155
f 155 229 234 167
f 167 234 244 168
f 168 244 243 158
f 158 243 231 153
f 230 249 259 238
f 238 259 252 239
f 239 252 251 245
f 245 251 248 231
f 249 267 272 257
f 257 272 282 258
f 258 282 281 264
f 264 281 269 250
f 229 286 291 232
f 232 291 301 233
f 233 301 300 240
f 240 300 288 230
f 172 248 253 175
f 175 253 263 176
f 176 263 262 183
f 183 262 250 173
f 193 269 283 205
f 205 283 277 206
f 206 277 276 196
f 196 276 268 191
f 267 288 302 270
f 270 302 296 271
f 271 296 295 278
f 278 295 287 268
f 210 287 297 213
f 213 297 290 214
f 214 290 289 221
f 221 289 286 211
f 153 231 248 172

g front_case_shadow_line_SOLID
v -0.274000019 -0.273000002 0.0530000031
v -0.274000019 -0.272000015 0.0520000011
v -0.275000006 -0.272000015 0.0530000031
v -0.274000049 -0.272707105 0.0522928946
v -0.274577379 -0.272577375 0.0524226502
v -0.274707139 -0.272000015 0.0522928946
v -0.274707139 -0.272707105 0.0530000031
v 0.274000019 -0.273000002 0.0530000031
v 0.275000006 -0.272000015 0.0530000031
v 0.274000019 -0.272000015 0.0520000011
v 0.274707139 -0.272707105 0.0529999994
v 0.274577379 -0.272577375 0.0524226502
v 0.274707139 -0.272000015 0.0522928946
v 0.274000049 -0.272707105 0.0522928946
v 0.274000019 -0.26700002 0.0530000031
v 0.274000019 -0.268000007 0.0520000011
v 0.275000006 -0.268000007 0.0530000031
v 0.274000049 -0.267292917 0.0522928946
v 0.274577379 -0.267422646 0.0524226502
v 0.274707139 -0.268000007 0.0522928946
v 0.274707139 -0.267292917 0.0530000031
v -0.274000019 -0.26700002 0.0530000031
v -0.275000006 -0.268000007 0.0530000031
v -0.274000019 -0.268000007 0.0520000011
v -0.274707139 -0.267292917 0.0529999994
v -0.274577379 -0.267422646 0.0524226502
v -0.274707139 -0.268000007 0.0522928946
v -0.274000049 -0.267292917 0.0522928946
v -0.275000006 -0.272000015 0.0549999997
v -0.274000019 -0.272000015 0.0560000017
v -0.274000019 -0.273000002 0.0549999997
v -0.274707139 -0.272000015 0.0557071082
v -0.274577379 -0.272577375 0.0555773526
v -0.274000049 -0.272707105 0.0557071082
v -0.274707139 -0.272707105 0.0549999997
v 0.274000019 -0.273000002 0.0549999997
v 0.274000019 -0.272000015 0.0560000017
v 0.275000006 -0.272000015 0.0549999997
v 0.274000049 -0.272707105 0.0557071082
v 0.274577379 -0.272577375 0.0555773526
v 0.274707139 -0.272000015 0.0557071082
v 0.274707139 -0.272707105 0.0549999997
v 0.274000019 -0.268000007 0.0560000017
v 0.274000019 -0.26700002 0.0549999997
v 0.275000006 -0.268000007 0.0549999997
v 0.274000049 -0.267292917 0.0557071082
v 0.274577379 -0.267422646 0.0555773526
v 0.274707139 -0.267292917 0.0549999997
v 0.274707139 -0.268000007 0.0557071082
v -0.275000006 -0.268000007 0.0549999997
v -0.274000019 -0.26700002 0.0549999997
v -0.274000019 -0.268000007 0.0560000017
v -0.274707139 -0.267292917 0.0549999997
v -0.274577379 -0.267422646 0.0555773526
v -0.274000049 -0.267292917 0.0557071082
v -0.274707139 -0.268000007 0.0557071082
usemtl shadowed_silver_edge_003
f 327 354 333 307
f 306 314 320 328
f 319 348 355 326
f 334 356 347 341
f 313 342 349 321
f 305 308 309 311
f 306 310 309 308
f 307 311 309 310
f 312 315 316 318
f 313 317 316 315
f 314 318 316 317
f 319 322 323 325
f 320 324 323 322
f 321 325 323 324
f 326 329 330 332
f 327 331 330 329
f 328 332 330 331
f 333 336 337 339
f 334 338 337 336
f 335 339 337 338
f 340 343 344 346
f 341 345 344 343
f 342 346 344 345
f 347 350 351 353
f 348 352 351 350
f 349 353 351 352
f 354 357 358 360
f 355 359 358 357
f 356 360 358 359
f 319 326 332 322
f 322 332 328 320
f 305 312 318 308
f 308 318 314 306
f 313 321 324 317
f 317 324 320 314
f 306 328 331 310
f 310 331 327 307
f 307 333 339 311
f 311 339 335 305
f 334 341 343 338
f 338 343 340 335
f 341 347 353 345
f 345 353 349 342
f 333 354 360 336
f 336 360 356 334
f 312 340 346 315
f 315 346 342 313
f 321 349 352 325
f 325 352 348 319
f 347 356 359 350
f 350 359 355 348
f 326 355 357 329
f 329 357 354 327
f 305 335 340 312

g display_hinge_left_SOLID
v -0.317499995 0.278496772 0.0540000051
v -0.315999985 0.280000001 0.0540000051
v -0.317060679 0.279559702 0.0540000051
v -0.172500014 0.278496772 0.0539999977
v -0.17400001 0.280000001 0.0539999977
v -0.17293933 0.279559702 0.0539999977
v -0.317499995 0.278355658 0.0518467501
v -0.315999985 0.279846013 0.0516505316
v -0.317060679 0.279409498 0.0517080054
v -0.172500014 0.278355658 0.0518467426
v -0.17400001 0.279846013 0.0516505279
v -0.17293933 0.279409498 0.0517079979
v -0.317499995 0.27793467 0.0497303195
v -0.315999985 0.279386669 0.0493412614
v -0.317060679 0.27896139 0.0494552143
v -0.172500014 0.27793467 0.0497303121
v -0.17400001 0.279386669 0.0493412539
v -0.17293933 0.27896139 0.0494552068
v -0.317499995 0.277241021 0.0476869605
v -0.315999985 0.278629839 0.0471117012
v -0.317060679 0.278223068 0.0472801924
v -0.172500014 0.277241021 0.0476869531
v -0.17400001 0.278629839 0.0471116975
v -0.17293933 0.278223068 0.0472801849
v -0.317499995 0.276286632 0.0457516126
v -0.315999985 0.277588457 0.0450000055
v -0.317060679 0.277207166 0.0452201441
v -0.172500014 0.276286632 0.0457516089
v -0.17400001 0.277588457 0.0449999981
v -0.17293933 0.277207166 0.0452201404
v -0.317499995 0.275087774 0.0439574048
v -0.315999985 0.276280344 0.0430422984
v -0.317060679 0.27593106 0.0433103293
v -0.172500014 0.275087774 0.0439573973
v -0.17400001 0.276280344 0.0430422947
v -0.17293933 0.27593106 0.0433103219
v -0.317499995 0.273664981 0.0423350185
v -0.315999985 0.274727911 0.0412720814
v -0.317060679 0.274416596 0.0415834114
v -0.172500014 0.273664981 0.0423350148
v -0.17400001 0.274727911 0.0412720777
v -0.17293933 0.274416596 0.0415834039
v -0.317499995 0.272042602 0.0409122258
v -0.315999985 0.272957712 0.0397196449
v -0.317060679 0.27268967 0.0400689431
v -0.172500014 0.272042602 0.0409122184
v -0.17400001 0.272957712 0.0397196412
v -0.17293933 0.27268967 0.0400689393
v -0.317499995 0.270248383 0.0397133753
v -0.315999985 0.270999998 0.0384115465
v -0.317060679 0.270779848 0.0387928411
v -0.172500014 0.270248383 0.0397133678
v -0.17400001 0.270999998 0.0384115428
v -0.17293933 0.270779848 0.0387928374
v -0.317499995 0.26831305 0.0387589708
v -0.315999985 0.268888295 0.0373701751
v -0.317060679 0.268719822 0.037776947
v -0.172500014 0.26831305 0.0387589596
v -0.17400001 0.268888295 0.0373701677
v -0.17293933 0.268719822 0.0377769358
v -0.317499995 0.266269684 0.0380653404
v -0.315999985 0.266658723 0.0366133414
v -0.317060679 0.266544789 0.0370386243
v -0.172500014 0.266269684 0.0380653329
v -0.17400001 0.266658723 0.036613334
v -0.17293933 0.266544789 0.0370386168
v -0.317499995 0.264153242 0.0376443565
v -0.315999985 0.264349461 0.0361539982
v -0.317060679 0.264292002 0.0365905128
v -0.172500014 0.264153242 0.037644349
v -0.17400001 0.264349461 0.0361539908
v -0.17293933 0.264292002 0.0365905054
v -0.317499995 0.261999995 0.0375032239
v -0.315999985 0.261999995 0.0360000059
v -0.317060679 0.261999995 0.0364402905
v -0.172500014 0.261999995 0.0375032164
v -0.17400001 0.261999995 0.0359999985
v -0.17293933 0.261999995 0.0364402831
v -0.317499995 0.259846747 0.0376443565
v -0.315999985 0.259650528 0.0361539982
v -0.317060679 0.259707987 0.0365905128
v -0.172500014 0.259846747 0.037644349
v -0.17400001 0.259650528 0.0361539908
v -0.17293933 0.259707987 0.0365905054
v -0.317499995 0.257730305 0.0380653404
v -0.315999985 0.257341266 0.0366133414
v -0.317060679 0.2574552 0.0370386243
v -0.172500014 0.257730305 0.0380653329
v -0.17400001 0.257341266 0.036613334
v -0.17293933 0.2574552 0.0370386168
v -0.317499995 0.255686939 0.0387589708
v -0.315999985 0.255111694 0.0373701751
v -0.317060679 0.255280167 0.037776947
v -0.172500014 0.255686939 0.0387589596
v -0.17400001 0.255111694 0.0373701677
v -0.17293933 0.255280167 0.0377769358
v -0.317499995 0.253751606 0.0397133753
v -0.315999985 0.252999991 0.0384115465
v -0.317060679 0.253220141 0.0387928411
v -0.172500014 0.253751606 0.0397133678
v -0.17400001 0.252999991 0.0384115428
v -0.17293933 0.253220141 0.0387928374
v -0.317499995 0.251957387 0.0409122258
v -0.315999985 0.251042277 0.0397196449
v -0.317060679 0.251310319 0.0400689431
v -0.172500014 0.251957387 0.0409122184
v -0.17400001 0.251042277 0.0397196412
v -0.17293933 0.251310319 0.0400689393
v -0.317499995 0.250335008 0.0423350185
v -0.315999985 0.249272078 0.0412720814
v -0.317060679 0.249583393 0.0415834114
v -0.172500014 0.250335008 0.0423350148
v -0.17400001 0.249272078 0.0412720777
v -0.17293933 0.249583393 0.0415834039
v -0.317499995 0.248912215 0.0439574048
v -0.315999985 0.247719631 0.0430422984
v -0.317060679 0.248068929 0.0433103293
v -0.172500014 0.248912215 0.0439573973
v -0.17400001 0.247719631 0.0430422947
v -0.17293933 0.248068929 0.0433103219
v -0.317499995 0.247713357 0.0457516126
v -0.315999985 0.246411532 0.0450000055
v -0.317060679 0.246792838 0.0452201441
v -0.172500014 0.247713357 0.0457516089
v -0.17400001 0.246411532 0.0449999981
v -0.17293933 0.246792838 0.0452201404
v -0.317499995 0.246758953 0.0476869568
v -0.315999985 0.245370165 0.0471117012
v -0.317060679 0.245776936 0.0472801924
v -0.172500014 0.246758953 0.0476869531
v -0.17400001 0.245370165 0.0471116975
v -0.17293933 0.245776936 0.0472801849
v -0.317499995 0.246065333 0.0497303195
v -0.315999985 0.244613335 0.0493412614
v -0.317060679 0.245038614 0.0494552143
v -0.172500014 0.246065333 0.0497303121
v -0.17400001 0.244613335 0.0493412539
v -0.17293933 0.245038614 0.0494552068
v -0.317499995 0.245644346 0.0518467501
v -0.315999985 0.244153991 0.0516505316
v -0.317060679 0.244590506 0.0517080054
v -0.172500014 0.245644346 0.0518467426
v -0.17400001 0.244153991 0.0516505279
v -0.17293933 0.244590506 0.0517079979
v -0.317499995 0.245503217 0.0540000051
v -0.315999985 0.243999988 0.0540000051
v -0.317060679 0.244440272 0.0540000051
v -0.172500014 0.245503217 0.0539999977
v -0.17400001 0.243999988 0.0539999977
v -0.17293933 0.244440272 0.0539999977
v -0.317499995 0.245644346 0.0561532602
v -0.315999985 0.244153991 0.0563494749
v -0.317060679 0.244590506 0.0562920049
v -0.172500014 0.245644346 0.0561532527
v -0.17400001 0.244153991 0.0563494712
v -0.17293933 0.244590506 0.0562919974
v -0.317499995 0.246065333 0.0582696907
v -0.315999985 0.244613335 0.0586587489
v -0.317060679 0.245038614 0.058544796
v -0.172500014 0.246065333 0.0582696833
v -0.17400001 0.244613335 0.0586587414
v -0.17293933 0.245038614 0.0585447885
v -0.317499995 0.246758953 0.0603130497
v -0.315999985 0.245370165 0.0608883053
v -0.317060679 0.245776936 0.0607198179
v -0.172500014 0.246758953 0.060313046
v -0.17400001 0.245370165 0.0608883016
v -0.17293933 0.245776936 0.0607198104
v -0.317499995 0.247713357 0.0622483939
v -0.315999985 0.246411532 0.063000001
v -0.317060679 0.246792838 0.0627798662
v -0.172500014 0.247713357 0.0622483902
v -0.17400001 0.246411532 0.063000001
v -0.17293933 0.246792838 0.0627798587
v -0.317499995 0.248912215 0.0640426055
v -0.315999985 0.247719631 0.0649577081
v -0.317060679 0.248068929 0.0646896809
v -0.172500014 0.248912215 0.064042598
v -0.17400001 0.247719631 0.0649577007
v -0.17293933 0.248068929 0.0646896735
v -0.317499995 0.250335008 0.0656649917
v -0.315999985 0.249272078 0.0667279214
v -0.317060679 0.249583393 0.0664165989
v -0.172500014 0.250335008 0.0656649843
v -0.17400001 0.249272078 0.0667279214
v -0.17293933 0.249583393 0.0664165914
v -0.317499995 0.251957387 0.0670877844
v -0.315999985 0.251042277 0.0682803616
v -0.317060679 0.251310319 0.0679310635
v -0.172500014 0.251957387 0.067087777
v -0.17400001 0.251042277 0.0682803541
v -0.17293933 0.251310319 0.067931056
v -0.317499995 0.253751606 0.068286635
v -0.315999985 0.252999991 0.06958846
v -0.317060679 0.253220141 0.0692071617
v -0.172500014 0.253751606 0.0682866275
v -0.17400001 0.252999991 0.0695884526
v -0.17293933 0.253220141 0.0692071617
v -0.317499995 0.255686939 0.0692410395
v -0.315999985 0.255111694 0.0706298351
v -0.317060679 0.255280167 0.0702230632
v -0.172500014 0.255686939 0.069241032
v -0.17400001 0.255111694 0.0706298277
v -0.17293933 0.255280167 0.0702230558
v -0.317499995 0.257730305 0.0699346662
v -0.315999985 0.257341266 0.0713866651
v -0.317060679 0.2574552 0.070961386
v -0.172500014 0.257730305 0.0699346662
v -0.17400001 0.257341266 0.0713866651
v -0.17293933 0.2574552 0.0709613785
v -0.317499995 0.259846747 0.0703556538
v -0.315999985 0.259650528 0.0718460083
v -0.317060679 0.259707987 0.0714094937
v -0.172500014 0.259846747 0.0703556463
v -0.17400001 0.259650528 0.0718460083
v -0.17293933 0.259707987 0.0714094937
v -0.317499995 0.261999995 0.0704967827
v -0.315999985 0.261999995 0.0720000044
v -0.317060679 0.261999995 0.0715597197
v -0.172500014 0.261999995 0.0704967827
v -0.17400001 0.261999995 0.0719999969
v -0.17293933 0.261999995 0.0715597123
v -0.317499995 0.264153242 0.0703556538
v -0.315999985 0.264349461 0.0718460083
v -0.317060679 0.264292002 0.0714094937
v -0.172500014 0.264153242 0.0703556463
v -0.17400001 0.264349461 0.0718460083
v -0.17293933 0.264292002 0.0714094937
v -0.317499995 0.266269684 0.0699346662
v -0.315999985 0.266658723 0.0713866651
v -0.317060679 0.266544789 0.070961386
v -0.172500014 0.266269684 0.0699346662
v -0.17400001 0.266658723 0.0713866651
v -0.17293933 0.266544789 0.0709613785
v -0.317499995 0.26831305 0.0692410395
v -0.315999985 0.268888295 0.0706298351
v -0.317060679 0.268719822 0.0702230632
v -0.172500014 0.26831305 0.069241032
v -0.17400001 0.268888295 0.0706298277
v -0.17293933 0.268719822 0.0702230558
v -0.317499995 0.270248383 0.068286635
v -0.315999985 0.270999998 0.06958846
v -0.317060679 0.270779848 0.0692071617
v -0.172500014 0.270248383 0.0682866275
v -0.17400001 0.270999998 0.0695884526
v -0.17293933 0.270779848 0.0692071617
v -0.317499995 0.272042602 0.0670877844
v -0.315999985 0.272957712 0.0682803616
v -0.317060679 0.27268967 0.0679310635
v -0.172500014 0.272042602 0.067087777
v -0.17400001 0.272957712 0.0682803541
v -0.17293933 0.27268967 0.067931056
v -0.317499995 0.273664981 0.0656649917
v -0.315999985 0.274727911 0.0667279214
v -0.317060679 0.274416596 0.0664165989
v -0.172500014 0.273664981 0.0656649843
v -0.17400001 0.274727911 0.0667279214
v -0.17293933 0.274416596 0.0664165914
v -0.317499995 0.275087774 0.0640426055
v -0.315999985 0.276280344 0.0649577081
v -0.317060679 0.27593106 0.0646896809
v -0.172500014 0.275087774 0.064042598
v -0.17400001 0.276280344 0.0649577007
v -0.17293933 0.27593106 0.0646896735
v -0.317499995 0.276286632 0.0622483939
v -0.315999985 0.277588457 0.063000001
v -0.317060679 0.277207166 0.0627798662
v -0.172500014 0.276286632 0.0622483902
v -0.17400001 0.277588457 0.063000001
v -0.17293933 0.277207166 0.0627798587
v -0.317499995 0.277241021 0.0603130497
v -0.315999985 0.278629839 0.0608883053
v -0.317060679 0.278223068 0.0607198179
v -0.172500014 0.277241021 0.0603130423
v -0.17400001 0.278629839 0.0608883016
v -0.17293933 0.278223068 0.0607198104
v -0.317499995 0.27793467 0.0582696907
v -0.315999985 0.279386669 0.0586587489
v -0.317060679 0.27896139 0.058544796
v -0.172500014 0.27793467 0.0582696833
v -0.17400001 0.279386669 0.0586587414
v -0.17293933 0.27896139 0.0585447885
v -0.317499995 0.278355658 0.0561532602
v -0.315999985 0.279846013 0.0563494749
v -0.317060679 0.279409498 0.0562920049
v -0.172500014 0.278355658 0.0561532527
v -0.17400001 0.279846013 0.0563494712
v -0.17293933 0.279409498 0.0562919974
usemtl shadowed_silver_edge_003
f 644 647 365 362
f 374 377 383 380
f 380 383 389 386
f 386 389 395 392
f 392 395 401 398
f 398 401 407 404
f 404 407 413 410
f 410 413 419 416
f 416 419 425 422
f 422 425 431 428
f 428 431 437 434
f 434 437 443 440
f 440 443 449 446
f 446 449 455 452
f 452 455 461 458
f 458 461 467 464
f 464 467 473 470
f 470 473 479 476
f 476 479 485 482
f 482 485 491 488
f 488 491 497 494
f 494 497 503 500
f 500 503 509 506
f 506 509 515 512
f 512 515 521 518
f 518 521 527 524
f 524 527 533 530
f 530 533 539 536
f 536 539 545 542
f 542 545 551 548
f 548 551 557 554
f 554 557 563 560
f 560 563 569 566
f 566 569 575 572
f 572 575 581 578
f 578 581 587 584
f 584 587 593 590
f 590 593 599 596
f 596 599 605 602
f 602 605 611 608
f 608 611 617 614
f 614 617 623 620
f 620 623 629 626
f 626 629 635 632
f 632 635 641 638
f 638 641 647 644
f 368 371 377 374
f 370 364 646 640 634 628 622 616 610 604 598 592 586 580 574 568 562 556 550 544 538 532 526 520 514 508 502 496 490 484 478 472 466 460 454 448 442 436 430 424 418 412 406 400 394 388 382 376
f 362 365 371 368
f 362 368 369 363
f 363 369 367 361
f 371 365 366 372
f 372 366 364 370
f 368 374 375 369
f 369 375 373 367
f 377 371 372 378
f 378 372 370 376
f 374 380 381 375
f 375 381 379 373
f 383 377 378 384
f 384 378 376 382
f 380 386 387 381
f 381 387 385 379
f 389 383 384 390
f 390 384 382 388
f 386 392 393 387
f 387 393 391 385
f 395 389 390 396
f 396 390 388 394
f 392 398 399 393
f 393 399 397 391
f 401 395 396 402
f 402 396 394 400
f 398 404 405 399
f 399 405 403 397
f 407 401 402 408
f 408 402 400 406
f 404 410 411 405
f 405 411 409 403
f 413 407 408 414
f 414 408 406 412
f 410 416 417 411
f 411 417 415 409
f 419 413 414 420
f 420 414 412 418
f 416 422 423 417
f 417 423 421 415
f 425 419 420 426
f 426 420 418 424
f 422 428 429 423
f 423 429 427 421
f 431 425 426 432
f 432 426 424 430
f 428 434 435 429
f 429 435 433 427
f 437 431 432 438
f 438 432 430 436
f 434 440 441 435
f 435 441 439 433
f 443 437 438 444
f 444 438 436 442
f 440 446 447 441
f 441 447 445 439
f 449 443 444 450
f 450 444 442 448
f 446 452 453 447
f 447 453 451 445
f 455 449 450 456
f 456 450 448 454
f 452 458 459 453
f 453 459 457 451
f 461 455 456 462
f 462 456 454 460
f 458 464 465 459
f 459 465 463 457
f 467 461 462 468
f 468 462 460 466
f 464 470 471 465
f 465 471 469 463
f 473 467 468 474
f 474 468 466 472
f 470 476 477 471
f 471 477 475 469
f 479 473 474 480
f 480 474 472 478
f 476 482 483 477
f 477 483 481 475
f 485 479 480 486
f 486 480 478 484
f 482 488 489 483
f 483 489 487 481
f 491 485 486 492
f 492 486 484 490
f 488 494 495 489
f 489 495 493 487
f 497 491 492 498
f 498 492 490 496
f 494 500 501 495
f 495 501 499 493
f 503 497 498 504
f 504 498 496 502
f 500 506 507 501
f 501 507 505 499
f 509 503 504 510
f 510 504 502 508
f 506 512 513 507
f 507 513 511 505
f 515 509 510 516
f 516 510 508 514
f 512 518 519 513
f 513 519 517 511
f 521 515 516 522
f 522 516 514 520
f 518 524 525 519
f 519 525 523 517
f 527 521 522 528
f 528 522 520 526
f 524 530 531 525
f 525 531 529 523
f 533 527 528 534
f 534 528 526 532
f 530 536 537 531
f 531 537 535 529
f 539 533 534 540
f 540 534 532 538
f 536 542 543 537
f 537 543 541 535
f 545 539 540 546
f 546 540 538 544
f 542 548 549 543
f 543 549 547 541
f 551 545 546 552
f 552 546 544 550
f 548 554 555 549
f 549 555 553 547
f 557 551 552 558
f 558 552 550 556
f 554 560 561 555
f 555 561 559 553
f 563 557 558 564
f 564 558 556 562
f 560 566 567 561
f 561 567 565 559
f 569 563 564 570
f 570 564 562 568
f 566 572 573 567
f 567 573 571 565
f 575 569 570 576
f 576 570 568 574
f 572 578 579 573
f 573 579 577 571
f 581 575 576 582
f 582 576 574 580
f 578 584 585 579
f 579 585 583 577
f 587 581 582 588
f 588 582 580 586
f 584 590 591 585
f 585 591 589 583
f 593 587 588 594
f 594 588 586 592
f 590 596 597 591
f 591 597 595 589
f 599 593 594 600
f 600 594 592 598
f 596 602 603 597
f 597 603 601 595
f 605 599 600 606
f 606 600 598 604
f 602 608 609 603
f 603 609 607 601
f 611 605 606 612
f 612 606 604 610
f 608 614 615 609
f 609 615 613 607
f 617 611 612 618
f 618 612 610 616
f 614 620 621 615
f 615 621 619 613
f 623 617 618 624
f 624 618 616 622
f 620 626 627 621
f 621 627 625 619
f 629 623 624 630
f 630 624 622 628
f 626 632 633 627
f 627 633 631 625
f 635 629 630 636
f 636 630 628 634
f 632 638 639 633
f 633 639 637 631
f 641 635 636 642
f 642 636 634 640
f 638 644 645 639
f 639 645 643 637
f 647 641 642 648
f 648 642 640 646
f 644 362 363 645
f 645 363 361 643
f 365 647 648 366
f 366 648 646 364
f 361 367 373 379 385 391 397 403 409 415 421 427 433 439 445 451 457 463 469 475 481 487 493 499 505 511 517 523 529 535 541 547 553 559 565 571 577 583 589 595 601 607 613 619 625 631 637 643

g display_hinge_right_SOLID
v 0.172500014 0.278496772 0.0540000051
v 0.17400001 0.280000001 0.0540000051
v 0.17293933 0.279559702 0.0540000051
v 0.317499995 0.278496772 0.0539999977
v 0.315999985 0.280000001 0.0539999977
v 0.317060679 0.279559702 0.0539999977
v 0.172500014 0.278355658 0.0518467501
v 0.17400001 0.279846013 0.0516505316
v 0.17293933 0.279409498 0.0517080054
v 0.317499995 0.278355658 0.0518467426
v 0.315999985 0.279846013 0.0516505279
v 0.317060679 0.279409498 0.0517079979
v 0.172500014 0.27793467 0.0497303195
v 0.17400001 0.279386669 0.0493412614
v 0.17293933 0.27896139 0.0494552143
v 0.317499995 0.27793467 0.0497303121
v 0.315999985 0.279386669 0.0493412539
v 0.317060679 0.27896139 0.0494552068
v 0.172500014 0.277241021 0.0476869605
v 0.17400001 0.278629839 0.0471117012
v 0.17293933 0.278223068 0.0472801924
v 0.317499995 0.277241021 0.0476869531
v 0.315999985 0.278629839 0.0471116975
v 0.317060679 0.278223068 0.0472801849
v 0.172500014 0.276286632 0.0457516126
v 0.17400001 0.277588457 0.0450000055
v 0.17293933 0.277207166 0.0452201441
v 0.317499995 0.276286632 0.0457516089
v 0.315999985 0.277588457 0.0449999981
v 0.317060679 0.277207166 0.0452201404
v 0.172500014 0.275087774 0.0439574048
v 0.17400001 0.276280344 0.0430422984
v 0.17293933 0.27593106 0.0433103293
v 0.317499995 0.275087774 0.0439573973
v 0.315999985 0.276280344 0.0430422947
v 0.317060679 0.27593106 0.0433103219
v 0.172500014 0.273664981 0.0423350185
v 0.17400001 0.274727911 0.0412720814
v 0.17293933 0.274416596 0.0415834114
v 0.317499995 0.273664981 0.0423350148
v 0.315999985 0.274727911 0.0412720777
v 0.317060679 0.274416596 0.0415834039
v 0.172500014 0.272042602 0.0409122258
v 0.17400001 0.272957712 0.0397196449
v 0.17293933 0.27268967 0.0400689431
v 0.317499995 0.272042602 0.0409122184
v 0.315999985 0.272957712 0.0397196412
v 0.317060679 0.27268967 0.0400689393
v 0.172500014 0.270248383 0.0397133753
v 0.17400001 0.270999998 0.0384115465
v 0.17293933 0.270779848 0.0387928411
v 0.317499995 0.270248383 0.0397133678
v 0.315999985 0.270999998 0.0384115428
v 0.317060679 0.270779848 0.0387928374
v 0.172500014 0.26831305 0.0387589708
v 0.17400001 0.268888295 0.0373701751
v 0.17293933 0.268719822 0.037776947
v 0.317499995 0.26831305 0.0387589596
v 0.315999985 0.268888295 0.0373701677
v 0.317060679 0.268719822 0.0377769358
v 0.172500014 0.266269684 0.0380653404
v 0.17400001 0.266658723 0.0366133414
v 0.17293933 0.266544789 0.0370386243
v 0.317499995 0.266269684 0.0380653329
v 0.315999985 0.266658723 0.036613334
v 0.317060679 0.266544789 0.0370386168
v 0.172500014 0.264153242 0.0376443565
v 0.17400001 0.264349461 0.0361539982
v 0.17293933 0.264292002 0.0365905128
v 0.317499995 0.264153242 0.037644349
v 0.315999985 0.264349461 0.0361539908
v 0.317060679 0.264292002 0.0365905054
v 0.172500014 0.261999995 0.0375032239
v 0.17400001 0.261999995 0.0360000059
v 0.17293933 0.261999995 0.0364402905
v 0.317499995 0.261999995 0.0375032164
v 0.315999985 0.261999995 0.0359999985
v 0.317060679 0.261999995 0.0364402831
v 0.172500014 0.259846747 0.0376443565
v 0.17400001 0.259650528 0.0361539982
v 0.17293933 0.259707987 0.0365905128
v 0.317499995 0.259846747 0.037644349
v 0.315999985 0.259650528 0.0361539908
v 0.317060679 0.259707987 0.0365905054
v 0.172500014 0.257730305 0.0380653404
v 0.17400001 0.257341266 0.0366133414
v 0.17293933 0.2574552 0.0370386243
v 0.317499995 0.257730305 0.0380653329
v 0.315999985 0.257341266 0.036613334
v 0.317060679 0.2574552 0.0370386168
v 0.172500014 0.255686939 0.0387589708
v 0.17400001 0.255111694 0.0373701751
v 0.17293933 0.255280167 0.037776947
v 0.317499995 0.255686939 0.0387589596
v 0.315999985 0.255111694 0.0373701677
v 0.317060679 0.255280167 0.0377769358
v 0.172500014 0.253751606 0.0397133753
v 0.17400001 0.252999991 0.0384115465
v 0.17293933 0.253220141 0.0387928411
v 0.317499995 0.253751606 0.0397133678
v 0.315999985 0.252999991 0.0384115428
v 0.317060679 0.253220141 0.0387928374
v 0.172500014 0.251957387 0.0409122258
v 0.17400001 0.251042277 0.0397196449
v 0.17293933 0.251310319 0.0400689431
v 0.317499995 0.251957387 0.0409122184
v 0.315999985 0.251042277 0.0397196412
v 0.317060679 0.251310319 0.0400689393
v 0.172500014 0.250335008 0.0423350185
v 0.17400001 0.249272078 0.0412720814
v 0.17293933 0.249583393 0.0415834114
v 0.317499995 0.250335008 0.0423350148
v 0.315999985 0.249272078 0.0412720777
v 0.317060679 0.249583393 0.0415834039
v 0.172500014 0.248912215 0.0439574048
v 0.17400001 0.247719631 0.0430422984
v 0.17293933 0.248068929 0.0433103293
v 0.317499995 0.248912215 0.0439573973
v 0.315999985 0.247719631 0.0430422947
v 0.317060679 0.248068929 0.0433103219
v 0.172500014 0.247713357 0.0457516126
v 0.17400001 0.246411532 0.0450000055
v 0.17293933 0.246792838 0.0452201441
v 0.317499995 0.247713357 0.0457516089
v 0.315999985 0.246411532 0.0449999981
v 0.317060679 0.246792838 0.0452201404
v 0.172500014 0.246758953 0.0476869568
v 0.17400001 0.245370165 0.0471117012
v 0.17293933 0.245776936 0.0472801924
v 0.317499995 0.246758953 0.0476869531
v 0.315999985 0.245370165 0.0471116975
v 0.317060679 0.245776936 0.0472801849
v 0.172500014 0.246065333 0.0497303195
v 0.17400001 0.244613335 0.0493412614
v 0.17293933 0.245038614 0.0494552143
v 0.317499995 0.246065333 0.0497303121
v 0.315999985 0.244613335 0.0493412539
v 0.317060679 0.245038614 0.0494552068
v 0.172500014 0.245644346 0.0518467501
v 0.17400001 0.244153991 0.0516505316
v 0.17293933 0.244590506 0.0517080054
v 0.317499995 0.245644346 0.0518467426
v 0.315999985 0.244153991 0.0516505279
v 0.317060679 0.244590506 0.0517079979
v 0.172500014 0.245503217 0.0540000051
v 0.17400001 0.243999988 0.0540000051
v 0.17293933 0.244440272 0.0540000051
v 0.317499995 0.245503217 0.0539999977
v 0.315999985 0.243999988 0.0539999977
v 0.317060679 0.244440272 0.0539999977
v 0.172500014 0.245644346 0.0561532602
v 0.17400001 0.244153991 0.0563494749
v 0.17293933 0.244590506 0.0562920049
v 0.317499995 0.245644346 0.0561532527
v 0.315999985 0.244153991 0.0563494712
v 0.317060679 0.244590506 0.0562919974
v 0.172500014 0.246065333 0.0582696907
v 0.17400001 0.244613335 0.0586587489
v 0.17293933 0.245038614 0.058544796
v 0.317499995 0.246065333 0.0582696833
v 0.315999985 0.244613335 0.0586587414
v 0.317060679 0.245038614 0.0585447885
v 0.172500014 0.246758953 0.0603130497
v 0.17400001 0.245370165 0.0608883053
v 0.17293933 0.245776936 0.0607198179
v 0.317499995 0.246758953 0.060313046
v 0.315999985 0.245370165 0.0608883016
v 0.317060679 0.245776936 0.0607198104
v 0.172500014 0.247713357 0.0622483939
v 0.17400001 0.246411532 0.063000001
v 0.17293933 0.246792838 0.0627798662
v 0.317499995 0.247713357 0.0622483902
v 0.315999985 0.246411532 0.063000001
v 0.317060679 0.246792838 0.0627798587
v 0.172500014 0.248912215 0.0640426055
v 0.17400001 0.247719631 0.0649577081
v 0.17293933 0.248068929 0.0646896809
v 0.317499995 0.248912215 0.064042598
v 0.315999985 0.247719631 0.0649577007
v 0.317060679 0.248068929 0.0646896735
v 0.172500014 0.250335008 0.0656649917
v 0.17400001 0.249272078 0.0667279214
v 0.17293933 0.249583393 0.0664165989
v 0.317499995 0.250335008 0.0656649843
v 0.315999985 0.249272078 0.0667279214
v 0.317060679 0.249583393 0.0664165914
v 0.172500014 0.251957387 0.0670877844
v 0.17400001 0.251042277 0.0682803616
v 0.17293933 0.251310319 0.0679310635
v 0.317499995 0.251957387 0.067087777
v 0.315999985 0.251042277 0.0682803541
v 0.317060679 0.251310319 0.067931056
v 0.172500014 0.253751606 0.068286635
v 0.17400001 0.252999991 0.06958846
v 0.17293933 0.253220141 0.0692071617
v 0.317499995 0.253751606 0.0682866275
v 0.315999985 0.252999991 0.0695884526
v 0.317060679 0.253220141 0.0692071617
v 0.172500014 0.255686939 0.0692410395
v 0.17400001 0.255111694 0.0706298351
v 0.17293933 0.255280167 0.0702230632
v 0.317499995 0.255686939 0.069241032
v 0.315999985 0.255111694 0.0706298277
v 0.317060679 0.255280167 0.0702230558
v 0.172500014 0.257730305 0.0699346662
v 0.17400001 0.257341266 0.0713866651
v 0.17293933 0.2574552 0.070961386
v 0.317499995 0.257730305 0.0699346662
v 0.315999985 0.257341266 0.0713866651
v 0.317060679 0.2574552 0.0709613785
v 0.172500014 0.259846747 0.0703556538
v 0.17400001 0.259650528 0.0718460083
v 0.17293933 0.259707987 0.0714094937
v 0.317499995 0.259846747 0.0703556463
v 0.315999985 0.259650528 0.0718460083
v 0.317060679 0.259707987 0.0714094937
v 0.172500014 0.261999995 0.0704967827
v 0.17400001 0.261999995 0.0720000044
v 0.17293933 0.261999995 0.0715597197
v 0.317499995 0.261999995 0.0704967827
v 0.315999985 0.261999995 0.0719999969
v 0.317060679 0.261999995 0.0715597123
v 0.172500014 0.264153242 0.0703556538
v 0.17400001 0.264349461 0.0718460083
v 0.17293933 0.264292002 0.0714094937
v 0.317499995 0.264153242 0.0703556463
v 0.315999985 0.264349461 0.0718460083
v 0.317060679 0.264292002 0.0714094937
v 0.172500014 0.266269684 0.0699346662
v 0.17400001 0.266658723 0.0713866651
v 0.17293933 0.266544789 0.070961386
v 0.317499995 0.266269684 0.0699346662
v 0.315999985 0.266658723 0.0713866651
v 0.317060679 0.266544789 0.0709613785
v 0.172500014 0.26831305 0.0692410395
v 0.17400001 0.268888295 0.0706298351
v 0.17293933 0.268719822 0.0702230632
v 0.317499995 0.26831305 0.069241032
v 0.315999985 0.268888295 0.0706298277
v 0.317060679 0.268719822 0.0702230558
v 0.172500014 0.270248383 0.068286635
v 0.17400001 0.270999998 0.06958846
v 0.17293933 0.270779848 0.0692071617
v 0.317499995 0.270248383 0.0682866275
v 0.315999985 0.270999998 0.0695884526
v 0.317060679 0.270779848 0.0692071617
v 0.172500014 0.272042602 0.0670877844
v 0.17400001 0.272957712 0.0682803616
v 0.17293933 0.27268967 0.0679310635
v 0.317499995 0.272042602 0.067087777
v 0.315999985 0.272957712 0.0682803541
v 0.317060679 0.27268967 0.067931056
v 0.172500014 0.273664981 0.0656649917
v 0.17400001 0.274727911 0.0667279214
v 0.17293933 0.274416596 0.0664165989
v 0.317499995 0.273664981 0.0656649843
v 0.315999985 0.274727911 0.0667279214
v 0.317060679 0.274416596 0.0664165914
v 0.172500014 0.275087774 0.0640426055
v 0.17400001 0.276280344 0.0649577081
v 0.17293933 0.27593106 0.0646896809
v 0.317499995 0.275087774 0.064042598
v 0.315999985 0.276280344 0.0649577007
v 0.317060679 0.27593106 0.0646896735
v 0.172500014 0.276286632 0.0622483939
v 0.17400001 0.277588457 0.063000001
v 0.17293933 0.277207166 0.0627798662
v 0.317499995 0.276286632 0.0622483902
v 0.315999985 0.277588457 0.063000001
v 0.317060679 0.277207166 0.0627798587
v 0.172500014 0.277241021 0.0603130497
v 0.17400001 0.278629839 0.0608883053
v 0.17293933 0.278223068 0.0607198179
v 0.317499995 0.277241021 0.0603130423
v 0.315999985 0.278629839 0.0608883016
v 0.317060679 0.278223068 0.0607198104
v 0.172500014 0.27793467 0.0582696907
v 0.17400001 0.279386669 0.0586587489
v 0.17293933 0.27896139 0.058544796
v 0.317499995 0.27793467 0.0582696833
v 0.315999985 0.279386669 0.0586587414
v 0.317060679 0.27896139 0.0585447885
v 0.172500014 0.278355658 0.0561532602
v 0.17400001 0.279846013 0.0563494749
v 0.17293933 0.279409498 0.0562920049
v 0.317499995 0.278355658 0.0561532527
v 0.315999985 0.279846013 0.0563494712
v 0.317060679 0.279409498 0.0562919974
usemtl shadowed_silver_edge_003
f 932 935 653 650
f 662 665 671 668
f 668 671 677 674
f 674 677 683 680
f 680 683 689 686
f 686 689 695 692
f 692 695 701 698
f 698 701 707 704
f 704 707 713 710
f 710 713 719 716
f 716 719 725 722
f 722 725 731 728
f 728 731 737 734
f 734 737 743 740
f 740 743 749 746
f 746 749 755 752
f 752 755 761 758
f 758 761 767 764
f 764 767 773 770
f 770 773 779 776
f 776 779 785 782
f 782 785 791 788
f 788 791 797 794
f 794 797 803 800
f 800 803 809 806
f 806 809 815 812
f 812 815 821 818
f 818 821 827 824
f 824 827 833 830
f 830 833 839 836
f 836 839 845 842
f 842 845 851 848
f 848 851 857 854
f 854 857 863 860
f 860 863 869 866
f 866 869 875 872
f 872 875 881 878
f 878 881 887 884
f 884 887 893 890
f 890 893 899 896
f 896 899 905 902
f 902 905 911 908
f 908 911 917 914
f 914 917 923 920
f 920 923 929 926
f 926 929 935 932
f 656 659 665 662
f 658 652 934 928 922 916 910 904 898 892 886 880 874 868 862 856 850 844 838 832 826 820 814 808 802 796 790 784 778 772 766 760 754 748 742 736 730 724 718 712 706 700 694 688 682 676 670 664
f 650 653 659 656
f 650 656 657 651
f 651 657 655 649
f 659 653 654 660
f 660 654 652 658
f 656 662 663 657
f 657 663 661 655
f 665 659 660 666
f 666 660 658 664
f 662 668 669 663
f 663 669 667 661
f 671 665 666 672
f 672 666 664 670
f 668 674 675 669
f 669 675 673 667
f 677 671 672 678
f 678 672 670 676
f 674 680 681 675
f 675 681 679 673
f 683 677 678 684
f 684 678 676 682
f 680 686 687 681
f 681 687 685 679
f 689 683 684 690
f 690 684 682 688
f 686 692 693 687
f 687 693 691 685
f 695 689 690 696
f 696 690 688 694
f 692 698 699 693
f 693 699 697 691
f 701 695 696 702
f 702 696 694 700
f 698 704 705 699
f 699 705 703 697
f 707 701 702 708
f 708 702 700 706
f 704 710 711 705
f 705 711 709 703
f 713 707 708 714
f 714 708 706 712
f 710 716 717 711
f 711 717 715 709
f 719 713 714 720
f 720 714 712 718
f 716 722 723 717
f 717 723 721 715
f 725 719 720 726
f 726 720 718 724
f 722 728 729 723
f 723 729 727 721
f 731 725 726 732
f 732 726 724 730
f 728 734 735 729
f 729 735 733 727
f 737 731 732 738
f 738 732 730 736
f 734 740 741 735
f 735 741 739 733
f 743 737 738 744
f 744 738 736 742
f 740 746 747 741
f 741 747 745 739
f 749 743 744 750
f 750 744 742 748
f 746 752 753 747
f 747 753 751 745
f 755 749 750 756
f 756 750 748 754
f 752 758 759 753
f 753 759 757 751
f 761 755 756 762
f 762 756 754 760
f 758 764 765 759
f 759 765 763 757
f 767 761 762 768
f 768 762 760 766
f 764 770 771 765
f 765 771 769 763
f 773 767 768 774
f 774 768 766 772
f 770 776 777 771
f 771 777 775 769
f 779 773 774 780
f 780 774 772 778
f 776 782 783 777
f 777 783 781 775
f 785 779 780 786
f 786 780 778 784
f 782 788 789 783
f 783 789 787 781
f 791 785 786 792
f 792 786 784 790
f 788 794 795 789
f 789 795 793 787
f 797 791 792 798
f 798 792 790 796
f 794 800 801 795
f 795 801 799 793
f 803 797 798 804
f 804 798 796 802
f 800 806 807 801
f 801 807 805 799
f 809 803 804 810
f 810 804 802 808
f 806 812 813 807
f 807 813 811 805
f 815 809 810 816
f 816 810 808 814
f 812 818 819 813
f 813 819 817 811
f 821 815 816 822
f 822 816 814 820
f 818 824 825 819
f 819 825 823 817
f 827 821 822 828
f 828 822 820 826
f 824 830 831 825
f 825 831 829 823
f 833 827 828 834
f 834 828 826 832
f 830 836 837 831
f 831 837 835 829
f 839 833 834 840
f 840 834 832 838
f 836 842 843 837
f 837 843 841 835
f 845 839 840 846
f 846 840 838 844
f 842 848 849 843
f 843 849 847 841
f 851 845 846 852
f 852 846 844 850
f 848 854 855 849
f 849 855 853 847
f 857 851 852 858
f 858 852 850 856
f 854 860 861 855
f 855 861 859 853
f 863 857 858 864
f 864 858 856 862
f 860 866 867 861
f 861 867 865 859
f 869 863 864 870
f 870 864 862 868
f 866 872 873 867
f 867 873 871 865
f 875 869 870 876
f 876 870 868 874
f 872 878 879 873
f 873 879 877 871
f 881 875 876 882
f 882 876 874 880
f 878 884 885 879
f 879 885 883 877
f 887 881 882 888
f 888 882 880 886
f 884 890 891 885
f 885 891 889 883
f 893 887 888 894
f 894 888 886 892
f 890 896 897 891
f 891 897 895 889
f 899 893 894 900
f 900 894 892 898
f 896 902 903 897
f 897 903 901 895
f 905 899 900 906
f 906 900 898 904
f 902 908 909 903
f 903 909 907 901
f 911 905 906 912
f 912 906 904 910
f 908 914 915 909
f 909 915 913 907
f 917 911 912 918
f 918 912 910 916
f 914 920 921 915
f 915 921 919 913
f 923 917 918 924
f 924 918 916 922
f 920 926 927 921
f 921 927 925 919
f 929 923 924 930
f 930 924 922 928
f 926 932 933 927
f 927 933 931 925
f 935 929 930 936
f 936 930 928 934
f 932 650 651 933
f 933 651 649 931
f 653 935 936 654
f 654 936 934 652
f 649 655 661 667 673 679 685 691 697 703 709 715 721 727 733 739 745 751 757 763 769 775 781 787 793 799 805 811 817 823 829 835 841 847 853 859 865 871 877 883 889 895 901 907 913 919 925 931

g display_hinge_center_SOLID
v -0.0549999997 0.27249679 0.0540000051
v -0.0535000004 0.273999989 0.0540000051
v -0.054560665 0.273559719 0.0540000051
v 0.0549999997 0.27249679 0.0539999977
v 0.0535000004 0.273999989 0.0539999977
v 0.054560665 0.273559719 0.0539999977
v -0.0549999997 0.272406965 0.0526298992
v -0.0535000004 0.27389732 0.0524336882
v -0.054560665 0.273460805 0.0524911582
v 0.0549999997 0.272406965 0.0526298955
v 0.0535000004 0.27389732 0.0524336845
v 0.054560665 0.273460805 0.0524911545
v -0.0549999997 0.272139102 0.0512832403
v -0.0535000004 0.273591101 0.0508941747
v -0.054560665 0.273165822 0.0510081276
v 0.0549999997 0.272139102 0.0512832329
v 0.0535000004 0.273591101 0.050894171
v 0.054560665 0.273165822 0.0510081239
v -0.0549999997 0.27169776 0.0499830619
v -0.0535000004 0.273086548 0.0494078025
v -0.054560665 0.272679776 0.04957629
v 0.0549999997 0.27169776 0.0499830544
v 0.0535000004 0.273086548 0.0494077988
v 0.054560665 0.272679776 0.0495762862
v -0.0549999997 0.271090478 0.048751615
v -0.0535000004 0.272392303 0.0480000041
v -0.054560665 0.272011012 0.0482201464
v 0.0549999997 0.271090478 0.0487516113
v 0.0535000004 0.272392303 0.0480000004
v 0.054560665 0.272011012 0.0482201427
v -0.0549999997 0.270327657 0.0476099662
v -0.0535000004 0.271520227 0.0466948673
v -0.054560665 0.271170944 0.0469628945
v 0.0549999997 0.270327657 0.0476099588
v 0.0535000004 0.271520227 0.0466948599
v 0.054560665 0.271170944 0.046962887
v -0.0549999997 0.269422352 0.0465776585
v -0.0535000004 0.270485282 0.0455147251
v -0.054560665 0.270173937 0.0458260514
v 0.0549999997 0.269422352 0.0465776548
v 0.0535000004 0.270485282 0.0455147177
v 0.054560665 0.270173937 0.0458260439
v -0.0549999997 0.26839003 0.0456723496
v -0.0535000004 0.26930514 0.044479765
v -0.054560665 0.269037098 0.0448290631
v 0.0549999997 0.26839003 0.0456723422
v 0.0535000004 0.26930514 0.0444797575
v 0.054560665 0.269037098 0.0448290594
v -0.0549999997 0.267248392 0.0449095257
v -0.0535000004 0.268000007 0.0436077006
v -0.054560665 0.267779857 0.0439889953
v 0.0549999997 0.267248392 0.0449095219
v 0.0535000004 0.268000007 0.0436076932
v 0.054560665 0.267779857 0.0439889878
v -0.0549999997 0.26601693 0.0443022437
v -0.0535000004 0.266592205 0.0429134518
v -0.054560665 0.266423702 0.04332022
v 0.0549999997 0.26601693 0.04430224
v 0.0535000004 0.266592205 0.0429134443
v 0.054560665 0.266423702 0.0433202162
v -0.0549999997 0.264716774 0.04386089
v -0.0535000004 0.265105814 0.0424088947
v -0.054560665 0.264991879 0.0428341739
v 0.0549999997 0.264716774 0.0438608862
v 0.0535000004 0.265105814 0.042408891
v 0.054560665 0.264991879 0.0428341702
v -0.0549999997 0.263370097 0.043593023
v -0.0535000004 0.263566315 0.0421026647
v -0.054560665 0.263508826 0.0425391793
v 0.0549999997 0.263370097 0.0435930192
v 0.0535000004 0.263566315 0.042102661
v 0.054560665 0.263508826 0.0425391756
v -0.0549999997 0.261999995 0.0435032211
v -0.0535000004 0.261999995 0.0420000032
v -0.054560665 0.261999995 0.0424402878
v 0.0549999997 0.261999995 0.0435032174
v 0.0535000004 0.261999995 0.0419999994
v 0.054560665 0.261999995 0.0424402803
v -0.0549999997 0.260629892 0.043593023
v -0.0535000004 0.260433674 0.0421026647
v -0.054560665 0.260491163 0.0425391793
v 0.0549999997 0.260629892 0.0435930192
v 0.0535000004 0.260433674 0.042102661
v 0.054560665 0.260491163 0.0425391756
v -0.0549999997 0.259283215 0.04386089
v -0.0535000004 0.258894175 0.0424088947
v -0.054560665 0.25900811 0.0428341776
v 0.0549999997 0.259283215 0.0438608862
v 0.0535000004 0.258894175 0.042408891
v 0.054560665 0.25900811 0.0428341702
v -0.0549999997 0.257983059 0.0443022437
v -0.0535000004 0.257407784 0.0429134518
v -0.054560665 0.257576287 0.04332022
v 0.0549999997 0.257983059 0.04430224
v 0.0535000004 0.257407784 0.0429134443
v 0.054560665 0.257576287 0.0433202162
v -0.0549999997 0.256751597 0.0449095257
v -0.0535000004 0.255999982 0.0436077006
v -0.054560665 0.256220132 0.0439889953
v 0.0549999997 0.256751597 0.0449095219
v 0.0535000004 0.255999982 0.0436076932
v 0.054560665 0.256220132 0.0439889915
v -0.0549999997 0.255609959 0.0456723496
v -0.0535000004 0.254694849 0.044479765
v -0.054560665 0.254962891 0.0448290631
v 0.0549999997 0.255609959 0.0456723422
v 0.0535000004 0.254694849 0.0444797575
v 0.054560665 0.254962891 0.0448290594
v -0.0549999997 0.254577637 0.0465776585
v -0.0535000004 0.253514707 0.0455147251
v -0.054560665 0.253826052 0.0458260514
v 0.0549999997 0.254577637 0.0465776548
v 0.0535000004 0.253514707 0.0455147177
v 0.054560665 0.253826052 0.0458260439
v -0.0549999997 0.253672332 0.0476099662
v -0.0535000004 0.252479762 0.0466948673
v -0.054560665 0.252829045 0.0469628945
v 0.0549999997 0.253672332 0.0476099588
v 0.0535000004 0.252479762 0.0466948599
v 0.054560665 0.252829045 0.046962887
v -0.0549999997 0.252909511 0.048751615
v -0.0535000004 0.251607686 0.0480000041
v -0.054560665 0.251988977 0.0482201464
v 0.0549999997 0.252909511 0.0487516113
v 0.0535000004 0.251607686 0.0480000004
v 0.054560665 0.251988977 0.0482201427
v -0.0549999997 0.252302229 0.0499830619
v -0.0535000004 0.250913441 0.0494078025
v -0.054560665 0.251320213 0.04957629
v 0.0549999997 0.252302229 0.0499830544
v 0.0535000004 0.250913441 0.0494077988
v 0.054560665 0.251320213 0.0495762862
v -0.0549999997 0.251860887 0.0512832403
v -0.0535000004 0.250408888 0.0508941747
v -0.054560665 0.250834167 0.0510081276
v 0.0549999997 0.251860887 0.0512832329
v 0.0535000004 0.250408888 0.050894171
v 0.054560665 0.250834167 0.0510081239
v -0.0549999997 0.251593024 0.0526298992
v -0.0535000004 0.250102669 0.0524336882
v -0.054560665 0.250539184 0.0524911582
v 0.0549999997 0.251593024 0.0526298955
v 0.0535000004 0.250102669 0.0524336845
v 0.054560665 0.250539184 0.0524911545
v -0.0549999997 0.251503199 0.0540000051
v -0.0535000004 0.25 0.0540000051
v -0.054560665 0.25044027 0.0540000051
v 0.0549999997 0.251503199 0.0539999977
v 0.0535000004 0.25 0.0539999977
v 0.054560665 0.25044027 0.0539999977
v -0.0549999997 0.251593024 0.0553701073
v -0.0535000004 0.250102669 0.0555663183
v -0.054560665 0.250539184 0.0555088483
v 0.0549999997 0.251593024 0.0553701036
v 0.0535000004 0.250102669 0.0555663146
v 0.054560665 0.250539184 0.0555088446
v -0.0549999997 0.251860887 0.0567167699
v -0.0535000004 0.250408888 0.0571058318
v -0.054560665 0.250834167 0.0569918789
v 0.0549999997 0.251860887 0.0567167625
v 0.0535000004 0.250408888 0.0571058281
v 0.054560665 0.250834167 0.0569918752
v -0.0549999997 0.252302229 0.0580169484
v -0.0535000004 0.250913441 0.058592204
v -0.054560665 0.251320213 0.0584237166
v 0.0549999997 0.252302229 0.058016941
v 0.0535000004 0.250913441 0.0585922003
v 0.054560665 0.251320213 0.0584237128
v -0.0549999997 0.252909511 0.0592483915
v -0.0535000004 0.251607686 0.0600000024
v -0.054560665 0.251988977 0.0597798601
v 0.0549999997 0.252909511 0.0592483878
v 0.0535000004 0.251607686 0.0599999987
v 0.054560665 0.251988977 0.0597798564
v -0.0549999997 0.253672332 0.060390044
v -0.0535000004 0.252479762 0.0613051429
v -0.054560665 0.252829045 0.0610371158
v 0.0549999997 0.253672332 0.0603900366
v 0.0535000004 0.252479762 0.0613051355
v 0.054560665 0.252829045 0.0610371083
v -0.0549999997 0.254577637 0.061422348
v -0.0535000004 0.253514707 0.0624852851
v -0.054560665 0.253826052 0.0621739589
v 0.0549999997 0.254577637 0.0614223443
v 0.0535000004 0.253514707 0.0624852777
v 0.054560665 0.253826052 0.0621739514
v -0.0549999997 0.255609959 0.0623276606
v -0.0535000004 0.254694849 0.0635202453
v -0.054560665 0.254962891 0.0631709471
v 0.0549999997 0.255609959 0.0623276532
v 0.0535000004 0.254694849 0.0635202378
v 0.054560665 0.254962891 0.0631709397
v -0.0549999997 0.256751597 0.0630904809
v -0.0535000004 0.255999982 0.0643923059
v -0.054560665 0.256220132 0.064011015
v 0.0549999997 0.256751597 0.0630904734
v 0.0535000004 0.255999982 0.0643923059
v 0.054560665 0.256220132 0.0640110075
v -0.0549999997 0.257983059 0.0636977628
v -0.0535000004 0.257407784 0.0650865585
v -0.054560665 0.257576287 0.0646797866
v 0.0549999997 0.257983059 0.0636977553
v 0.0535000004 0.257407784 0.065086551
v 0.054560665 0.257576287 0.0646797866
v -0.0549999997 0.259283215 0.0641391128
v -0.0535000004 0.258894175 0.0655911118
v -0.054560665 0.25900811 0.0651658326
v 0.0549999997 0.259283215 0.0641391128
v 0.0535000004 0.258894175 0.0655911118
v 0.054560665 0.25900811 0.0651658252
v -0.0549999997 0.260629892 0.0644069836
v -0.0535000004 0.260433674 0.0658973455
v -0.054560665 0.260491163 0.0654608309
v 0.0549999997 0.260629892 0.0644069761
v 0.0535000004 0.260433674 0.0658973381
v 0.054560665 0.260491163 0.0654608235
v -0.0549999997 0.261999995 0.0644967854
v -0.0535000004 0.261999995 0.0660000071
v -0.054560665 0.261999995 0.0655597225
v 0.0549999997 0.261999995 0.064496778
v 0.0535000004 0.261999995 0.0659999996
v 0.054560665 0.261999995 0.065559715
v -0.0549999997 0.263370097 0.0644069836
v -0.0535000004 0.263566315 0.0658973455
v -0.054560665 0.263508826 0.0654608309
v 0.0549999997 0.263370097 0.0644069761
v 0.0535000004 0.263566315 0.0658973381
v 0.054560665 0.263508826 0.0654608235
v -0.0549999997 0.264716774 0.0641391128
v -0.0535000004 0.265105814 0.0655911118
v -0.054560665 0.264991879 0.0651658326
v 0.0549999997 0.264716774 0.0641391128
v 0.0535000004 0.265105814 0.0655911118
v 0.054560665 0.264991879 0.0651658252
v -0.0549999997 0.26601693 0.0636977628
v -0.0535000004 0.266592205 0.0650865585
v -0.054560665 0.266423702 0.0646797866
v 0.0549999997 0.26601693 0.0636977553
v 0.0535000004 0.266592205 0.065086551
v 0.054560665 0.266423702 0.0646797866
v -0.0549999997 0.267248392 0.0630904809
v -0.0535000004 0.268000007 0.0643923059
v -0.054560665 0.267779857 0.064011015
v 0.0549999997 0.267248392 0.0630904734
v 0.0535000004 0.268000007 0.0643923059
v 0.054560665 0.267779857 0.0640110075
v -0.0549999997 0.26839003 0.0623276606
v -0.0535000004 0.26930514 0.0635202453
v -0.054560665 0.269037098 0.0631709471
v 0.0549999997 0.26839003 0.0623276532
v 0.0535000004 0.26930514 0.0635202378
v 0.054560665 0.269037098 0.0631709397
v -0.0549999997 0.269422352 0.061422348
v -0.0535000004 0.270485282 0.0624852851
v -0.054560665 0.270173937 0.0621739589
v 0.0549999997 0.269422352 0.0614223443
v 0.0535000004 0.270485282 0.0624852777
v 0.054560665 0.270173937 0.0621739514
v -0.0549999997 0.270327657 0.060390044
v -0.0535000004 0.271520227 0.0613051429
v -0.054560665 0.271170944 0.0610371158
v 0.0549999997 0.270327657 0.0603900366
v 0.0535000004 0.271520227 0.0613051355
v 0.054560665 0.271170944 0.0610371083
v -0.0549999997 0.271090478 0.0592483915
v -0.0535000004 0.272392303 0.0600000024
v -0.054560665 0.272011012 0.0597798601
v 0.0549999997 0.271090478 0.0592483878
v 0.0535000004 0.272392303 0.0599999987
v 0.054560665 0.272011012 0.0597798564
v -0.0549999997 0.27169776 0.0580169484
v -0.0535000004 0.273086548 0.058592204
v -0.054560665 0.272679776 0.0584237166
v 0.0549999997 0.27169776 0.058016941
v 0.0535000004 0.273086548 0.0585922003
v 0.054560665 0.272679776 0.0584237128
v -0.0549999997 0.272139102 0.0567167699
v -0.0535000004 0.273591101 0.0571058318
v -0.054560665 0.273165822 0.0569918789
v 0.0549999997 0.272139102 0.0567167625
v 0.0535000004 0.273591101 0.0571058281
v 0.054560665 0.273165822 0.0569918752
v -0.0549999997 0.272406965 0.0553701073
v -0.0535000004 0.27389732 0.0555663183
v -0.054560665 0.273460805 0.0555088483
v 0.0549999997 0.272406965 0.0553701036
v 0.0535000004 0.27389732 0.0555663146
v 0.054560665 0.273460805 0.0555088446
usemtl brushed_light_silver_003
f 1220 1223 941 938
f 950 953 959 956
f 956 959 965 962
f 962 965 971 968
f 968 971 977 974
f 974 977 983 980
f 980 983 989 986
f 986 989 995 992
f 992 995 1001 998
f 998 1001 1007 1004
f 1004 1007 1013 1010
f 1010 1013 1019 1016
f 1016 1019 1025 1022
f 1022 1025 1031 1028
f 1028 1031 1037 1034
f 1034 1037 1043 1040
f 1040 1043 1049 1046
f 1046 1049 1055 1052
f 1052 1055 1061 1058
f 1058 1061 1067 1064
f 1064 1067 1073 1070
f 1070 1073 1079 1076
f 1076 1079 1085 1082
f 1082 1085 1091 1088
f 1088 1091 1097 1094
f 1094 1097 1103 1100
f 1100 1103 1109 1106
f 1106 1109 1115 1112
f 1112 1115 1121 1118
f 1118 1121 1127 1124
f 1124 1127 1133 1130
f 1130 1133 1139 1136
f 1136 1139 1145 1142
f 1142 1145 1151 1148
f 1148 1151 1157 1154
f 1154 1157 1163 1160
f 1160 1163 1169 1166
f 1166 1169 1175 1172
f 1172 1175 1181 1178
f 1178 1181 1187 1184
f 1184 1187 1193 1190
f 1190 1193 1199 1196
f 1196 1199 1205 1202
f 1202 1205 1211 1208
f 1208 1211 1217 1214
f 1214 1217 1223 1220
f 944 947 953 950
f 946 940 1222 1216 1210 1204 1198 1192 1186 1180 1174 1168 1162 1156 1150 1144 1138 1132 1126 1120 1114 1108 1102 1096 1090 1084 1078 1072 1066 1060 1054 1048 1042 1036 1030 1024 1018 1012 1006 1000 994 988 982 976 970 964 958 952
f 938 941 947 944
f 938 944 945 939
f 939 945 943 937
f 947 941 942 948
f 948 942 940 946
f 944 950 951 945
f 945 951 949 943
f 953 947 948 954
f 954 948 946 952
f 950 956 957 951
f 951 957 955 949
f 959 953 954 960
f 960 954 952 958
f 956 962 963 957
f 957 963 961 955
f 965 959 960 966
f 966 960 958 964
f 962 968 969 963
f 963 969 967 961
f 971 965 966 972
f 972 966 964 970
f 968 974 975 969
f 969 975 973 967
f 977 971 972 978
f 978 972 970 976
f 974 980 981 975
f 975 981 979 973
f 983 977 978 984
f 984 978 976 982
f 980 986 987 981
f 981 987 985 979
f 989 983 984 990
f 990 984 982 988
f 986 992 993 987
f 987 993 991 985
f 995 989 990 996
f 996 990 988 994
f 992 998 999 993
f 993 999 997 991
f 1001 995 996 1002
f 1002 996 994 1000
f 998 1004 1005 999
f 999 1005 1003 997
f 1007 1001 1002 1008
f 1008 1002 1000 1006
f 1004 1010 1011 1005
f 1005 1011 1009 1003
f 1013 1007 1008 1014
f 1014 1008 1006 1012
f 1010 1016 1017 1011
f 1011 1017 1015 1009
f 1019 1013 1014 1020
f 1020 1014 1012 1018
f 1016 1022 1023 1017
f 1017 1023 1021 1015
f 1025 1019 1020 1026
f 1026 1020 1018 1024
f 1022 1028 1029 1023
f 1023 1029 1027 1021
f 1031 1025 1026 1032
f 1032 1026 1024 1030
f 1028 1034 1035 1029
f 1029 1035 1033 1027
f 1037 1031 1032 1038
f 1038 1032 1030 1036
f 1034 1040 1041 1035
f 1035 1041 1039 1033
f 1043 1037 1038 1044
f 1044 1038 1036 1042
f 1040 1046 1047 1041
f 1041 1047 1045 1039
f 1049 1043 1044 1050
f 1050 1044 1042 1048
f 1046 1052 1053 1047
f 1047 1053 1051 1045
f 1055 1049 1050 1056
f 1056 1050 1048 1054
f 1052 1058 1059 1053
f 1053 1059 1057 1051
f 1061 1055 1056 1062
f 1062 1056 1054 1060
f 1058 1064 1065 1059
f 1059 1065 1063 1057
f 1067 1061 1062 1068
f 1068 1062 1060 1066
f 1064 1070 1071 1065
f 1065 1071 1069 1063
f 1073 1067 1068 1074
f 1074 1068 1066 1072
f 1070 1076 1077 1071
f 1071 1077 1075 1069
f 1079 1073 1074 1080
f 1080 1074 1072 1078
f 1076 1082 1083 1077
f 1077 1083 1081 1075
f 1085 1079 1080 1086
f 1086 1080 1078 1084
f 1082 1088 1089 1083
f 1083 1089 1087 1081
f 1091 1085 1086 1092
f 1092 1086 1084 1090
f 1088 1094 1095 1089
f 1089 1095 1093 1087
f 1097 1091 1092 1098
f 1098 1092 1090 1096
f 1094 1100 1101 1095
f 1095 1101 1099 1093
f 1103 1097 1098 1104
f 1104 1098 1096 1102
f 1100 1106 1107 1101
f 1101 1107 1105 1099
f 1109 1103 1104 1110
f 1110 1104 1102 1108
f 1106 1112 1113 1107
f 1107 1113 1111 1105
f 1115 1109 1110 1116
f 1116 1110 1108 1114
f 1112 1118 1119 1113
f 1113 1119 1117 1111
f 1121 1115 1116 1122
f 1122 1116 1114 1120
f 1118 1124 1125 1119
f 1119 1125 1123 1117
f 1127 1121 1122 1128
f 1128 1122 1120 1126
f 1124 1130 1131 1125
f 1125 1131 1129 1123
f 1133 1127 1128 1134
f 1134 1128 1126 1132
f 1130 1136 1137 1131
f 1131 1137 1135 1129
f 1139 1133 1134 1140
f 1140 1134 1132 1138
f 1136 1142 1143 1137
f 1137 1143 1141 1135
f 1145 1139 1140 1146
f 1146 1140 1138 1144
f 1142 1148 1149 1143
f 1143 1149 1147 1141
f 1151 1145 1146 1152
f 1152 1146 1144 1150
f 1148 1154 1155 1149
f 1149 1155 1153 1147
f 1157 1151 1152 1158
f 1158 1152 1150 1156
f 1154 1160 1161 1155
f 1155 1161 1159 1153
f 1163 1157 1158 1164
f 1164 1158 1156 1162
f 1160 1166 1167 1161
f 1161 1167 1165 1159
f 1169 1163 1164 1170
f 1170 1164 1162 1168
f 1166 1172 1173 1167
f 1167 1173 1171 1165
f 1175 1169 1170 1176
f 1176 1170 1168 1174
f 1172 1178 1179 1173
f 1173 1179 1177 1171
f 1181 1175 1176 1182
f 1182 1176 1174 1180
f 1178 1184 1185 1179
f 1179 1185 1183 1177
f 1187 1181 1182 1188
f 1188 1182 1180 1186
f 1184 1190 1191 1185
f 1185 1191 1189 1183
f 1193 1187 1188 1194
f 1194 1188 1186 1192
f 1190 1196 1197 1191
f 1191 1197 1195 1189
f 1199 1193 1194 1200
f 1200 1194 1192 1198
f 1196 1202 1203 1197
f 1197 1203 1201 1195
f 1205 1199 1200 1206
f 1206 1200 1198 1204
f 1202 1208 1209 1203
f 1203 1209 1207 1201
f 1211 1205 1206 1212
f 1212 1206 1204 1210
f 1208 1214 1215 1209
f 1209 1215 1213 1207
f 1217 1211 1212 1218
f 1218 1212 1210 1216
f 1214 1220 1221 1215
f 1215 1221 1219 1213
f 1223 1217 1218 1224
f 1224 1218 1216 1222
f 1220 938 939 1221
f 1221 939 937 1219
f 941 1223 1224 942
f 942 1224 1222 940
f 937 943 949 955 961 967 973 979 985 991 997 1003 1009 1015 1021 1027 1033 1039 1045 1051 1057 1063 1069 1075 1081 1087 1093 1099 1105 1111 1117 1123 1129 1135 1141 1147 1153 1159 1165 1171 1177 1183 1189 1195 1201 1207 1213 1219

g left_side_port_slot_SOLID
v -0.391499996 -0.0359999985 0.0260000005
v -0.391499996 -0.0350000001 0.0249999985
v -0.392500013 -0.0350000001 0.0260000005
v -0.391499996 -0.035707105 0.025292892
v -0.392077357 -0.0355773494 0.0254226495
v -0.392207116 -0.0349999964 0.025292892
v -0.392207116 -0.035707105 0.0260000005
v -0.389500022 -0.0359999985 0.0260000005
v -0.388500005 -0.0350000001 0.0260000005
v -0.389500022 -0.0350000001 0.0249999985
v -0.388792902 -0.035707105 0.0260000005
v -0.388922662 -0.0355773494 0.0254226495
v -0.388792902 -0.0349999964 0.025292892
v -0.389500022 -0.035707105 0.025292892
v -0.389500022 0.0160000008 0.0260000005
v -0.389500022 0.0150000006 0.0249999985
v -0.388500005 0.0150000006 0.0260000005
v -0.389500022 0.0157071054 0.025292892
v -0.388922662 0.0155773498 0.0254226495
v -0.388792902 0.0149999987 0.025292892
v -0.388792902 0.0157071054 0.0260000005
v -0.391499996 0.0160000008 0.0260000005
v -0.392500013 0.0150000006 0.0260000005
v -0.391499996 0.0150000006 0.0249999985
v -0.392207116 0.0157071054 0.0260000005
v -0.392077357 0.0155773498 0.0254226495
v -0.392207116 0.0149999987 0.025292892
v -0.391499996 0.0157071054 0.025292892
v -0.392500013 -0.0350000001 0.0339999981
v -0.391499996 -0.0350000001 0.0350000001
v -0.391499996 -0.0359999985 0.0339999981
v -0.392207116 -0.0350000039 0.0347071066
v -0.392077357 -0.0355773531 0.0345773511
v -0.391499996 -0.0357071087 0.0347071066
v -0.392207116 -0.0357071087 0.0339999981
v -0.389500022 -0.0359999985 0.0339999981
v -0.389500022 -0.0350000001 0.0350000001
v -0.388500005 -0.0350000001 0.0339999981
v -0.389500022 -0.035707105 0.0347071066
v -0.388922662 -0.0355773494 0.0345773511
v -0.388792902 -0.0349999964 0.0347071066
v -0.388792902 -0.035707105 0.0339999981
v -0.389500022 0.0150000006 0.0350000001
v -0.389500022 0.0160000008 0.0339999981
v -0.388500005 0.0150000006 0.0339999981
v -0.389500022 0.0157071054 0.0347071066
v -0.388922662 0.0155773498 0.0345773511
v -0.388792902 0.0157071054 0.0339999981
v -0.388792902 0.0149999987 0.0347071066
v -0.392500013 0.0150000006 0.0339999981
v -0.391499996 0.0160000008 0.0339999981
v -0.391499996 0.0150000006 0.0350000001
v -0.392207116 0.0157071054 0.0339999981
v -0.392077357 0.0155773498 0.0345773511
v -0.391499996 0.0157071054 0.0347071066
v -0.392207116 0.0149999987 0.0347071066
usemtl matte_black_keycaps_003
f 1247 1274 1253 1227
f 1226 1234 1240 1248
f 1239 1268 1275 1246
f 1254 1276 1267 1261
f 1233 1262 1269 1241
f 1225 1228 1229 1231
f 1226 1230 1229 1228
f 1227 1231 1229 1230
f 1232 1235 1236 1238
f 1233 1237 1236 1235
f 1234 1238 1236 1237
f 1239 1242 1243 1245
f 1240 1244 1243 1242
f 1241 1245 1243 1244
f 1246 1249 1250 1252
f 1247 1251 1250 1249
f 1248 1252 1250 1251
f 1253 1256 1257 1259
f 1254 1258 1257 1256
f 1255 1259 1257 1258
f 1260 1263 1264 1266
f 1261 1265 1264 1263
f 1262 1266 1264 1265
f 1267 1270 1271 1273
f 1268 1272 1271 1270
f 1269 1273 1271 1272
f 1274 1277 1278 1280
f 1275 1279 1278 1277
f 1276 1280 1278 1279
f 1239 1246 1252 1242
f 1242 1252 1248 1240
f 1225 1232 1238 1228
f 1228 1238 1234 1226
f 1233 1241 1244 1237
f 1237 1244 1240 1234
f 1226 1248 1251 1230
f 1230 1251 1247 1227
f 1227 1253 1259 1231
f 1231 1259 1255 1225
f 1254 1261 1263 1258
f 1258 1263 1260 1255
f 1261 1267 1273 1265
f 1265 1273 1269 1262
f 1253 1274 1280 1256
f 1256 1280 1276 1254
f 1232 1260 1266 1235
f 1235 1266 1262 1233
f 1241 1269 1272 1245
f 1245 1272 1268 1239
f 1267 1276 1279 1270
f 1270 1279 1275 1268
f 1246 1275 1277 1249
f 1249 1277 1274 1247
f 1225 1255 1260 1232

g right_side_port_slot_SOLID
v 0.389500022 0.0439999998 0.0260000005
v 0.389500022 0.0450000018 0.0249999985
v 0.388500005 0.0450000018 0.0260000005
v 0.389500022 0.044292897 0.025292892
v 0.388922662 0.0444226488 0.0254226495
v 0.388792902 0.0450000018 0.025292892
v 0.388792902 0.044292897 0.0260000005
v 0.391499996 0.0439999998 0.0260000005
v 0.392500013 0.0450000018 0.0260000005
v 0.391499996 0.0450000018 0.0249999985
v 0.392207116 0.044292897 0.0260000005
v 0.392077357 0.0444226488 0.0254226495
v 0.392207116 0.0450000018 0.025292892
v 0.391499996 0.044292897 0.025292892
v 0.391499996 0.0960000008 0.0260000005
v 0.391499996 0.0949999988 0.0249999985
v 0.392500013 0.0949999988 0.0260000005
v 0.391499996 0.0957071036 0.025292892
v 0.392077357 0.0955773517 0.0254226495
v 0.392207116 0.0949999988 0.025292892
v 0.392207116 0.0957071036 0.0260000005
v 0.389500022 0.0960000008 0.0260000005
v 0.388500005 0.0949999988 0.0260000005
v 0.389500022 0.0949999988 0.0249999985
v 0.388792902 0.0957071036 0.0260000005
v 0.388922662 0.0955773517 0.0254226495
v 0.388792902 0.0949999988 0.025292892
v 0.389500022 0.0957071036 0.025292892
v 0.388500005 0.0450000018 0.0339999981
v 0.389500022 0.0450000018 0.0350000001
v 0.389500022 0.0439999998 0.0339999981
v 0.388792902 0.0449999981 0.0347071066
v 0.388922662 0.0444226488 0.0345773511
v 0.389500022 0.0442928895 0.0347071066
v 0.388792902 0.0442928895 0.0339999981
v 0.391499996 0.0439999998 0.0339999981
v 0.391499996 0.0450000018 0.0350000001
v 0.392500013 0.0450000018 0.0339999981
v 0.391499996 0.044292897 0.0347071066
v 0.392077357 0.0444226488 0.0345773511
v 0.392207116 0.0450000018 0.0347071066
v 0.392207116 0.044292897 0.0339999981
v 0.391499996 0.0949999988 0.0350000001
v 0.391499996 0.0960000008 0.0339999981
v 0.392500013 0.0949999988 0.0339999981
v 0.391499996 0.0957071036 0.0347071066
v 0.392077357 0.0955773517 0.0345773511
v 0.392207116 0.0957071036 0.0339999981
v 0.392207116 0.0949999988 0.0347071066
v 0.388500005 0.0949999988 0.0339999981
v 0.389500022 0.0960000008 0.0339999981
v 0.389500022 0.0949999988 0.0350000001
v 0.388792902 0.0957071036 0.0339999981
v 0.388922662 0.0955773517 0.0345773511
v 0.389500022 0.0957071036 0.0347071066
v 0.388792902 0.0949999988 0.0347071066
usemtl matte_black_keycaps_003
f 1303 1330 1309 1283
f 1282 1290 1296 1304
f 1295 1324 1331 1302
f 1310 1332 1323 1317
f 1289 1318 1325 1297
f 1281 1284 1285 1287
f 1282 1286 1285 1284
f 1283 1287 1285 1286
f 1288 1291 1292 1294
f 1289 1293 1292 1291
f 1290 1294 1292 1293
f 1295 1298 1299 1301
f 1296 1300 1299 1298
f 1297 1301 1299 1300
f 1302 1305 1306 1308
f 1303 1307 1306 1305
f 1304 1308 1306 1307
f 1309 1312 1313 1315
f 1310 1314 1313 1312
f 1311 1315 1313 1314
f 1316 1319 1320 1322
f 1317 1321 1320 1319
f 1318 1322 1320 1321
f 1323 1326 1327 1329
f 1324 1328 1327 1326
f 1325 1329 1327 1328
f 1330 1333 1334 1336
f 1331 1335 1334 1333
f 1332 1336 1334 1335
f 1295 1302 1308 1298
f 1298 1308 1304 1296
f 1281 1288 1294 1284
f 1284 1294 1290 1282
f 1289 1297 1300 1293
f 1293 1300 1296 1290
f 1282 1304 1307 1286
f 1286 1307 1303 1283
f 1283 1309 1315 1287
f 1287 1315 1311 1281
f 1310 1317 1319 1314
f 1314 1319 1316 1311
f 1317 1323 1329 1321
f 1321 1329 1325 1318
f 1309 1330 1336 1312
f 1312 1336 1332 1310
f 1288 1316 1322 1291
f 1291 1322 1318 1289
f 1297 1325 1328 1301
f 1301 1328 1324 1295
f 1323 1332 1335 1326
f 1326 1335 1331 1324
f 1302 1331 1333 1305
f 1305 1333 1330 1303
f 1281 1311 1316 1288

g underside_rubber_foot_0_SOLID
v -0.342000008 -0.217999995 0.00399999972
v -0.342000008 -0.215000004 0.00100000016
v -0.344999999 -0.215000004 0.00399999972
v -0.342000008 -0.217771634 0.00285194954
v -0.342000008 -0.217121318 0.00187867926
v -0.343148053 -0.217771634 0.00399999972
v -0.343176842 -0.217496037 0.00282317842
v -0.343117118 -0.21696876 0.00203123642
v -0.343732059 -0.216732055 0.00226794905
v -0.343148053 -0.215000004 0.00122836092
v -0.344121337 -0.215000004 0.00187867926
v -0.342000008 -0.216148049 0.00122836092
v -0.343176842 -0.216176823 0.00150396675
v -0.343968779 -0.216117114 0.00203123642
v -0.344771653 -0.216148049 0.00399999972
v -0.344121337 -0.217121318 0.00399999972
v -0.344771653 -0.215000004 0.00285194907
v -0.344496042 -0.216176823 0.00282317819
v -0.343968779 -0.21696876 0.00288288807
v -0.277999997 -0.217999995 0.00399999972
v -0.275000006 -0.215000004 0.00399999972
v -0.277999997 -0.215000004 0.00100000016
v -0.276851952 -0.217771634 0.00399999972
v -0.275878668 -0.217121318 0.00399999972
v -0.277999997 -0.217771634 0.00285194954
v -0.276823163 -0.217496037 0.00282317819
v -0.276031226 -0.21696876 0.00288288807
v -0.276267946 -0.216732055 0.00226794905
v -0.275228351 -0.215000004 0.00285194907
v -0.275878668 -0.215000004 0.00187867926
v -0.275228351 -0.216148049 0.00399999972
v -0.275503963 -0.216176823 0.00282317819
v -0.276031226 -0.216117114 0.00203123642
v -0.277999997 -0.216148049 0.00122836092
v -0.277999997 -0.217121318 0.00187867926
v -0.276851952 -0.215000004 0.00122836092
v -0.276823163 -0.216176823 0.00150396675
v -0.276882887 -0.21696876 0.00203123642
v -0.277999997 -0.192000002 0.00399999972
v -0.277999997 -0.194999993 0.00100000016
v -0.275000006 -0.194999993 0.00399999972
v -0.277999997 -0.192228362 0.00285194954
v -0.277999997 -0.192878678 0.00187867926
v -0.276851952 -0.192228362 0.00399999972
v -0.276823163 -0.192503959 0.00282317842
v -0.276882887 -0.193031237 0.00203123642
v -0.276267946 -0.193267941 0.00226794905
v -0.276851952 -0.194999993 0.00122836092
v -0.275878668 -0.194999993 0.00187867926
v -0.277999997 -0.193851948 0.00122836092
v -0.276823163 -0.193823174 0.00150396675
v -0.276031226 -0.193882883 0.00203123642
v -0.275228351 -0.193851948 0.00399999972
v -0.275878668 -0.192878678 0.00399999972
v -0.275228351 -0.194999993 0.00285194907
v -0.275503963 -0.193823174 0.00282317819
v -0.276031226 -0.193031237 0.00288288807
v -0.342000008 -0.192000002 0.00399999972
v -0.344999999 -0.194999993 0.00399999972
v -0.342000008 -0.194999993 0.00100000016
v -0.343148053 -0.192228362 0.00399999972
v -0.344121337 -0.192878678 0.00399999972
v -0.342000008 -0.192228362 0.00285194954
v -0.343176842 -0.192503959 0.00282317819
v -0.343968779 -0.193031237 0.00288288807
v -0.343732059 -0.193267941 0.00226794905
v -0.344771653 -0.194999993 0.00285194907
v -0.344121337 -0.194999993 0.00187867926
v -0.344771653 -0.193851948 0.00399999972
v -0.344496042 -0.193823174 0.00282317819
v -0.343968779 -0.193882883 0.00203123642
v -0.342000008 -0.193851948 0.00122836092
v -0.342000008 -0.192878678 0.00187867926
v -0.343148053 -0.194999993 0.00122836092
v -0.343176842 -0.193823174 0.00150396675
v -0.343117118 -0.193031237 0.00203123642
v -0.344999999 -0.215000004 0.00400000066
v -0.342000008 -0.215000004 0.00700000022
v -0.342000008 -0.217999995 0.00400000066
v -0.344771653 -0.215000004 0.00514805131
v -0.344121337 -0.215000004 0.00612132112
v -0.344771653 -0.216148049 0.00400000066
v -0.344496042 -0.216176823 0.00517682219
v -0.343968779 -0.216117114 0.00596876396
v -0.343732059 -0.216732055 0.0057320511
v -0.342000008 -0.216148049 0.00677163946
v -0.342000008 -0.217121318 0.00612132112
v -0.343148053 -0.215000004 0.00677163946
v -0.343176842 -0.216176823 0.00649603363
v -0.343117118 -0.21696876 0.00596876396
v -0.343148053 -0.217771634 0.00400000066
v -0.344121337 -0.217121318 0.00400000066
v -0.342000008 -0.217771634 0.00514805084
v -0.343176842 -0.217496037 0.00517682172
v -0.343968779 -0.21696876 0.00511711231
v -0.277999997 -0.217999995 0.00400000066
v -0.277999997 -0.215000004 0.00700000022
v -0.275000006 -0.215000004 0.00400000066
v -0.277999997 -0.217771634 0.00514805084
v -0.277999997 -0.217121318 0.00612132112
v -0.276851952 -0.217771634 0.00400000066
v -0.276823163 -0.217496037 0.00517682172
v -0.276882887 -0.21696876 0.00596876396
v -0.276267946 -0.216732055 0.0057320511
v -0.276851952 -0.215000004 0.00677163946
v -0.275878668 -0.215000004 0.00612132112
v -0.277999997 -0.216148049 0.00677163946
v -0.276823163 -0.216176823 0.00649603363
v -0.276031226 -0.216117114 0.00596876396
v -0.275228351 -0.216148049 0.00400000066
v -0.275878668 -0.217121318 0.00400000066
v -0.275228351 -0.215000004 0.00514805131
v -0.275503963 -0.216176823 0.00517682219
v -0.276031226 -0.21696876 0.00511711231
v -0.277999997 -0.194999993 0.00700000022
v -0.277999997 -0.192000002 0.00400000066
v -0.275000006 -0.194999993 0.00400000066
v -0.277999997 -0.193851948 0.00677163946
v -0.277999997 -0.192878678 0.00612132112
v -0.276851952 -0.194999993 0.00677163946
v -0.276823163 -0.193823174 0.00649603363
v -0.276882887 -0.193031237 0.00596876396
v -0.276267946 -0.193267941 0.00573205156
v -0.276851952 -0.192228362 0.00400000066
v -0.275878668 -0.192878678 0.00400000066
v -0.277999997 -0.192228362 0.00514805084
v -0.276823163 -0.192503959 0.00517682172
v -0.276031226 -0.193031237 0.00511711231
v -0.275228351 -0.194999993 0.00514805131
v -0.275878668 -0.194999993 0.00612132112
v -0.275228351 -0.193851948 0.00400000066
v -0.275503963 -0.193823174 0.00517682219
v -0.276031226 -0.193882883 0.00596876396
v -0.344999999 -0.194999993 0.00400000066
v -0.342000008 -0.192000002 0.00400000066
v -0.342000008 -0.194999993 0.00700000022
v -0.344771653 -0.193851948 0.00400000066
v -0.344121337 -0.192878678 0.00400000066
v -0.344771653 -0.194999993 0.00514805131
v -0.344496042 -0.193823174 0.00517682219
v -0.343968779 -0.193031237 0.00511711231
v -0.343732059 -0.193267941 0.0057320511
v -0.342000008 -0.192228362 0.00514805084
v -0.342000008 -0.192878678 0.00612132112
v -0.343148053 -0.192228362 0.00400000066
v -0.343176842 -0.192503959 0.00517682219
v -0.343117118 -0.193031237 0.00596876396
v -0.343148053 -0.194999993 0.00677163946
v -0.344121337 -0.194999993 0.00612132112
v -0.342000008 -0.193851948 0.00677163946
v -0.343176842 -0.193823174 0.00649603363
v -0.343968779 -0.193882883 0.00596876396
usemtl matte_black_keycaps_003
f 1395 1470 1413 1339
f 1338 1358 1376 1396
f 1375 1452 1471 1394
f 1414 1472 1451 1433
f 1357 1434 1453 1377
f 1337 1340 1343 1342
f 1340 1341 1344 1343
f 1342 1343 1355 1352
f 1343 1344 1345 1355
f 1338 1346 1349 1348
f 1346 1347 1350 1349
f 1348 1349 1344 1341
f 1349 1350 1345 1344
f 1339 1351 1354 1353
f 1351 1352 1355 1354
f 1353 1354 1350 1347
f 1354 1355 1345 1350
f 1356 1359 1362 1361
f 1359 1360 1363 1362
f 1361 1362 1374 1371
f 1362 1363 1364 1374
f 1357 1365 1368 1367
f 1365 1366 1369 1368
f 1367 1368 1363 1360
f 1368 1369 1364 1363
f 1358 1370 1373 1372
f 1370 1371 1374 1373
f 1372 1373 1369 1366
f 1373 1374 1364 1369
f 1375 1378 1381 1380
f 1378 1379 1382 1381
f 1380 1381 1393 1390
f 1381 1382 1383 1393
f 1376 1384 1387 1386
f 1384 1385 1388 1387
f 1386 1387 1382 1379
f 1387 1388 1383 1382
f 1377 1389 1392 1391
f 1389 1390 1393 1392
f 1391 1392 1388 1385
f 1392 1393 1383 1388
f 1394 1397 1400 1399
f 1397 1398 1401 1400
f 1399 1400 1412 1409
f 1400 1401 1402 1412
f 1395 1403 1406 1405
f 1403 1404 1407 1406
f 1405 1406 1401 1398
f 1406 1407 1402 1401
f 1396 1408 1411 1410
f 1408 1409 1412 1411
f 1410 1411 1407 1404
f 1411 1412 1402 1407
f 1413 1416 1419 1418
f 1416 1417 1420 1419
f 1418 1419 1431 1428
f 1419 1420 1421 1431
f 1414 1422 1425 1424
f 1422 1423 1426 1425
f 1424 1425 1420 1417
f 1425 1426 1421 1420
f 1415 1427 1430 1429
f 1427 1428 1431 1430
f 1429 1430 1426 1423
f 1430 1431 1421 1426
f 1432 1435 1438 1437
f 1435 1436 1439 1438
f 1437 1438 1450 1447
f 1438 1439 1440 1450
f 1433 1441 1444 1443
f 1441 1442 1445 1444
f 1443 1444 1439 1436
f 1444 1445 1440 1439
f 1434 1446 1449 1448
f 1446 1447 1450 1449
f 1448 1449 1445 1442
f 1449 1450 1440 1445
f 1451 1454 1457 1456
f 1454 1455 1458 1457
f 1456 1457 1469 1466
f 1457 1458 1459 1469
f 1452 1460 1463 1462
f 1460 1461 1464 1463
f 1462 1463 1458 1455
f 1463 1464 1459 1458
f 1453 1465 1468 1467
f 1465 1466 1469 1468
f 1467 1468 1464 1461
f 1468 1469 1459 1464
f 1470 1473 1476 1475
f 1473 1474 1477 1476
f 1475 1476 1488 1485
f 1476 1477 1478 1488
f 1471 1479 1482 1481
f 1479 1480 1483 1482
f 1481 1482 1477 1474
f 1482 1483 1478 1477
f 1472 1484 1487 1486
f 1484 1485 1488 1487
f 1486 1487 1483 1480
f 1487 1488 1478 1483
f 1375 1394 1399 1378
f 1378 1399 1409 1379
f 1379 1409 1408 1386
f 1386 1408 1396 1376
f 1337 1356 1361 1340
f 1340 1361 1371 1341
f 1341 1371 1370 1348
f 1348 1370 1358 1338
f 1357 1377 1391 1365
f 1365 1391 1385 1366
f 1366 1385 1384 1372
f 1372 1384 1376 1358
f 1338 1396 1410 1346
f 1346 1410 1404 1347
f 1347 1404 1403 1353
f 1353 1403 1395 1339
f 1339 1413 1418 1351
f 1351 1418 1428 1352
f 1352 1428 1427 1342
f 1342 1427 1415 1337
f 1414 1433 1443 1422
f 1422 1443 1436 1423
f 1423 1436 1435 1429
f 1429 1435 1432 1415
f 1433 1451 1456 1441
f 1441 1456 1466 1442
f 1442 1466 1465 1448
f 1448 1465 1453 1434
f 1413 1470 1475 1416
f 1416 1475 1485 1417
f 1417 1485 1484 1424
f 1424 1484 1472 1414
f 1356 1432 1437 1359
f 1359 1437 1447 1360
f 1360 1447 1446 1367
f 1367 1446 1434 1357
f 1377 1453 1467 1389
f 1389 1467 1461 1390
f 1390 1461 1460 1380
f 1380 1460 1452 1375
f 1451 1472 1486 1454
f 1454 1486 1480 1455
f 1455 1480 1479 1462
f 1462 1479 1471 1452
f 1394 1471 1481 1397
f 1397 1481 1474 1398
f 1398 1474 1473 1405
f 1405 1473 1470 1395
f 1337 1415 1432 1356

g underside_rubber_foot_1_SOLID
v 0.277999997 -0.217999995 0.00399999972
v 0.277999997 -0.215000004 0.00100000016
v 0.275000006 -0.215000004 0.00399999972
v 0.277999997 -0.217771634 0.00285194954
v 0.277999997 -0.217121318 0.00187867926
v 0.276851952 -0.217771634 0.00399999972
v 0.276823163 -0.217496037 0.00282317842
v 0.276882887 -0.21696876 0.00203123642
v 0.276267946 -0.216732055 0.00226794905
v 0.276851952 -0.215000004 0.00122836092
v 0.275878668 -0.215000004 0.00187867926
v 0.277999997 -0.216148049 0.00122836092
v 0.276823163 -0.216176823 0.00150396675
v 0.276031226 -0.216117114 0.00203123642
v 0.275228351 -0.216148049 0.00399999972
v 0.275878668 -0.217121318 0.00399999972
v 0.275228351 -0.215000004 0.00285194907
v 0.275503963 -0.216176823 0.00282317819
v 0.276031226 -0.21696876 0.00288288807
v 0.342000008 -0.217999995 0.00399999972
v 0.344999999 -0.215000004 0.00399999972
v 0.342000008 -0.215000004 0.00100000016
v 0.343148053 -0.217771634 0.00399999972
v 0.344121337 -0.217121318 0.00399999972
v 0.342000008 -0.217771634 0.00285194954
v 0.343176842 -0.217496037 0.00282317819
v 0.343968779 -0.21696876 0.00288288807
v 0.343732059 -0.216732055 0.00226794905
v 0.344771653 -0.215000004 0.00285194907
v 0.344121337 -0.215000004 0.00187867926
v 0.344771653 -0.216148049 0.00399999972
v 0.344496042 -0.216176823 0.00282317819
v 0.343968779 -0.216117114 0.00203123642
v 0.342000008 -0.216148049 0.00122836092
v 0.342000008 -0.217121318 0.00187867926
v 0.343148053 -0.215000004 0.00122836092
v 0.343176842 -0.216176823 0.00150396675
v 0.343117118 -0.21696876 0.00203123642
v 0.342000008 -0.192000002 0.00399999972
v 0.342000008 -0.194999993 0.00100000016
v 0.344999999 -0.194999993 0.00399999972
v 0.342000008 -0.192228362 0.00285194954
v 0.342000008 -0.192878678 0.00187867926
v 0.343148053 -0.192228362 0.00399999972
v 0.343176842 -0.192503959 0.00282317842
v 0.343117118 -0.193031237 0.00203123642
v 0.343732059 -0.193267941 0.00226794905
v 0.343148053 -0.194999993 0.00122836092
v 0.344121337 -0.194999993 0.00187867926
v 0.342000008 -0.193851948 0.00122836092
v 0.343176842 -0.193823174 0.00150396675
v 0.343968779 -0.193882883 0.00203123642
v 0.344771653 -0.193851948 0.00399999972
v 0.344121337 -0.192878678 0.00399999972
v 0.344771653 -0.194999993 0.00285194907
v 0.344496042 -0.193823174 0.00282317819
v 0.343968779 -0.193031237 0.00288288807
v 0.277999997 -0.192000002 0.00399999972
v 0.275000006 -0.194999993 0.00399999972
v 0.277999997 -0.194999993 0.00100000016
v 0.276851952 -0.192228362 0.00399999972
v 0.275878668 -0.192878678 0.00399999972
v 0.277999997 -0.192228362 0.00285194954
v 0.276823163 -0.192503959 0.00282317819
v 0.276031226 -0.193031237 0.00288288807
v 0.276267946 -0.193267941 0.00226794905
v 0.275228351 -0.194999993 0.00285194907
v 0.275878668 -0.194999993 0.00187867926
v 0.275228351 -0.193851948 0.00399999972
v 0.275503963 -0.193823174 0.00282317819
v 0.276031226 -0.193882883 0.00203123642
v 0.277999997 -0.193851948 0.00122836092
v 0.277999997 -0.192878678 0.00187867926
v 0.276851952 -0.194999993 0.00122836092
v 0.276823163 -0.193823174 0.00150396675
v 0.276882887 -0.193031237 0.00203123642
v 0.275000006 -0.215000004 0.00400000066
v 0.277999997 -0.215000004 0.00700000022
v 0.277999997 -0.217999995 0.00400000066
v 0.275228351 -0.215000004 0.00514805131
v 0.275878668 -0.215000004 0.00612132112
v 0.275228351 -0.216148049 0.00400000066
v 0.275503963 -0.216176823 0.00517682219
v 0.276031226 -0.216117114 0.00596876396
v 0.276267946 -0.216732055 0.0057320511
v 0.277999997 -0.216148049 0.00677163946
v 0.277999997 -0.217121318 0.00612132112
v 0.276851952 -0.215000004 0.00677163946
v 0.276823163 -0.216176823 0.00649603363
v 0.276882887 -0.21696876 0.00596876396
v 0.276851952 -0.217771634 0.00400000066
v 0.275878668 -0.217121318 0.00400000066
v 0.277999997 -0.217771634 0.00514805084
v 0.276823163 -0.217496037 0.00517682172
v 0.276031226 -0.21696876 0.00511711231
v 0.342000008 -0.217999995 0.00400000066
v 0.342000008 -0.215000004 0.00700000022
v 0.344999999 -0.215000004 0.00400000066
v 0.342000008 -0.217771634 0.00514805084
v 0.342000008 -0.217121318 0.00612132112
v 0.343148053 -0.217771634 0.00400000066
v 0.343176842 -0.217496037 0.00517682172
v 0.343117118 -0.21696876 0.00596876396
v 0.343732059 -0.216732055 0.0057320511
v 0.343148053 -0.215000004 0.00677163946
v 0.344121337 -0.215000004 0.00612132112
v 0.342000008 -0.216148049 0.00677163946
v 0.343176842 -0.216176823 0.00649603363
v 0.343968779 -0.216117114 0.00596876396
v 0.344771653 -0.216148049 0.00400000066
v 0.344121337 -0.217121318 0.00400000066
v 0.344771653 -0.215000004 0.00514805131
v 0.344496042 -0.216176823 0.00517682219
v 0.343968779 -0.21696876 0.00511711231
v 0.342000008 -0.194999993 0.00700000022
v 0.342000008 -0.192000002 0.00400000066
v 0.344999999 -0.194999993 0.00400000066
v 0.342000008 -0.193851948 0.00677163946
v 0.342000008 -0.192878678 0.00612132112
v 0.343148053 -0.194999993 0.00677163946
v 0.343176842 -0.193823174 0.00649603363
v 0.343117118 -0.193031237 0.00596876396
v 0.343732059 -0.193267941 0.00573205156
v 0.343148053 -0.192228362 0.00400000066
v 0.344121337 -0.192878678 0.00400000066
v 0.342000008 -0.192228362 0.00514805084
v 0.343176842 -0.192503959 0.00517682172
v 0.343968779 -0.193031237 0.00511711231
v 0.344771653 -0.194999993 0.00514805131
v 0.344121337 -0.194999993 0.00612132112
v 0.344771653 -0.193851948 0.00400000066
v 0.344496042 -0.193823174 0.00517682219
v 0.343968779 -0.193882883 0.00596876396
v 0.275000006 -0.194999993 0.00400000066
v 0.277999997 -0.192000002 0.00400000066
v 0.277999997 -0.194999993 0.00700000022
v 0.275228351 -0.193851948 0.00400000066
v 0.275878668 -0.192878678 0.00400000066
v 0.275228351 -0.194999993 0.00514805131
v 0.275503963 -0.193823174 0.00517682219
v 0.276031226 -0.193031237 0.00511711231
v 0.276267946 -0.193267941 0.0057320511
v 0.277999997 -0.192228362 0.00514805084
v 0.277999997 -0.192878678 0.00612132112
v 0.276851952 -0.192228362 0.00400000066
v 0.276823163 -0.192503959 0.00517682219
v 0.276882887 -0.193031237 0.00596876396
v 0.276851952 -0.194999993 0.00677163946
v 0.275878668 -0.194999993 0.00612132112
v 0.277999997 -0.193851948 0.00677163946
v 0.276823163 -0.193823174 0.00649603363
v 0.276031226 -0.193882883 0.00596876396
usemtl matte_black_keycaps_003
f 1547 1622 1565 1491
f 1490 1510 1528 1548
f 1527 1604 1623 1546
f 1566 1624 1603 1585
f 1509 1586 1605 1529
f 1489 1492 1495 1494
f 1492 1493 1496 1495
f 1494 1495 1507 1504
f 1495 1496 1497 1507
f 1490 1498 1501 1500
f 1498 1499 1502 1501
f 1500 1501 1496 1493
f 1501 1502 1497 1496
f 1491 1503 1506 1505
f 1503 1504 1507 1506
f 1505 1506 1502 1499
f 1506 1507 1497 1502
f 1508 1511 1514 1513
f 1511 1512 1515 1514
f 1513 1514 1526 1523
f 1514 1515 1516 1526
f 1509 1517 1520 1519
f 1517 1518 1521 1520
f 1519 1520 1515 1512
f 1520 1521 1516 1515
f 1510 1522 1525 1524
f 1522 1523 1526 1525
f 1524 1525 1521 1518
f 1525 1526 1516 1521
f 1527 1530 1533 1532
f 1530 1531 1534 1533
f 1532 1533 1545 1542
f 1533 1534 1535 1545
f 1528 1536 1539 1538
f 1536 1537 1540 1539
f 1538 1539 1534 1531
f 1539 1540 1535 1534
f 1529 1541 1544 1543
f 1541 1542 1545 1544
f 1543 1544 1540 1537
f 1544 1545 1535 1540
f 1546 1549 1552 1551
f 1549 1550 1553 1552
f 1551 1552 1564 1561
f 1552 1553 1554 1564
f 1547 1555 1558 1557
f 1555 1556 1559 1558
f 1557 1558 1553 1550
f 1558 1559 1554 1553
f 1548 1560 1563 1562
f 1560 1561 1564 1563
f 1562 1563 1559 1556
f 1563 1564 1554 1559
f 1565 1568 1571 1570
f 1568 1569 1572 1571
f 1570 1571 1583 1580
f 1571 1572 1573 1583
f 1566 1574 1577 1576
f 1574 1575 1578 1577
f 1576 1577 1572 1569
f 1577 1578 1573 1572
f 1567 1579 1582 1581
f 1579 1580 1583 1582
f 1581 1582 1578 1575
f 1582 1583 1573 1578
f 1584 1587 1590 1589
f 1587 1588 1591 1590
f 1589 1590 1602 1599
f 1590 1591 1592 1602
f 1585 1593 1596 1595
f 1593 1594 1597 1596
f 1595 1596 1591 1588
f 1596 1597 1592 1591
f 1586 1598 1601 1600
f 1598 1599 1602 1601
f 1600 1601 1597 1594
f 1601 1602 1592 1597
f 1603 1606 1609 1608
f 1606 1607 1610 1609
f 1608 1609 1621 1618
f 1609 1610 1611 1621
f 1604 1612 1615 1614
f 1612 1613 1616 1615
f 1614 1615 1610 1607
f 1615 1616 1611 1610
f 1605 1617 1620 1619
f 1617 1618 1621 1620
f 1619 1620 1616 1613
f 1620 1621 1611 1616
f 1622 1625 1628 1627
f 1625 1626 1629 1628
f 1627 1628 1640 1637
f 1628 1629 1630 1640
f 1623 1631 1634 1633
f 1631 1632 1635 1634
f 1633 1634 1629 1626
f 1634 1635 1630 1629
f 1624 1636 1639 1638
f 1636 1637 1640 1639
f 1638 1639 1635 1632
f 1639 1640 1630 1635
f 1527 1546 1551 1530
f 1530 1551 1561 1531
f 1531 1561 1560 1538
f 1538 1560 1548 1528
f 1489 1508 1513 1492
f 1492 1513 1523 1493
f 1493 1523 1522 1500
f 1500 1522 1510 1490
f 1509 1529 1543 1517
f 1517 1543 1537 1518
f 1518 1537 1536 1524
f 1524 1536 1528 1510
f 1490 1548 1562 1498
f 1498 1562 1556 1499
f 1499 1556 1555 1505
f 1505 1555 1547 1491
f 1491 1565 1570 1503
f 1503 1570 1580 1504
f 1504 1580 1579 1494
f 1494 1579 1567 1489
f 1566 1585 1595 1574
f 1574 1595 1588 1575
f 1575 1588 1587 1581
f 1581 1587 1584 1567
f 1585 1603 1608 1593
f 1593 1608 1618 1594
f 1594 1618 1617 1600
f 1600 1617 1605 1586
f 1565 1622 1627 1568
f 1568 1627 1637 1569
f 1569 1637 1636 1576
f 1576 1636 1624 1566
f 1508 1584 1589 1511
f 1511 1589 1599 1512
f 1512 1599 1598 1519
f 1519 1598 1586 1509
f 1529 1605 1619 1541
f 1541 1619 1613 1542
f 1542 1613 1612 1532
f 1532 1612 1604 1527
f 1603 1624 1638 1606
f 1606 1638 1632 1607
f 1607 1632 1631 1614
f 1614 1631 1623 1604
f 1546 1623 1633 1549
f 1549 1633 1626 1550
f 1550 1626 1625 1557
f 1557 1625 1622 1547
f 1489 1567 1584 1508

g underside_rubber_foot_2_SOLID
v -0.342000008 0.192000002 0.00399999972
v -0.342000008 0.194999993 0.00100000016
v -0.344999999 0.194999993 0.00399999972
v -0.342000008 0.192228362 0.00285194954
v -0.342000008 0.192878678 0.00187867926
v -0.343148053 0.192228362 0.00399999972
v -0.343176842 0.192503959 0.00282317842
v -0.343117118 0.193031237 0.00203123642
v -0.343732059 0.193267941 0.00226794905
v -0.343148053 0.194999993 0.00122836092
v -0.344121337 0.194999993 0.00187867926
v -0.342000008 0.193851948 0.00122836092
v -0.343176842 0.193823174 0.00150396675
v -0.343968779 0.193882883 0.00203123642
v -0.344771653 0.193851948 0.00399999972
v -0.344121337 0.192878678 0.00399999972
v -0.344771653 0.194999993 0.00285194907
v -0.344496042 0.193823174 0.00282317819
v -0.343968779 0.193031237 0.00288288807
v -0.277999997 0.192000002 0.00399999972
v -0.275000006 0.194999993 0.00399999972
v -0.277999997 0.194999993 0.00100000016
v -0.276851952 0.192228362 0.00399999972
v -0.275878668 0.192878678 0.00399999972
v -0.277999997 0.192228362 0.00285194954
v -0.276823163 0.192503959 0.00282317819
v -0.276031226 0.193031237 0.00288288807
v -0.276267946 0.193267941 0.00226794905
v -0.275228351 0.194999993 0.00285194907
v -0.275878668 0.194999993 0.00187867926
v -0.275228351 0.193851948 0.00399999972
v -0.275503963 0.193823174 0.00282317819
v -0.276031226 0.193882883 0.00203123642
v -0.277999997 0.193851948 0.00122836092
v -0.277999997 0.192878678 0.00187867926
v -0.276851952 0.194999993 0.00122836092
v -0.276823163 0.193823174 0.00150396675
v -0.276882887 0.193031237 0.00203123642
v -0.277999997 0.217999995 0.00399999972
v -0.277999997 0.215000004 0.00100000016
v -0.275000006 0.215000004 0.00399999972
v -0.277999997 0.217771634 0.00285194954
v -0.277999997 0.217121318 0.00187867926
v -0.276851952 0.217771634 0.00399999972
v -0.276823163 0.217496037 0.00282317842
v -0.276882887 0.21696876 0.00203123642
v -0.276267946 0.216732055 0.00226794905
v -0.276851952 0.215000004 0.00122836092
v -0.275878668 0.215000004 0.00187867926
v -0.277999997 0.216148049 0.00122836092
v -0.276823163 0.216176823 0.00150396675
v -0.276031226 0.216117114 0.00203123642
v -0.275228351 0.216148049 0.00399999972
v -0.275878668 0.217121318 0.00399999972
v -0.275228351 0.215000004 0.00285194907
v -0.275503963 0.216176823 0.00282317819
v -0.276031226 0.21696876 0.00288288807
v -0.342000008 0.217999995 0.00399999972
v -0.344999999 0.215000004 0.00399999972
v -0.342000008 0.215000004 0.00100000016
v -0.343148053 0.217771634 0.00399999972
v -0.344121337 0.217121318 0.00399999972
v -0.342000008 0.217771634 0.00285194954
v -0.343176842 0.217496037 0.00282317819
v -0.343968779 0.21696876 0.00288288807
v -0.343732059 0.216732055 0.00226794905
v -0.344771653 0.215000004 0.00285194907
v -0.344121337 0.215000004 0.00187867926
v -0.344771653 0.216148049 0.00399999972
v -0.344496042 0.216176823 0.00282317819
v -0.343968779 0.216117114 0.00203123642
v -0.342000008 0.216148049 0.00122836092
v -0.342000008 0.217121318 0.00187867926
v -0.343148053 0.215000004 0.00122836092
v -0.343176842 0.216176823 0.00150396675
v -0.343117118 0.21696876 0.00203123642
v -0.344999999 0.194999993 0.00400000066
v -0.342000008 0.194999993 0.00700000022
v -0.342000008 0.192000002 0.00400000066
v -0.344771653 0.194999993 0.00514805131
v -0.344121337 0.194999993 0.00612132112
v -0.344771653 0.193851948 0.00400000066
v -0.344496042 0.193823174 0.00517682219
v -0.343968779 0.193882883 0.00596876396
v -0.343732059 0.193267941 0.0057320511
v -0.342000008 0.193851948 0.00677163946
v -0.342000008 0.192878678 0.00612132112
v -0.343148053 0.194999993 0.00677163946
v -0.343176842 0.193823174 0.00649603363
v -0.343117118 0.193031237 0.00596876396
v -0.343148053 0.192228362 0.00400000066
v -0.344121337 0.192878678 0.00400000066
v -0.342000008 0.192228362 0.00514805084
v -0.343176842 0.192503959 0.00517682172
v -0.343968779 0.193031237 0.00511711231
v -0.277999997 0.192000002 0.00400000066
v -0.277999997 0.194999993 0.00700000022
v -0.275000006 0.194999993 0.00400000066
v -0.277999997 0.192228362 0.00514805084
v -0.277999997 0.192878678 0.00612132112
v -0.276851952 0.192228362 0.00400000066
v -0.276823163 0.192503959 0.00517682172
v -0.276882887 0.193031237 0.00596876396
v -0.276267946 0.193267941 0.0057320511
v -0.276851952 0.194999993 0.00677163946
v -0.275878668 0.194999993 0.00612132112
v -0.277999997 0.193851948 0.00677163946
v -0.276823163 0.193823174 0.00649603363
v -0.276031226 0.193882883 0.00596876396
v -0.275228351 0.193851948 0.00400000066
v -0.275878668 0.192878678 0.00400000066
v -0.275228351 0.194999993 0.00514805131
v -0.275503963 0.193823174 0.00517682219
v -0.276031226 0.193031237 0.00511711231
v -0.277999997 0.215000004 0.00700000022
v -0.277999997 0.217999995 0.00400000066
v -0.275000006 0.215000004 0.00400000066
v -0.277999997 0.216148049 0.00677163946
v -0.277999997 0.217121318 0.00612132112
v -0.276851952 0.215000004 0.00677163946
v -0.276823163 0.216176823 0.00649603363
v -0.276882887 0.21696876 0.00596876396
v -0.276267946 0.216732055 0.00573205156
v -0.276851952 0.217771634 0.00400000066
v -0.275878668 0.217121318 0.00400000066
v -0.277999997 0.217771634 0.00514805084
v -0.276823163 0.217496037 0.00517682172
v -0.276031226 0.21696876 0.00511711231
v -0.275228351 0.215000004 0.00514805131
v -0.275878668 0.215000004 0.00612132112
v -0.275228351 0.216148049 0.00400000066
v -0.275503963 0.216176823 0.00517682219
v -0.276031226 0.216117114 0.00596876396
v -0.344999999 0.215000004 0.00400000066
v -0.342000008 0.217999995 0.00400000066
v -0.342000008 0.215000004 0.00700000022
v -0.344771653 0.216148049 0.00400000066
v -0.344121337 0.217121318 0.00400000066
v -0.344771653 0.215000004 0.00514805131
v -0.344496042 0.216176823 0.00517682219
v -0.343968779 0.21696876 0.00511711231
v -0.343732059 0.216732055 0.0057320511
v -0.342000008 0.217771634 0.00514805084
v -0.342000008 0.217121318 0.00612132112
v -0.343148053 0.217771634 0.00400000066
v -0.343176842 0.217496037 0.00517682219
v -0.343117118 0.21696876 0.00596876396
v -0.343148053 0.215000004 0.00677163946
v -0.344121337 0.215000004 0.00612132112
v -0.342000008 0.216148049 0.00677163946
v -0.343176842 0.216176823 0.00649603363
v -0.343968779 0.216117114 0.00596876396
usemtl matte_black_keycaps_003
f 1699 1774 1717 1643
f 1642 1662 1680 1700
f 1679 1756 1775 1698
f 1718 1776 1755 1737
f 1661 1738 1757 1681
f 1641 1644 1647 1646
f 1644 1645 1648 1647
f 1646 1647 1659 1656
f 1647 1648 1649 1659
f 1642 1650 1653 1652
f 1650 1651 1654 1653
f 1652 1653 1648 1645
f 1653 1654 1649 1648
f 1643 1655 1658 1657
f 1655 1656 1659 1658
f 1657 1658 1654 1651
f 1658 1659 1649 1654
f 1660 1663 1666 1665
f 1663 1664 1667 1666
f 1665 1666 1678 1675
f 1666 1667 1668 1678
f 1661 1669 1672 1671
f 1669 1670 1673 1672
f 1671 1672 1667 1664
f 1672 1673 1668 1667
f 1662 1674 1677 1676
f 1674 1675 1678 1677
f 1676 1677 1673 1670
f 1677 1678 1668 1673
f 1679 1682 1685 1684
f 1682 1683 1686 1685
f 1684 1685 1697 1694
f 1685 1686 1687 1697
f 1680 1688 1691 1690
f 1688 1689 1692 1691
f 1690 1691 1686 1683
f 1691 1692 1687 1686
f 1681 1693 1696 1695
f 1693 1694 1697 1696
f 1695 1696 1692 1689
f 1696 1697 1687 1692
f 1698 1701 1704 1703
f 1701 1702 1705 1704
f 1703 1704 1716 1713
f 1704 1705 1706 1716
f 1699 1707 1710 1709
f 1707 1708 1711 1710
f 1709 1710 1705 1702
f 1710 1711 1706 1705
f 1700 1712 1715 1714
f 1712 1713 1716 1715
f 1714 1715 1711 1708
f 1715 1716 1706 1711
f 1717 1720 1723 1722
f 1720 1721 1724 1723
f 1722 1723 1735 1732
f 1723 1724 1725 1735
f 1718 1726 1729 1728
f 1726 1727 1730 1729
f 1728 1729 1724 1721
f 1729 1730 1725 1724
f 1719 1731 1734 1733
f 1731 1732 1735 1734
f 1733 1734 1730 1727
f 1734 1735 1725 1730
f 1736 1739 1742 1741
f 1739 1740 1743 1742
f 1741 1742 1754 1751
f 1742 1743 1744 1754
f 1737 1745 1748 1747
f 1745 1746 1749 1748
f 1747 1748 1743 1740
f 1748 1749 1744 1743
f 1738 1750 1753 1752
f 1750 1751 1754 1753
f 1752 1753 1749 1746
f 1753 1754 1744 1749
f 1755 1758 1761 1760
f 1758 1759 1762 1761
f 1760 1761 1773 1770
f 1761 1762 1763 1773
f 1756 1764 1767 1766
f 1764 1765 1768 1767
f 1766 1767 1762 1759
f 1767 1768 1763 1762
f 1757 1769 1772 1771
f 1769 1770 1773 1772
f 1771 1772 1768 1765
f 1772 1773 1763 1768
f 1774 1777 1780 1779
f 1777 1778 1781 1780
f 1779 1780 1792 1789
f 1780 1781 1782 1792
f 1775 1783 1786 1785
f 1783 1784 1787 1786
f 1785 1786 1781 1778
f 1786 1787 1782 1781
f 1776 1788 1791 1790
f 1788 1789 1792 1791
f 1790 1791 1787 1784
f 1791 1792 1782 1787
f 1679 1698 1703 1682
f 1682 1703 1713 1683
f 1683 1713 1712 1690
f 1690 1712 1700 1680
f 1641 1660 1665 1644
f 1644 1665 1675 1645
f 1645 1675 1674 1652
f 1652 1674 1662 1642
f 1661 1681 1695 1669
f 1669 1695 1689 1670
f 1670 1689 1688 1676
f 1676 1688 1680 1662
f 1642 1700 1714 1650
f 1650 1714 1708 1651
f 1651 1708 1707 1657
f 1657 1707 1699 1643
f 1643 1717 1722 1655
f 1655 1722 1732 1656
f 1656 1732 1731 1646
f 1646 1731 1719 1641
f 1718 1737 1747 1726
f 1726 1747 1740 1727
f 1727 1740 1739 1733
f 1733 1739 1736 1719
f 1737 1755 1760 1745
f 1745 1760 1770 1746
f 1746 1770 1769 1752
f 1752 1769 1757 1738
f 1717 1774 1779 1720
f 1720 1779 1789 1721
f 1721 1789 1788 1728
f 1728 1788 1776 1718
f 1660 1736 1741 1663
f 1663 1741 1751 1664
f 1664 1751 1750 1671
f 1671 1750 1738 1661
f 1681 1757 1771 1693
f 1693 1771 1765 1694
f 1694 1765 1764 1684
f 1684 1764 1756 1679
f 1755 1776 1790 1758
f 1758 1790 1784 1759
f 1759 1784 1783 1766
f 1766 1783 1775 1756
f 1698 1775 1785 1701
f 1701 1785 1778 1702
f 1702 1778 1777 1709
f 1709 1777 1774 1699
f 1641 1719 1736 1660

g underside_rubber_foot_3_SOLID
v 0.277999997 0.192000002 0.00399999972
v 0.277999997 0.194999993 0.00100000016
v 0.275000006 0.194999993 0.00399999972
v 0.277999997 0.192228362 0.00285194954
v 0.277999997 0.192878678 0.00187867926
v 0.276851952 0.192228362 0.00399999972
v 0.276823163 0.192503959 0.00282317842
v 0.276882887 0.193031237 0.00203123642
v 0.276267946 0.193267941 0.00226794905
v 0.276851952 0.194999993 0.00122836092
v 0.275878668 0.194999993 0.00187867926
v 0.277999997 0.193851948 0.00122836092
v 0.276823163 0.193823174 0.00150396675
v 0.276031226 0.193882883 0.00203123642
v 0.275228351 0.193851948 0.00399999972
v 0.275878668 0.192878678 0.00399999972
v 0.275228351 0.194999993 0.00285194907
v 0.275503963 0.193823174 0.00282317819
v 0.276031226 0.193031237 0.00288288807
v 0.342000008 0.192000002 0.00399999972
v 0.344999999 0.194999993 0.00399999972
v 0.342000008 0.194999993 0.00100000016
v 0.343148053 0.192228362 0.00399999972
v 0.344121337 0.192878678 0.00399999972
v 0.342000008 0.192228362 0.00285194954
v 0.343176842 0.192503959 0.00282317819
v 0.343968779 0.193031237 0.00288288807
v 0.343732059 0.193267941 0.00226794905
v 0.344771653 0.194999993 0.00285194907
v 0.344121337 0.194999993 0.00187867926
v 0.344771653 0.193851948 0.00399999972
v 0.344496042 0.193823174 0.00282317819
v 0.343968779 0.193882883 0.00203123642
v 0.342000008 0.193851948 0.00122836092
v 0.342000008 0.192878678 0.00187867926
v 0.343148053 0.194999993 0.00122836092
v 0.343176842 0.193823174 0.00150396675
v 0.343117118 0.193031237 0.00203123642
v 0.342000008 0.217999995 0.00399999972
v 0.342000008 0.215000004 0.00100000016
v 0.344999999 0.215000004 0.00399999972
v 0.342000008 0.217771634 0.00285194954
v 0.342000008 0.217121318 0.00187867926
v 0.343148053 0.217771634 0.00399999972
v 0.343176842 0.217496037 0.00282317842
v 0.343117118 0.21696876 0.00203123642
v 0.343732059 0.216732055 0.00226794905
v 0.343148053 0.215000004 0.00122836092
v 0.344121337 0.215000004 0.00187867926
v 0.342000008 0.216148049 0.00122836092
v 0.343176842 0.216176823 0.00150396675
v 0.343968779 0.216117114 0.00203123642
v 0.344771653 0.216148049 0.00399999972
v 0.344121337 0.217121318 0.00399999972
v 0.344771653 0.215000004 0.00285194907
v 0.344496042 0.216176823 0.00282317819
v 0.343968779 0.21696876 0.00288288807
v 0.277999997 0.217999995 0.00399999972
v 0.275000006 0.215000004 0.00399999972
v 0.277999997 0.215000004 0.00100000016
v 0.276851952 0.217771634 0.00399999972
v 0.275878668 0.217121318 0.00399999972
v 0.277999997 0.217771634 0.00285194954
v 0.276823163 0.217496037 0.00282317819
v 0.276031226 0.21696876 0.00288288807
v 0.276267946 0.216732055 0.00226794905
v 0.275228351 0.215000004 0.00285194907
v 0.275878668 0.215000004 0.00187867926
v 0.275228351 0.216148049 0.00399999972
v 0.275503963 0.216176823 0.00282317819
v 0.276031226 0.216117114 0.00203123642
v 0.277999997 0.216148049 0.00122836092
v 0.277999997 0.217121318 0.00187867926
v 0.276851952 0.215000004 0.00122836092
v 0.276823163 0.216176823 0.00150396675
v 0.276882887 0.21696876 0.00203123642
v 0.275000006 0.194999993 0.00400000066
v 0.277999997 0.194999993 0.00700000022
v 0.277999997 0.192000002 0.00400000066
v 0.275228351 0.194999993 0.00514805131
v 0.275878668 0.194999993 0.00612132112
v 0.275228351 0.193851948 0.00400000066
v 0.275503963 0.193823174 0.00517682219
v 0.276031226 0.193882883 0.00596876396
v 0.276267946 0.193267941 0.0057320511
v 0.277999997 0.193851948 0.00677163946
v 0.277999997 0.192878678 0.00612132112
v 0.276851952 0.194999993 0.00677163946
v 0.276823163 0.193823174 0.00649603363
v 0.276882887 0.193031237 0.00596876396
v 0.276851952 0.192228362 0.00400000066
v 0.275878668 0.192878678 0.00400000066
v 0.277999997 0.192228362 0.00514805084
v 0.276823163 0.192503959 0.00517682172
v 0.276031226 0.193031237 0.00511711231
v 0.342000008 0.192000002 0.00400000066
v 0.342000008 0.194999993 0.00700000022
v 0.344999999 0.194999993 0.00400000066
v 0.342000008 0.192228362 0.00514805084
v 0.342000008 0.192878678 0.00612132112
v 0.343148053 0.192228362 0.00400000066
v 0.343176842 0.192503959 0.00517682172
v 0.343117118 0.193031237 0.00596876396
v 0.343732059 0.193267941 0.0057320511
v 0.343148053 0.194999993 0.00677163946
v 0.344121337 0.194999993 0.00612132112
v 0.342000008 0.193851948 0.00677163946
v 0.343176842 0.193823174 0.00649603363
v 0.343968779 0.193882883 0.00596876396
v 0.344771653 0.193851948 0.00400000066
v 0.344121337 0.192878678 0.00400000066
v 0.344771653 0.194999993 0.00514805131
v 0.344496042 0.193823174 0.00517682219
v 0.343968779 0.193031237 0.00511711231
v 0.342000008 0.215000004 0.00700000022
v 0.342000008 0.217999995 0.00400000066
v 0.344999999 0.215000004 0.00400000066
v 0.342000008 0.216148049 0.00677163946
v 0.342000008 0.217121318 0.00612132112
v 0.343148053 0.215000004 0.00677163946
v 0.343176842 0.216176823 0.00649603363
v 0.343117118 0.21696876 0.00596876396
v 0.343732059 0.216732055 0.00573205156
v 0.343148053 0.217771634 0.00400000066
v 0.344121337 0.217121318 0.00400000066
v 0.342000008 0.217771634 0.00514805084
v 0.343176842 0.217496037 0.00517682172
v 0.343968779 0.21696876 0.00511711231
v 0.344771653 0.215000004 0.00514805131
v 0.344121337 0.215000004 0.00612132112
v 0.344771653 0.216148049 0.00400000066
v 0.344496042 0.216176823 0.00517682219
v 0.343968779 0.216117114 0.00596876396
v 0.275000006 0.215000004 0.00400000066
v 0.277999997 0.217999995 0.00400000066
v 0.277999997 0.215000004 0.00700000022
v 0.275228351 0.216148049 0.00400000066
v 0.275878668 0.217121318 0.00400000066
v 0.275228351 0.215000004 0.00514805131
v 0.275503963 0.216176823 0.00517682219
v 0.276031226 0.21696876 0.00511711231
v 0.276267946 0.216732055 0.0057320511
v 0.277999997 0.217771634 0.00514805084
v 0.277999997 0.217121318 0.00612132112
v 0.276851952 0.217771634 0.00400000066
v 0.276823163 0.217496037 0.00517682219
v 0.276882887 0.21696876 0.00596876396
v 0.276851952 0.215000004 0.00677163946
v 0.275878668 0.215000004 0.00612132112
v 0.277999997 0.216148049 0.00677163946
v 0.276823163 0.216176823 0.00649603363
v 0.276031226 0.216117114 0.00596876396
usemtl matte_black_keycaps_003
f 1851 1926 1869 1795
f 1794 1814 1832 1852
f 1831 1908 1927 1850
f 1870 1928 1907 1889
f 1813 1890 1909 1833
f 1793 1796 1799 1798
f 1796 1797 1800 1799
f 1798 1799 1811 1808
f 1799 1800 1801 1811
f 1794 1802 1805 1804
f 1802 1803 1806 1805
f 1804 1805 1800 1797
f 1805 1806 1801 1800
f 1795 1807 1810 1809
f 1807 1808 1811 1810
f 1809 1810 1806 1803
f 1810 1811 1801 1806
f 1812 1815 1818 1817
f 1815 1816 1819 1818
f 1817 1818 1830 1827
f 1818 1819 1820 1830
f 1813 1821 1824 1823
f 1821 1822 1825 1824
f 1823 1824 1819 1816
f 1824 1825 1820 1819
f 1814 1826 1829 1828
f 1826 1827 1830 1829
f 1828 1829 1825 1822
f 1829 1830 1820 1825
f 1831 1834 1837 1836
f 1834 1835 1838 1837
f 1836 1837 1849 1846
f 1837 1838 1839 1849
f 1832 1840 1843 1842
f 1840 1841 1844 1843
f 1842 1843 1838 1835
f 1843 1844 1839 1838
f 1833 1845 1848 1847
f 1845 1846 1849 1848
f 1847 1848 1844 1841
f 1848 1849 1839 1844
f 1850 1853 1856 1855
f 1853 1854 1857 1856
f 1855 1856 1868 1865
f 1856 1857 1858 1868
f 1851 1859 1862 1861
f 1859 1860 1863 1862
f 1861 1862 1857 1854
f 1862 1863 1858 1857
f 1852 1864 1867 1866
f 1864 1865 1868 1867
f 1866 1867 1863 1860
f 1867 1868 1858 1863
f 1869 1872 1875 1874
f 1872 1873 1876 1875
f 1874 1875 1887 1884
f 1875 1876 1877 1887
f 1870 1878 1881 1880
f 1878 1879 1882 1881
f 1880 1881 1876 1873
f 1881 1882 1877 1876
f 1871 1883 1886 1885
f 1883 1884 1887 1886
f 1885 1886 1882 1879
f 1886 1887 1877 1882
f 1888 1891 1894 1893
f 1891 1892 1895 1894
f 1893 1894 1906 1903
f 1894 1895 1896 1906
f 1889 1897 1900 1899
f 1897 1898 1901 1900
f 1899 1900 1895 1892
f 1900 1901 1896 1895
f 1890 1902 1905 1904
f 1902 1903 1906 1905
f 1904 1905 1901 1898
f 1905 1906 1896 1901
f 1907 1910 1913 1912
f 1910 1911 1914 1913
f 1912 1913 1925 1922
f 1913 1914 1915 1925
f 1908 1916 1919 1918
f 1916 1917 1920 1919
f 1918 1919 1914 1911
f 1919 1920 1915 1914
f 1909 1921 1924 1923
f 1921 1922 1925 1924
f 1923 1924 1920 1917
f 1924 1925 1915 1920
f 1926 1929 1932 1931
f 1929 1930 1933 1932
f 1931 1932 1944 1941
f 1932 1933 1934 1944
f 1927 1935 1938 1937
f 1935 1936 1939 1938
f 1937 1938 1933 1930
f 1938 1939 1934 1933
f 1928 1940 1943 1942
f 1940 1941 1944 1943
f 1942 1943 1939 1936
f 1943 1944 1934 1939
f 1831 1850 1855 1834
f 1834 1855 1865 1835
f 1835 1865 1864 1842
f 1842 1864 1852 1832
f 1793 1812 1817 1796
f 1796 1817 1827 1797
f 1797 1827 1826 1804
f 1804 1826 1814 1794
f 1813 1833 1847 1821
f 1821 1847 1841 1822
f 1822 1841 1840 1828
f 1828 1840 1832 1814
f 1794 1852 1866 1802
f 1802 1866 1860 1803
f 1803 1860 1859 1809
f 1809 1859 1851 1795
f 1795 1869 1874 1807
f 1807 1874 1884 1808
f 1808 1884 1883 1798
f 1798 1883 1871 1793
f 1870 1889 1899 1878
f 1878 1899 1892 1879
f 1879 1892 1891 1885
f 1885 1891 1888 1871
f 1889 1907 1912 1897
f 1897 1912 1922 1898
f 1898 1922 1921 1904
f 1904 1921 1909 1890
f 1869 1926 1931 1872
f 1872 1931 1941 1873
f 1873 1941 1940 1880
f 1880 1940 1928 1870
f 1812 1888 1893 1815
f 1815 1893 1903 1816
f 1816 1903 1902 1823
f 1823 1902 1890 1813
f 1833 1909 1923 1845
f 1845 1923 1917 1846
f 1846 1917 1916 1836
f 1836 1916 1908 1831
f 1907 1928 1942 1910
f 1910 1942 1936 1911
f 1911 1936 1935 1918
f 1918 1935 1927 1908
f 1850 1927 1937 1853
f 1853 1937 1930 1854
f 1854 1930 1929 1861
f 1861 1929 1926 1851
f 1793 1871 1888 1812
