mtllib keyboard_key_3_0_caps_link.mtl
o keyboard_key_3_0_caps_link

g keyboard_key_3_0_caps_SOLID
v -0.0251699984 -0.0164999999 0
v -0.0251699984 -0.0130000003 -0.00349999964
v -0.028670013 -0.0130000003 0
v -0.0251699984 -0.0162335783 -0.00133939087
v -0.0251699984 -0.0154748745 -0.00247487426
v -0.0265094042 -0.0162335783 0
v -0.0265429616 -0.0159120411 -0.00137295946
v -0.0264733136 -0.0152968913 -0.00229689106
v -0.0271907151 -0.0150207281 -0.00202072784
v -0.0265094042 -0.0130000003 -0.00323357806
v -0.0276448727 -0.0130000003 -0.00247487426
v -0.0251699984 -0.0143393911 -0.00323357806
v -0.0265429616 -0.0143729597 -0.0029120408
v -0.0274668932 -0.0143032968 -0.00229689106
v -0.0284035802 -0.0143393911 0
v -0.0276448727 -0.0154748745 0
v -0.0284035802 -0.0130000003 -0.00133939087
v -0.0280820429 -0.0143729597 -0.00137295946
v -0.0274668932 -0.0152968913 -0.00130329654
v 0.0251699984 -0.0164999999 0
v 0.028670013 -0.0130000003 0
v 0.0251699984 -0.0130000003 -0.00349999964
v 0.0265094042 -0.0162335783 0
v 0.0276448727 -0.0154748745 0
v 0.0251699984 -0.0162335783 -0.00133939087
v 0.0265429616 -0.0159120411 -0.00137295946
v 0.0274668932 -0.0152968913 -0.00130329654
v 0.0271907151 -0.0150207281 -0.00202072784
v 0.0284035802 -0.0130000003 -0.0013393946
v 0.0276448727 -0.0130000003 -0.00247487426
v 0.0284035802 -0.0143393911 0
v 0.0280820429 -0.0143729597 -0.00137295946
v 0.0274668932 -0.0143032968 -0.00229689106
v 0.0251699984 -0.0143393911 -0.00323357806
v 0.0251699984 -0.0154748745 -0.00247487426
v 0.0265094042 -0.0130000003 -0.00323357806
v 0.0265429616 -0.0143729597 -0.0029120408
v 0.0264733136 -0.0152968913 -0.00229689106
v 0.0251699984 0.0164999962 0
v 0.0251699984 0.0129999965 -0.00349999964
v 0.028670013 0.0129999965 0
v 0.0251699984 0.0162335783 -0.00133939087
v 0.0251699984 0.0154748708 -0.00247487426
v 0.0265094042 0.0162335783 0
v 0.0265429616 0.0159120411 -0.00137295946
v 0.0264733136 0.0152968913 -0.00229689106
v 0.0271907151 0.0150207281 -0.00202072784
v 0.0265094042 0.0129999965 -0.00323357806
v 0.0276448727 0.0129999965 -0.00247487426
v 0.0251699984 0.0143393949 -0.00323357806
v 0.0265429616 0.0143729597 -0.0029120408
v 0.0274668932 0.0143032968 -0.00229689106
v 0.0284035802 0.0143393949 0
v 0.0276448727 0.0154748708 0
v 0.0284035802 0.0129999965 -0.00133939087
v 0.0280820429 0.0143729597 -0.00137295946
v 0.0274668932 0.0152968913 -0.00130329654
v -0.0251699984 0.0164999962 0
v -0.028670013 0.0129999965 0
v -0.0251699984 0.0129999965 -0.00349999964
v -0.0265094042 0.0162335783 0
v -0.0276448727 0.0154748708 0
v -0.0251699984 0.0162335783 -0.00133939087
v -0.0265429616 0.0159120411 -0.00137295946
v -0.0274668932 0.0152968913 -0.00130329654
v -0.0271907151 0.0150207281 -0.00202072784
v -0.0284035802 0.0129999965 -0.0013393946
v -0.0276448727 0.0129999965 -0.00247487426
v -0.0284035802 0.0143393949 0
v -0.0280820429 0.0143729597 -0.00137295946
v -0.0274668932 0.0143032968 -0.00229689106
v -0.0251699984 0.0143393949 -0.00323357806
v -0.0251699984 0.0154748708 -0.00247487426
v -0.0265094042 0.0129999965 -0.00323357806
v -0.0265429616 0.0143729597 -0.0029120408
v -0.0264733136 0.0152968913 -0.00229689106
v -0.028670013 -0.0130000003 0
v -0.0251699984 -0.0130000003 0.00350000337
v -0.0251699984 -0.0164999999 0
v -0.0284035802 -0.0130000003 0.0013393946
v -0.0276448727 -0.0130000003 0.00247487426
v -0.0284035802 -0.0143393911 0
v -0.0280820429 -0.0143729597 0.00137295946
v -0.0274668932 -0.0143032968 0.00229689106
v -0.0271907151 -0.0150207281 0.00202072784
v -0.0251699984 -0.0143393911 0.00323357806
v -0.0251699984 -0.0154748745 0.00247487426
v -0.0265094042 -0.0130000003 0.00323357806
v -0.0265429616 -0.0143729597 0.0029120408
v -0.0264733136 -0.0152968913 0.00229689106
v -0.0265094042 -0.0162335783 0
v -0.0276448727 -0.0154748745 0
v -0.0251699984 -0.0162335783 0.00133939087
v -0.0265429616 -0.0159120411 0.00137295946
v -0.0274668932 -0.0152968913 0.00130329654
v 0.0251699984 -0.0164999999 0
v 0.0251699984 -0.0130000003 0.00350000337
v 0.028670013 -0.0130000003 0
v 0.0251699984 -0.0162335783 0.00133939087
v 0.0251699984 -0.0154748745 0.00247487426
v 0.0265094042 -0.0162335783 0
v 0.0265429616 -0.0159120411 0.00137295946
v 0.0264733136 -0.0152968913 0.00229689106
v 0.0271907151 -0.0150207281 0.00202072784
v 0.0265094042 -0.0130000003 0.00323357806
v 0.0276448727 -0.0130000003 0.00247487426
v 0.0251699984 -0.0143393911 0.00323357806
v 0.0265429616 -0.0143729597 0.0029120408
v 0.0274668932 -0.0143032968 0.00229689106
v 0.0284035802 -0.0143393911 0
v 0.0276448727 -0.0154748745 0
v 0.0284035802 -0.0130000003 0.00133939087
v 0.0280820429 -0.0143729597 0.00137295946
v 0.0274668932 -0.0152968913 0.00130329654
v 0.0251699984 0.0129999965 0.00350000337
v 0.0251699984 0.0164999962 0
v 0.028670013 0.0129999965 0
v 0.0251699984 0.0143393949 0.00323357806
v 0.0251699984 0.0154748708 0.00247487426
v 0.0265094042 0.0129999965 0.00323357806
v 0.0265429616 0.0143729597 0.0029120408
v 0.0264733136 0.0152968913 0.00229689106
v 0.0271907151 0.0150207281 0.00202072784
v 0.0265094042 0.0162335783 0
v 0.0276448727 0.0154748708 0
v 0.0251699984 0.0162335783 0.00133939087
v 0.0265429616 0.0159120411 0.00137295946
v 0.0274668932 0.0152968913 0.00130329654
v 0.0284035802 0.0129999965 0.0013393946
v 0.0276448727 0.0129999965 0.00247487426
v 0.0284035802 0.0143393949 0
v 0.0280820429 0.0143729597 0.00137295946
v 0.0274668932 0.0143032968 0.00229689106
v -0.028670013 0.0129999965 0
v -0.0251699984 0.0164999962 0
v -0.0251699984 0.0129999965 0.00350000337
v -0.0284035802 0.0143393949 0
v -0.0276448727 0.0154748708 0
v -0.0284035802 0.0129999965 0.00133939087
v -0.0280820429 0.0143729597 0.00137295946
v -0.0274668932 0.0152968913 0.00130329654
v -0.0271907151 0.0150207281 0.00202072784
v -0.0251699984 0.0162335783 0.00133939087
v -0.0251699984 0.0154748708 0.00247487426
v -0.0265094042 0.0162335783 0
v -0.0265429616 0.0159120411 0.00137295946
v -0.0264733136 0.0152968913 0.00229689106
v -0.0265094042 0.0129999965 0.00323357806
v -0.0276448727 0.0129999965 0.00247487426
v -0.0251699984 0.0143393949 0.00323357806
v -0.0265429616 0.0143729597 0.0029120408
v -0.0274668932 0.0143032968 0.00229689106
usemtl matte_black_keycaps_003
f 59 134 77 3
f 2 22 40 60
f 39 116 135 58
f 78 136 115 97
f 21 98 117 41
f 1 4 7 6
f 4 5 8 7
f 6 7 19 16
f 7 8 9 19
f 2 10 13 12
f 10 11 14 13
f 12 13 8 5
f 13 14 9 8
f 3 15 18 17
f 15 16 19 18
f 17 18 14 11
f 18 19 9 14
f 20 23 26 25
f 23 24 27 26
f 25 26 38 35
f 26 27 28 38
f 21 29 32 31
f 29 30 33 32
f 31 32 27 24
f 32 33 28 27
f 22 34 37 36
f 34 35 38 37
f 36 37 33 30
f 37 38 28 33
f 39 42 45 44
f 42 43 46 45
f 44 45 57 54
f 45 46 47 57
f 40 48 51 50
f 48 49 52 51
f 50 51 46 43
f 51 52 47 46
f 41 53 56 55
f 53 54 57 56
f 55 56 52 49
f 56 57 47 52
f 58 61 64 63
f 61 62 65 64
f 63 64 76 73
f 64 65 66 76
f 59 67 70 69
f 67 68 71 70
f 69 70 65 62
f 70 71 66 65
f 60 72 75 74
f 72 73 76 75
f 74 75 71 68
f 75 76 66 71
f 77 80 83 82
f 80 81 84 83
f 82 83 95 92
f 83 84 85 95
f 78 86 89 88
f 86 87 90 89
f 88 89 84 81
f 89 90 85 84
f 79 91 94 93
f 91 92 95 94
f 93 94 90 87
f 94 95 85 90
f 96 99 102 101
f 99 100 103 102
f 101 102 114 111
f 102 103 104 114
f 97 105 108 107
f 105 106 109 108
f 107 108 103 100
f 108 109 104 103
f 98 110 113 112
f 110 111 114 113
f 112 113 109 106
f 113 114 104 109
f 115 118 121 120
f 118 119 122 121
f 120 121 133 130
f 121 122 123 133
f 116 124 127 126
f 124 125 128 127
f 126 127 122 119
f 127 128 123 122
f 117 129 132 131
f 129 130 133 132
f 131 132 128 125
f 132 133 123 128
f 134 137 140 139
f 137 138 141 140
f 139 140 152 149
f 140 141 142 152
f 135 143 146 145
f 143 144 147 146
f 145 146 141 138
f 146 147 142 141
f 136 148 151 150
f 148 149 152 151
f 150 151 147 144
f 151 152 142 147
f 39 58 63 42
f 42 63 73 43
f 43 73 72 50
f 50 72 60 40
f 1 20 25 4
f 4 25 35 5
f 5 35 34 12
f 12 34 22 2
f 21 41 55 29
f 29 55 49 30
f 30 49 48 36
f 36 48 40 22
f 2 60 74 10
f 10 74 68 11
f 11 68 67 17
f 17 67 59 3
f 3 77 82 15
f 15 82 92 16
f 16 92 91 6
f 6 91 79 1
f 78 97 107 86
f 86 107 100 87
f 87 100 99 93
f 93 99 96 79
f 97 115 120 105
f 105 120 130 106
f 106 130 129 112
f 112 129 117 98
f 77 134 139 80
f 80 139 149 81
f 81 149 148 88
f 88 148 136 78
f 20 96 101 23
f 23 101 111 24
f 24 111 110 31
f 31 110 98 21
f 41 117 131 53
f 53 131 125 54
f 54 125 124 44
f 44 124 116 39
f 115 136 150 118
f 118 150 144 119
f 119 144 143 126
f 126 143 135 116
f 58 135 145 61
f 61 145 138 62
f 62 138 137 69
f 69 137 134 59
f 1 79 96 20

g key_legend_3_0_caps
v 0.00461098552 -0.00071400404 0.00450000539
v 0.00452512503 -0.000664420426 0.00450000539
v 0.00444066525 -0.000620141625 0.00450000539
v 0.00435787439 -0.000581040978 0.00450000539
v 0.00427702069 -0.000546991825 0.00450000539
v 0.00419840217 -0.000517874956 0.00450000539
v 0.00412222743 -0.000493578613 0.00450000539
v 0.00404882431 -0.000473961234 0.00450000539
v 0.00397843122 -0.000458925962 0.00450000539
v 0.00391131639 -0.000448331237 0.00450000539
v 0.00384774804 -0.000442065299 0.00450000539
v 0.00378802419 -0.000440001488 0.00450000539
v 0.00372695923 -0.000442437828 0.00450000539
v 0.00366991758 -0.000449597836 0.00450000539
v 0.00361716747 -0.000461220741 0.00450000539
v 0.00356894732 -0.000477075577 0.00450000539
v 0.00352546573 -0.000496916473 0.00450000539
v 0.00348702073 -0.000520505011 0.00450000539
v 0.00345379114 -0.000547587872 0.00450000539
v 0.00342607498 -0.000577926636 0.00450000539
v 0.00340411067 -0.000611282885 0.00450000539
v 0.00338810682 -0.00064741075 0.00450000539
v 0.00337833166 -0.000686064363 0.00450000539
v 0.0033750236 -0.000727005303 0.00450000539
v 0.00337946415 -0.000762656331 0.00450000539
v 0.00339314342 -0.000799916685 0.00450000539
v 0.00341647863 -0.000839218497 0.00450000539
v 0.00344994664 -0.000881001353 0.00450000539
v 0.00349399447 -0.000925697386 0.00450000539
v 0.00354912877 -0.000973753631 0.00450000539
v 0.00361579657 -0.00102559477 0.00450000539
v 0.00369441509 -0.00108166784 0.00450000539
v 0.00378549099 -0.00114240497 0.00450000539
v 0.00388947129 -0.0012082532 0.00450000539
v 0.00400683284 -0.00127963722 0.00450000539
v 0.00413802266 -0.00135700405 0.00450000539
v 0.00426074862 -0.00144026428 0.00450000539
v 0.00437024236 -0.00151906908 0.00450000539
v 0.0044670105 -0.00159423798 0.00450000539
v 0.00455152988 -0.00166656077 0.00450000539
v 0.00462427735 -0.00173683465 0.00450000539
v 0.00468575954 -0.00180587918 0.00450000539
v 0.00473645329 -0.00187447667 0.00450000539
v 0.00477683544 -0.0019434467 0.00450000539
v 0.00480738282 -0.00201357901 0.00450000539
v 0.00482860208 -0.00208568573 0.00450000539
v 0.00484099984 -0.00216055661 0.00450000539
v 0.00484502316 -0.00223900378 0.00450000539
v 0.00483599305 -0.00237335265 0.00450000539
v 0.00480958819 -0.00249946117 0.00450000539
v 0.00476682186 -0.00261667371 0.00450000539
v 0.00470864773 -0.0027243346 0.00450000539
v 0.00463607907 -0.00282178819 0.00450000539
v 0.00455012918 -0.00290837884 0.00450000539
v 0.00445178151 -0.00298344344 0.00450000539
v 0.00434204936 -0.00304633379 0.00450000539
v 0.0042219162 -0.00309639424 0.00450000539
v 0.0040923655 -0.00313296169 0.00450000539
v 0.00395438075 -0.00315538049 0.00450000539
v 0.00380900502 -0.00316300243 0.00450000539
v 0.00371441245 -0.0031613633 0.00450000539
v 0.0036226511 -0.00315632671 0.00450000539
v 0.00353306532 -0.00314769149 0.00450000539
v 0.00344499946 -0.00313526392 0.00450000539
v 0.00335782766 -0.00311885029 0.00450000539
v 0.00327089429 -0.00309824944 0.00450000539
v 0.00318348408 -0.00307328254 0.00450000539
v 0.00309500098 -0.00304374099 0.00450000539
v 0.00300478935 -0.00300943851 0.00450000539
v 0.00291213393 -0.00297018141 0.00450000539
v 0.00281643867 -0.00292576104 0.00450000539
v 0.00271701813 -0.00287599862 0.00450000539
v 0.00271701813 -0.00220400095 0.00450000539
v 0.00281772017 -0.00227094442 0.00450000539
v 0.00291669369 -0.00233181566 0.00450000539
v 0.00301364064 -0.00238665938 0.00450000539
v 0.00310823321 -0.00243552029 0.00450000539
v 0.00320020318 -0.00247845054 0.00450000539
v 0.00328925252 -0.00251550227 0.00450000539
v 0.00337511301 -0.00254672021 0.00450000539
v 0.00345745683 -0.00257214904 0.00450000539
v 0.00353601575 -0.00259184837 0.00450000539
v 0.00361049175 -0.00260585546 0.00450000539
v 0.00368058681 -0.00261422247 0.00450000539
v 0.00374600291 -0.00261700153 0.00450000539
v 0.00380805135 -0.00261131674 0.00450000539
v 0.0038677454 -0.00260125101 0.00450000539
v 0.00392451882 -0.00258681178 0.00450000539
v 0.00397780538 -0.00256799906 0.00450000539
v 0.00402697921 -0.00254481286 0.00450000539
v 0.00407150388 -0.00251725316 0.00450000539
v 0.00411078334 -0.00248531252 0.00450000539
v 0.00414422154 -0.00244900584 0.00450000539
v 0.00417125225 -0.00240831822 0.00450000539
v 0.00419127941 -0.00236324966 0.00450000539
v 0.00420373678 -0.00231381506 0.00450000539
v 0.00420799851 -0.00225999951 0.00450000539
v 0.00417909026 -0.00215525925 0.00450000539
v 0.00409913063 -0.00205612928 0.00450000539
v 0.00397831202 -0.00195977092 0.00450000539
v 0.00382691622 -0.00186333805 0.00450000539
v 0.00365507603 -0.00176398456 0.00450000539
v 0.00347301364 -0.00165887922 0.00450000539
v 0.00329095125 -0.00154516101 0.00450000539
v 0.00311911106 -0.00141999871 0.00450000539
v 0.00296771526 -0.00128054619 0.00450000539
v 0.00284689665 -0.00112395734 0.00450000539
v 0.00276693702 -0.000947393477 0.00450000539
v 0.00273799896 -0.000748001039 0.00450000539
v 0.00274637341 -0.000619441271 0.00450000539
v 0.00277099013 -0.000500023365 0.00450000539
v 0.00281128287 -0.000390127301 0.00450000539
v 0.00286659598 -0.00029014796 0.00450000539
v 0.00293630362 -0.000200480223 0.00450000539
v 0.00301975012 -0.000121504068 0.00450000539
v 0.00311633945 -5.36069274e-05 0.00450000539
v 0.00322541595 2.81631947e-06 0.00450000539
v 0.00334635377 4.73707914e-05 0.00450000539
v 0.00347852707 7.96839595e-05 0.00450000539
v 0.00362128019 9.93534923e-05 0.00450000539
v 0.0037740171 0.00010599941 0.00450000539
v 0.00384765863 0.000104241073 0.00450000539
v 0.0039216876 9.89660621e-05 0.00450000539
v 0.00399616361 9.01371241e-05 0.00450000539
v 0.00407111645 7.77393579e-05 0.00450000539
v 0.00414666533 6.17429614e-05 0.00450000539
v 0.00422289968 4.21255827e-05 0.00450000539
v 0.00429981947 1.88574195e-05 0.00450000539
v 0.00437757373 -8.07642937e-06 0.00450000539
v 0.00445619226 -3.87057662e-05 0.00450000539
v 0.00453573465 -7.30529428e-05 0.00450000539
v 0.00461632013 -0.000111140311 0.00450000539
v 0.0046980083 -0.000153005123 0.00450000539
v 0.0046980083 -0.000769004226 0.00450000539
v -0.000670999289 -0.00471000373 0.00450000539
v -0.000670999289 4.29973006e-05 0.00450000539
v 0.000407010317 4.29973006e-05 0.00450000539
v 0.000683009624 3.13818455e-05 0.00450000539
v 0.000936806202 -3.27825546e-06 0.00450000539
v 0.00116804242 -6.06924295e-05 0.00450000539
v 0.00137639046 -0.000140555203 0.00450000539
v 0.00156149268 -0.000242590904 0.00450000539
v 0.00172302127 -0.00036650151 0.00450000539
v 0.00186061859 -0.000511996448 0.00450000539
v 0.00197398663 -0.000678777695 0.00450000539
v 0.00206273794 -0.000866562128 0.00450000539
v 0.00212654471 -0.00107505918 0.00450000539
v 0.00216507912 -0.00130397081 0.00450000539
v 0.00217801332 -0.00155299902 0.00450000539
v 0.00216439366 -0.00178319216 0.00450000539
v 0.00212445855 -0.00200038403 0.00450000539
v 0.00205954909 -0.00220323354 0.00450000539
v 0.0019711256 -0.00239040703 0.00450000539
v 0.00186052918 -0.00256057084 0.00450000539
v 0.00172913074 -0.00271237642 0.00450000539
v 0.0015783608 -0.00284449756 0.00450000539
v 0.00140956044 -0.00295559317 0.00450000539
v 0.00122416019 -0.00304432958 0.00450000539
v 0.00102350116 -0.0031093657 0.00450000539
v 0.000808984041 -0.00314936787 0.00450000539
v 0.000582009554 -0.00316300243 0.00450000539
v 0.00053152442 -0.00316211581 0.00450000539
v 0.000481396914 -0.00315944105 0.00450000539
v 0.000431418419 -0.0031549111 0.00450000539
v 0.000381350517 -0.00314848125 0.00450000539
v 0.000330984592 -0.00314011425 0.00450000539
v 0.00028014183 -0.00312975049 0.00450000539
v 0.00022855401 -0.00311734527 0.00450000539
v 0.000176012516 -0.00310285389 0.00450000539
v 0.000122308731 -0.0030862242 0.00450000539
v 6.72340393e-05 -0.00306740403 0.00450000539
v 1.05202198e-05 -0.00304634124 0.00450000539
v -4.7981739e-05 -0.00302299857 0.00450000539
v -4.7981739e-05 -0.00471000373 0.00450000539
v -4.47034836e-07 -0.00248487294 0.00450000539
v 4.75943089e-05 -0.00250496715 0.00450000539
v 9.60528851e-05 -0.00252326578 0.00450000539
v 0.000144898891 -0.00253974646 0.00450000539
v 0.000194042921 -0.00255437195 0.00450000539
v 0.000243395567 -0.00256712735 0.00450000539
v 0.000292897224 -0.00257799029 0.00450000539
v 0.000342458487 -0.00258693099 0.00450000539
v 0.000392019749 -0.00259392709 0.00450000539
v 0.000441521406 -0.00259894878 0.00450000539
v 0.000490874052 -0.00260198861 0.00450000539
v 0.000540018082 -0.00260300189 0.00450000539
v 0.000681757927 -0.00259383768 0.00450000539
v 0.00081589818 -0.00256700069 0.00450000539
v 0.000941514969 -0.0025234893 0.00450000539
v 0.00105774403 -0.00246430188 0.00450000539
v 0.00116366148 -0.00239042938 0.00450000539
v 0.00125837326 -0.0023028776 0.00450000539
v 0.0013409853 -0.00220263749 0.00450000539
v 0.00141060352 -0.00209070742 0.00450000539
v 0.00146630406 -0.00196807832 0.00450000539
v 0.00150722265 -0.001835756 0.00450000539
v 0.00153240561 -0.00169473141 0.00450000539
v 0.00154101849 -0.00154600292 0.00450000539
v 0.00153386593 -0.00138899684 0.00450000539
v 0.00151246786 -0.00124374032 0.00450000539
v 0.00147682428 -0.00111058354 0.00450000539
v 0.0014269352 -0.000989891589 0.00450000539
v 0.0013628602 -0.000882036984 0.00450000539
v 0.00128462911 -0.000787377357 0.00450000539
v 0.00119224191 -0.000706277788 0.00450000539
v 0.00108575821 -0.000639110804 0.00450000539
v 0.000965148211 -0.000586234033 0.00450000539
v 0.000830471516 -0.000548012555 0.00450000539
v 0.000681757927 -0.000524818897 0.00450000539
v 0.000519007444 -0.000517003238 0.00450000539
v -4.7981739e-05 -0.000517003238 0.00450000539
v -4.7981739e-05 -0.00246300548 0.00450000539
v -0.00125038624 -0.00296252966 0.00450000539
v -0.00131261349 -0.00300177187 0.00450000539
v -0.00136956573 -0.00303601474 0.00450000539
v -0.00142204762 -0.00306551903 0.00450000539
v -0.00147095323 -0.00309055299 0.00450000539
v -0.00151711702 -0.00311137736 0.00450000539
v -0.00156137347 -0.00312826782 0.00450000539
v -0.00160458684 -0.00314148515 0.00450000539
v -0.00164759159 -0.00315129757 0.00450000539
v -0.0016912818 -0.00315798074 0.00450000539
v -0.00173646212 -0.00316178799 0.00450000539
v -0.00178399682 -0.00316300243 0.00450000539
v -0.00184962153 -0.00316094607 0.00450000539
v -0.00191015005 -0.00315470248 0.00450000539
v -0.00196567178 -0.00314418972 0.00450000539
v -0.00201627612 -0.003129296 0.00450000539
v -0.0020621419 -0.00310993195 0.00450000539
v -0.00210335851 -0.00308600068 0.00450000539
v -0.00214004517 -0.00305740535 0.00450000539
v -0.00217235088 -0.00302404165 0.00450000539
v -0.00220036507 -0.00298581272 0.00450000539
v -0.00222423673 -0.00294262916 0.00450000539
v -0.00224408507 -0.0028943941 0.00450000539
v -0.00225999951 -0.00284100324 0.00450000539
v -0.00232851505 -0.00289291888 0.00450000539
v -0.00239759684 -0.00294020027 0.00450000539
v -0.00246715546 -0.00298286229 0.00450000539
v -0.00253713131 -0.00302092731 0.00450000539
v -0.00260752439 -0.00305442512 0.00450000539
v -0.00267824531 -0.00308337808 0.00450000539
v -0.00274926424 -0.00310780853 0.00450000539
v -0.00282049179 -0.00312774628 0.00450000539
v -0.00289195776 -0.00314320624 0.00450000539
v -0.00296354294 -0.0031542182 0.00450000539
v -0.00303524733 -0.00316081196 0.00450000539
v -0.00310698152 -0.00316300243 0.00450000539
v -0.00321918726 -0.003155604 0.00450000539
v -0.00332444906 -0.00313416123 0.00450000539
v -0.00342220068 -0.00309978426 0.00450000539
v -0.00351193547 -0.00305359811 0.00450000539
v -0.0035931468 -0.00299671292 0.00450000539
v -0.00366523862 -0.00293025374 0.00450000539
v -0.00372770429 -0.00285533071 0.00450000539
v -0.00378003716 -0.0027730763 0.00450000539
v -0.00382164121 -0.0026845932 0.00450000539
v -0.00385203958 -0.00259101391 0.00450000539
v -0.00387066603 -0.0024934411 0.00450000539
v -0.00387698412 -0.00239299983 0.00450000539
v -0.00386554003 -0.00224604458 0.00450000539
v -0.00383266807 -0.00211568922 0.00450000539
v -0.003780514 -0.00200045854 0.00450000539
v -0.00371131301 -0.00189885497 0.00450000539
v -0.00362724066 -0.0018094033 0.00450000539
v -0.00353047252 -0.00173062831 0.00450000539
v -0.00342321396 -0.00166103244 0.00450000539
v -0.00330764055 -0.00159914792 0.00450000539
v -0.00318595767 -0.00154348463 0.00450000539
v -0.00306031108 -0.00149255991 0.00450000539
v -0.00293293595 -0.00144489855 0.00450000539
v -0.00280597806 -0.00139900297 0.00450000539
v -0.00225299597 -0.00120300055 0.00450000539
v -0.00225299597 -0.00103500485 0.00450000539
v -0.00225692987 -0.000941775739 0.00450000539
v -0.00226873159 -0.000857926905 0.00450000539
v -0.00228843093 -0.000783219934 0.00450000539
v -0.00231599808 -0.000717408955 0.00450000539
v -0.00235143304 -0.000660248101 0.00450000539
v -0.00239473581 -0.000611498952 0.00450000539
v -0.0024459362 -0.00057092309 0.00450000539
v -0.0025049746 -0.000538259745 0.00450000539
v -0.00257191062 -0.000513285398 0.00450000539
v -0.00264674425 -0.000495739281 0.00450000539
v -0.00272941589 -0.000485397875 0.00450000539
v -0.00281998515 -0.000482000411 0.00450000539
v -0.00290584564 -0.000485375524 0.00450000539
v -0.00299182534 -0.000495582819 0.00450000539
v -0.00307768583 -0.000512734056 0.00450000539
v -0.0031632483 -0.000536963344 0.00450000539
v -0.00324833393 -0.000568389893 0.00450000539
v -0.00333273411 -0.000607125461 0.00450000539
v -0.00341627002 -0.00065330416 0.00450000539
v -0.00349873304 -0.000707037747 0.00450000539
v -0.00357991457 -0.000768452883 0.00450000539
v -0.00365966558 -0.000837676227 0.00450000539
v -0.00373774767 -0.000914812088 0.00450000539
v -0.00381398201 -0.00100000203 0.00450000539
v -0.00381398201 -0.000321000814 0.00450000539
v -0.00375068188 -0.000252313912 0.00450000539
v -0.00368326902 -0.000189721584 0.00450000539
v -0.00361165404 -0.00013320148 0.00450000539
v -0.00353580713 -8.27461481e-05 0.00450000539
v -0.00345566869 -3.83108854e-05 0.00450000539
v -0.00337123871 1.2665987e-07 0.00450000539
v -0.00328242779 3.25739384e-05 0.00450000539
v -0.00318917632 5.90756536e-05 0.00450000539
v -0.00309145451 7.9639256e-05 0.00450000539
v -0.00298923254 9.43019986e-05 0.00450000539
v -0.00288242102 0.000103078783 0.00450000539
v -0.00277099013 0.00010599941 0.00450000539
v -0.00261473656 9.92491841e-05 0.00450000539
v -0.00246527791 7.88420439e-05 0.00450000539
v -0.0023239851 4.45321202e-05 0.00450000539
v -0.00219205022 -3.92645597e-06 0.00450000539
v -0.00207084417 -6.67721033e-05 0.00450000539
v -0.00196161866 -0.000144250691 0.00450000539
v -0.00186565518 -0.000236608088 0.00450000539
v -0.00178423524 -0.000344075263 0.00450000539
v -0.00171869993 -0.000466905534 0.00450000539
v -0.00167027116 -0.000605344772 0.00450000539
v -0.00164026022 -0.000759631395 0.00450000539
v -0.00162997842 -0.000930003822 0.00450000539
v -0.00162997842 -0.00254700333 0.00450000539
v -0.00162911415 -0.00257516652 0.00450000539
v -0.00162652135 -0.00260024518 0.00450000539
v -0.00162222981 -0.0026223585 0.00450000539
v -0.00161623955 -0.00264163315 0.00450000539
v -0.00160861015 -0.00265818089 0.00450000539
v -0.00159937143 -0.00267212838 0.00450000539
v -0.00158849359 -0.00268359482 0.00450000539
v -0.00157606602 -0.00269270688 0.00450000539
v -0.00156205893 -0.00269958377 0.00450000539
v -0.00154653192 -0.00270433724 0.00450000539
v -0.00152951479 -0.00270710886 0.00450000539
v -0.00151097775 -0.00270800292 0.00450000539
v -0.00149396062 -0.00270669907 0.00450000539
v -0.0014744699 -0.00270284712 0.00450000539
v -0.0014526844 -0.00269652158 0.00450000539
v -0.00142881274 -0.00268778205 0.00450000539
v -0.00140297413 -0.00267671049 0.00450000539
v -0.00137534738 -0.00266337395 0.00450000539
v -0.0013461411 -0.00264786184 0.00450000539
v -0.00131550431 -0.00263022631 0.00450000539
v -0.00128358603 -0.00261054933 0.00450000539
v -0.00125059485 -0.00258890539 0.00450000539
v -0.00121667981 -0.00256536156 0.00450000539
v -0.00118198991 -0.00253999978 0.00450000539
v -0.00118198991 -0.00291800499 0.00450000539
v -0.002384305 -0.00159160793 0.00450000539
v -0.0025113523 -0.00163787603 0.00450000539
v -0.00263273716 -0.00168545544 0.00450000539
v -0.00274714828 -0.0017350018 0.00450000539
v -0.00285318494 -0.00178717077 0.00450000539
v -0.00294947624 -0.00184262544 0.00450000539
v -0.00303471088 -0.00190201402 0.00450000539
v -0.00310751796 -0.0019659996 0.00450000539
v -0.00316649675 -0.00203523785 0.00450000539
v -0.00321030617 -0.00211037695 0.00450000539
v -0.00323757529 -0.00219208002 0.00450000539
v -0.00324699283 -0.0022810027 0.00450000539
v -0.00324311852 -0.00234408677 0.00450000539
v -0.00323179364 -0.002403602 0.00450000539
v -0.00321340561 -0.00245917588 0.00450000539
v -0.00318840146 -0.00251044333 0.00450000539
v -0.00315716863 -0.00255705416 0.00450000539
v -0.00312012434 -0.0025986284 0.00450000539
v -0.00307765603 -0.00263480842 0.00450000539
v -0.00303024054 -0.00266522169 0.00450000539
v -0.00297826529 -0.00268951803 0.00450000539
v -0.00292208791 -0.00270732492 0.00450000539
v -0.00286221504 -0.00271826982 0.00450000539
v -0.00279897451 -0.00272200257 0.00450000539
v -0.00275027752 -0.00271998346 0.00450000539
v -0.00270214677 -0.00271400064 0.00450000539
v -0.00265461206 -0.00270417333 0.00450000539
v -0.0026076436 -0.00269062817 0.00450000539
v -0.00256127119 -0.00267349184 0.00450000539
v -0.00251549482 -0.00265287608 0.00450000539
v -0.0024702847 -0.00262890756 0.00450000539
v -0.00242564082 -0.00260170549 0.00450000539
v -0.00238162279 -0.00257138908 0.00450000539
v -0.0023381412 -0.00253809243 0.00450000539
v -0.00229528546 -0.00250191987 0.00450000539
v -0.00225299597 -0.00246300548 0.00450000539
v -0.00225299597 -0.00154600292 0.00450000539
v -0.00446084142 -0.000719942153 0.00450000539
v -0.00454327464 -0.000670544803 0.00450000539
v -0.00462183356 -0.000627472997 0.00450000539
v -0.00469702482 -0.000590369105 0.00450000539
v -0.00476938486 -0.000558912754 0.00450000539
v -0.00483947992 -0.000532753766 0.00450000539
v -0.00490781665 -0.000511549413 0.00450000539
v -0.00497496128 -0.000494964421 0.00450000539
v -0.00504139066 -0.000482656062 0.00450000539
v -0.00510770082 -0.00047428906 0.00450000539
v -0.00517436862 -0.000469520688 0.00450000539
v -0.00524199009 -0.00046800077 0.00450000539
v -0.00537997484 -0.000476770103 0.00450000539
v -0.00550991297 -0.000502578914 0.00450000539
v -0.00563102961 -0.000544674695 0.00450000539
v -0.0057426095 -0.000602297485 0.00450000539
v -0.00584390759 -0.000674702227 0.00450000539
v -0.00593411922 -0.000761128962 0.00450000539
v -0.00601252913 -0.000860825181 0.00450000539
v -0.00607836246 -0.000973038375 0.00450000539
v -0.00613087416 -0.00109701604 0.00450000539
v -0.00616931915 -0.00123200566 0.00450000539
v -0.00619295239 -0.00137725472 0.00450000539
v -0.00620099902 -0.00153200328 0.00450000539
v -0.00619235635 -0.00168927759 0.00450000539
v -0.00616690516 -0.00183530152 0.00450000539
v -0.00612530112 -0.00196961313 0.00450000539
v -0.00606825948 -0.00209174305 0.00450000539
v -0.00599640608 -0.00220123678 0.00450000539
v -0.00591048598 -0.00229762495 0.00450000539
v -0.00581115484 -0.00238045305 0.00450000539
v -0.00569906831 -0.00244925916 0.00450000539
v -0.00557491183 -0.00250358135 0.00450000539
v -0.00543940067 -0.00254295021 0.00450000539
v -0.00529322028 -0.00256691128 0.00450000539
v -0.00513699651 -0.00257500261 0.00450000539
v -0.00507074594 -0.0025735423 0.00450000539
v -0.00500479341 -0.00256916881 0.00450000539
v -0.00493890047 -0.00256187469 0.00450000539
v -0.00487279892 -0.00255166739 0.00450000539
v -0.00480622053 -0.00253854692 0.00450000539
v -0.00473886728 -0.00252250582 0.00450000539
v -0.00467050076 -0.00250354409 0.00450000539
v -0.00460085273 -0.00248166919 0.00450000539
v -0.00452962518 -0.00245687366 0.00450000539
v -0.00445657969 -0.0024291724 0.00450000539
v -0.00438147783 -0.00239854306 0.00450000539
v -0.00430399179 -0.00236500055 0.00450000539
v -0.00430399179 -0.00298099965 0.00450000539
v -0.00436028838 -0.00300516933 0.00450000539
v -0.00442352891 -0.003028512 0.00450000539
v -0.00449287891 -0.00305078179 0.00450000539
v -0.00456738472 -0.00307174027 0.00450000539
v -0.00464618206 -0.00309114903 0.00450000539
v -0.00472837687 -0.00310875475 0.00450000539
v -0.00481301546 -0.00312431902 0.00450000539
v -0.00489923358 -0.00313759595 0.00450000539
v -0.00498616695 -0.00314834714 0.00450000539
v -0.00507286191 -0.00315632671 0.00450000539
v -0.00515842438 -0.00316129625 0.00450000539
v -0.00524199009 -0.00316300243 0.00450000539
v -0.00547042489 -0.00314965844 0.00450000539
v -0.00568589568 -0.00311050564 0.00450000539
v -0.00588709116 -0.00304684788 0.00450000539
v -0.00607264042 -0.00296000391 0.00450000539
v -0.00624132156 -0.00285128504 0.00450000539
v -0.00639173388 -0.00272200257 0.00450000539
v -0.00652262568 -0.00257346779 0.00450000539
v -0.00663265586 -0.00240699947 0.00450000539
v -0.00672051311 -0.0022239089 0.00450000539
v -0.00678491592 -0.00202549994 0.00450000539
v -0.00682449341 -0.00181309879 0.00450000539
v -0.00683799386 -0.00158800185 0.00450000539
v -0.00682559609 -0.00133703649 0.00450000539
v -0.00678899884 -0.00110279769 0.00450000539
v -0.00672903657 -0.000886254013 0.00450000539
v -0.00664666295 -0.000688374043 0.00450000539
v -0.00654268265 -0.000510133803 0.00450000539
v -0.00641798973 -0.000352501869 0.00450000539
v -0.00627347827 -0.000216454268 0.00450000539
v -0.00610998273 -0.000102967024 0.00450000539
v -0.00592842698 -1.30012631e-05 0.00450000539
v -0.00572964549 5.2459538e-05 0.00450000539
v -0.00551456213 9.24542546e-05 0.00450000539
v -0.00528398156 0.00010599941 0.00450000539
v -0.00519537926 0.000104270875 0.00450000539
v -0.00511109829 9.91597772e-05 0.00450000539
v -0.00503057241 9.07927752e-05 0.00450000539
v -0.00495317578 7.92965293e-05 0.00450000539
v -0.00487831235 6.47827983e-05 0.00450000539
v -0.00480535626 4.73707914e-05 0.00450000539
v -0.00473374128 2.71946192e-05 0.00450000539
v -0.00466281176 4.36604023e-06 0.00450000539
v -0.00459197164 -2.09882855e-05 0.00450000539
v -0.00452062488 -4.87491488e-05 0.00450000539
v -0.00444817543 -7.87898898e-05 0.00450000539
v -0.00437399745 -0.00011099875 0.00450000539
v -0.00437399745 -0.000776000321 0.00450000539
v 0.00461098552 -0.00071400404 0.00409999862
v 0.00452512503 -0.000664420426 0.00409999862
v 0.00444066525 -0.000620141625 0.00409999862
v 0.00435787439 -0.000581040978 0.00409999862
v 0.00427702069 -0.000546991825 0.00409999862
v 0.00419840217 -0.000517874956 0.00409999862
v 0.00412222743 -0.000493578613 0.00409999862
v 0.00404882431 -0.000473961234 0.00409999862
v 0.00397843122 -0.000458925962 0.00409999862
v 0.00391131639 -0.000448331237 0.00409999862
v 0.00384774804 -0.000442065299 0.00409999862
v 0.00378802419 -0.000440001488 0.00409999862
v 0.00372695923 -0.000442437828 0.00409999862
v 0.00366991758 -0.000449597836 0.00409999862
v 0.00361716747 -0.000461220741 0.00409999862
v 0.00356894732 -0.000477075577 0.00409999862
v 0.00352546573 -0.000496916473 0.00409999862
v 0.00348702073 -0.000520505011 0.00409999862
v 0.00345379114 -0.000547587872 0.00409999862
v 0.00342607498 -0.000577926636 0.00409999862
v 0.00340411067 -0.000611282885 0.00409999862
v 0.00338810682 -0.00064741075 0.00409999862
v 0.00337833166 -0.000686064363 0.00409999862
v 0.0033750236 -0.000727005303 0.00409999862
v 0.00337946415 -0.000762656331 0.00409999862
v 0.00339314342 -0.000799916685 0.00409999862
v 0.00341647863 -0.000839218497 0.00409999862
v 0.00344994664 -0.000881001353 0.00409999862
v 0.00349399447 -0.000925697386 0.00409999862
v 0.00354912877 -0.000973753631 0.00409999862
v 0.00361579657 -0.00102559477 0.00409999862
v 0.00369441509 -0.00108166784 0.00409999862
v 0.00378549099 -0.00114240497 0.00409999862
v 0.00388947129 -0.0012082532 0.00409999862
v 0.00400683284 -0.00127963722 0.00409999862
v 0.00413802266 -0.00135700405 0.00409999862
v 0.00426074862 -0.00144026428 0.00409999862
v 0.00437024236 -0.00151906908 0.00409999862
v 0.0044670105 -0.00159423798 0.00409999862
v 0.00455152988 -0.00166656077 0.00409999862
v 0.00462427735 -0.00173683465 0.00409999862
v 0.00468575954 -0.00180587918 0.00409999862
v 0.00473645329 -0.00187447667 0.00409999862
v 0.00477683544 -0.0019434467 0.00409999862
v 0.00480738282 -0.00201357901 0.00409999862
v 0.00482860208 -0.00208568573 0.00409999862
v 0.00484099984 -0.00216055661 0.00409999862
v 0.00484502316 -0.00223900378 0.00409999862
v 0.00483599305 -0.00237335265 0.00409999862
v 0.00480958819 -0.00249946117 0.00409999862
v 0.00476682186 -0.00261667371 0.00409999862
v 0.00470864773 -0.0027243346 0.00409999862
v 0.00463607907 -0.00282178819 0.00409999862
v 0.00455012918 -0.00290837884 0.00409999862
v 0.00445178151 -0.00298344344 0.00409999862
v 0.00434204936 -0.00304633379 0.00409999862
v 0.0042219162 -0.00309639424 0.00409999862
v 0.0040923655 -0.00313296169 0.00409999862
v 0.00395438075 -0.00315538049 0.00409999862
v 0.00380900502 -0.00316300243 0.00409999862
v 0.00371441245 -0.0031613633 0.00409999862
v 0.0036226511 -0.00315632671 0.00409999862
v 0.00353306532 -0.00314769149 0.00409999862
v 0.00344499946 -0.00313526392 0.00409999862
v 0.00335782766 -0.00311885029 0.00409999862
v 0.00327089429 -0.00309824944 0.00409999862
v 0.00318348408 -0.00307328254 0.00409999862
v 0.00309500098 -0.00304374099 0.00409999862
v 0.00300478935 -0.00300943851 0.00409999862
v 0.00291213393 -0.00297018141 0.00409999862
v 0.00281643867 -0.00292576104 0.00409999862
v 0.00271701813 -0.00287599862 0.00409999862
v 0.00271701813 -0.00220400095 0.00409999862
v 0.00281772017 -0.00227094442 0.00409999862
v 0.00291669369 -0.00233181566 0.00409999862
v 0.00301364064 -0.00238665938 0.00409999862
v 0.00310823321 -0.00243552029 0.00409999862
v 0.00320020318 -0.00247845054 0.00409999862
v 0.00328925252 -0.00251550227 0.00409999862
v 0.00337511301 -0.00254672021 0.00409999862
v 0.00345745683 -0.00257214904 0.00409999862
v 0.00353601575 -0.00259184837 0.00409999862
v 0.00361049175 -0.00260585546 0.00409999862
v 0.00368058681 -0.00261422247 0.00409999862
v 0.00374600291 -0.00261700153 0.00409999862
v 0.00380805135 -0.00261131674 0.00409999862
v 0.0038677454 -0.00260125101 0.00409999862
v 0.00392451882 -0.00258681178 0.00409999862
v 0.00397780538 -0.00256799906 0.00409999862
v 0.00402697921 -0.00254481286 0.00409999862
v 0.00407150388 -0.00251725316 0.00409999862
v 0.00411078334 -0.00248531252 0.00409999862
v 0.00414422154 -0.00244900584 0.00409999862
v 0.00417125225 -0.00240831822 0.00409999862
v 0.00419127941 -0.00236324966 0.00409999862
v 0.00420373678 -0.00231381506 0.00409999862
v 0.00420799851 -0.00225999951 0.00409999862
v 0.00417909026 -0.00215525925 0.00409999862
v 0.00409913063 -0.00205612928 0.00409999862
v 0.00397831202 -0.00195977092 0.00409999862
v 0.00382691622 -0.00186333805 0.00409999862
v 0.00365507603 -0.00176398456 0.00409999862
v 0.00347301364 -0.00165887922 0.00409999862
v 0.00329095125 -0.00154516101 0.00409999862
v 0.00311911106 -0.00141999871 0.00409999862
v 0.00296771526 -0.00128054619 0.00409999862
v 0.00284689665 -0.00112395734 0.00409999862
v 0.00276693702 -0.000947393477 0.00409999862
v 0.00273799896 -0.000748001039 0.00409999862
v 0.00274637341 -0.000619441271 0.00409999862
v 0.00277099013 -0.000500023365 0.00409999862
v 0.00281128287 -0.000390127301 0.00409999862
v 0.00286659598 -0.00029014796 0.00409999862
v 0.00293630362 -0.000200480223 0.00409999862
v 0.00301975012 -0.000121504068 0.00409999862
v 0.00311633945 -5.36069274e-05 0.00409999862
v 0.00322541595 2.81631947e-06 0.00409999862
v 0.00334635377 4.73707914e-05 0.00409999862
v 0.00347852707 7.96839595e-05 0.00409999862
v 0.00362128019 9.93534923e-05 0.00409999862
v 0.0037740171 0.00010599941 0.00409999862
v 0.00384765863 0.000104241073 0.00409999862
v 0.0039216876 9.89660621e-05 0.00409999862
v 0.00399616361 9.01371241e-05 0.00409999862
v 0.00407111645 7.77393579e-05 0.00409999862
v 0.00414666533 6.17429614e-05 0.00409999862
v 0.00422289968 4.21255827e-05 0.00409999862
v 0.00429981947 1.88574195e-05 0.00409999862
v 0.00437757373 -8.07642937e-06 0.00409999862
v 0.00445619226 -3.87057662e-05 0.00409999862
v 0.00453573465 -7.30529428e-05 0.00409999862
v 0.00461632013 -0.000111140311 0.00409999862
v 0.0046980083 -0.000153005123 0.00409999862
v 0.0046980083 -0.000769004226 0.00409999862
v -0.000670999289 -0.00471000373 0.00409999862
v -0.000670999289 4.29973006e-05 0.00409999862
v 0.000407010317 4.29973006e-05 0.00409999862
v 0.000683009624 3.13818455e-05 0.00409999862
v 0.000936806202 -3.27825546e-06 0.00409999862
v 0.00116804242 -6.06924295e-05 0.00409999862
v 0.00137639046 -0.000140555203 0.00409999862
v 0.00156149268 -0.000242590904 0.00409999862
v 0.00172302127 -0.00036650151 0.00409999862
v 0.00186061859 -0.000511996448 0.00409999862
v 0.00197398663 -0.000678777695 0.00409999862
v 0.00206273794 -0.000866562128 0.00409999862
v 0.00212654471 -0.00107505918 0.00409999862
v 0.00216507912 -0.00130397081 0.00409999862
v 0.00217801332 -0.00155299902 0.00409999862
v 0.00216439366 -0.00178319216 0.00409999862
v 0.00212445855 -0.00200038403 0.00409999862
v 0.00205954909 -0.00220323354 0.00409999862
v 0.0019711256 -0.00239040703 0.00409999862
v 0.00186052918 -0.00256057084 0.00409999862
v 0.00172913074 -0.00271237642 0.00409999862
v 0.0015783608 -0.00284449756 0.00409999862
v 0.00140956044 -0.00295559317 0.00409999862
v 0.00122416019 -0.00304432958 0.00409999862
v 0.00102350116 -0.0031093657 0.00409999862
v 0.000808984041 -0.00314936787 0.00409999862
v 0.000582009554 -0.00316300243 0.00409999862
v 0.00053152442 -0.00316211581 0.00409999862
v 0.000481396914 -0.00315944105 0.00409999862
v 0.000431418419 -0.0031549111 0.00409999862
v 0.000381350517 -0.00314848125 0.00409999862
v 0.000330984592 -0.00314011425 0.00409999862
v 0.00028014183 -0.00312975049 0.00409999862
v 0.00022855401 -0.00311734527 0.00409999862
v 0.000176012516 -0.00310285389 0.00409999862
v 0.000122308731 -0.0030862242 0.00409999862
v 6.72340393e-05 -0.00306740403 0.00409999862
v 1.05202198e-05 -0.00304634124 0.00409999862
v -4.7981739e-05 -0.00302299857 0.00409999862
v -4.7981739e-05 -0.00471000373 0.00409999862
v -4.47034836e-07 -0.00248487294 0.00409999862
v 4.75943089e-05 -0.00250496715 0.00409999862
v 9.60528851e-05 -0.00252326578 0.00409999862
v 0.000144898891 -0.00253974646 0.00409999862
v 0.000194042921 -0.00255437195 0.00409999862
v 0.000243395567 -0.00256712735 0.00409999862
v 0.000292897224 -0.00257799029 0.00409999862
v 0.000342458487 -0.00258693099 0.00409999862
v 0.000392019749 -0.00259392709 0.00409999862
v 0.000441521406 -0.00259894878 0.00409999862
v 0.000490874052 -0.00260198861 0.00409999862
v 0.000540018082 -0.00260300189 0.00409999862
v 0.000681757927 -0.00259383768 0.00409999862
v 0.00081589818 -0.00256700069 0.00409999862
v 0.000941514969 -0.0025234893 0.00409999862
v 0.00105774403 -0.00246430188 0.00409999862
v 0.00116366148 -0.00239042938 0.00409999862
v 0.00125837326 -0.0023028776 0.00409999862
v 0.0013409853 -0.00220263749 0.00409999862
v 0.00141060352 -0.00209070742 0.00409999862
v 0.00146630406 -0.00196807832 0.00409999862
v 0.00150722265 -0.001835756 0.00409999862
v 0.00153240561 -0.00169473141 0.00409999862
v 0.00154101849 -0.00154600292 0.00409999862
v 0.00153386593 -0.00138899684 0.00409999862
v 0.00151246786 -0.00124374032 0.00409999862
v 0.00147682428 -0.00111058354 0.00409999862
v 0.0014269352 -0.000989891589 0.00409999862
v 0.0013628602 -0.000882036984 0.00409999862
v 0.00128462911 -0.000787377357 0.00409999862
v 0.00119224191 -0.000706277788 0.00409999862
v 0.00108575821 -0.000639110804 0.00409999862
v 0.000965148211 -0.000586234033 0.00409999862
v 0.000830471516 -0.000548012555 0.00409999862
v 0.000681757927 -0.000524818897 0.00409999862
v 0.000519007444 -0.000517003238 0.00409999862
v -4.7981739e-05 -0.000517003238 0.00409999862
v -4.7981739e-05 -0.00246300548 0.00409999862
v -0.00125038624 -0.00296252966 0.00409999862
v -0.00131261349 -0.00300177187 0.00409999862
v -0.00136956573 -0.00303601474 0.00409999862
v -0.00142204762 -0.00306551903 0.00409999862
v -0.00147095323 -0.00309055299 0.00409999862
v -0.00151711702 -0.00311137736 0.00409999862
v -0.00156137347 -0.00312826782 0.00409999862
v -0.00160458684 -0.00314148515 0.00409999862
v -0.00164759159 -0.00315129757 0.00409999862
v -0.0016912818 -0.00315798074 0.00409999862
v -0.00173646212 -0.00316178799 0.00409999862
v -0.00178399682 -0.00316300243 0.00409999862
v -0.00184962153 -0.00316094607 0.00409999862
v -0.00191015005 -0.00315470248 0.00409999862
v -0.00196567178 -0.00314418972 0.00409999862
v -0.00201627612 -0.003129296 0.00409999862
v -0.0020621419 -0.00310993195 0.00409999862
v -0.00210335851 -0.00308600068 0.00409999862
v -0.00214004517 -0.00305740535 0.00409999862
v -0.00217235088 -0.00302404165 0.00409999862
v -0.00220036507 -0.00298581272 0.00409999862
v -0.00222423673 -0.00294262916 0.00409999862
v -0.00224408507 -0.0028943941 0.00409999862
v -0.00225999951 -0.00284100324 0.00409999862
v -0.00232851505 -0.00289291888 0.00409999862
v -0.00239759684 -0.00294020027 0.00409999862
v -0.00246715546 -0.00298286229 0.00409999862
v -0.00253713131 -0.00302092731 0.00409999862
v -0.00260752439 -0.00305442512 0.00409999862
v -0.00267824531 -0.00308337808 0.00409999862
v -0.00274926424 -0.00310780853 0.00409999862
v -0.00282049179 -0.00312774628 0.00409999862
v -0.00289195776 -0.00314320624 0.00409999862
v -0.00296354294 -0.0031542182 0.00409999862
v -0.00303524733 -0.00316081196 0.00409999862
v -0.00310698152 -0.00316300243 0.00409999862
v -0.00321918726 -0.003155604 0.00409999862
v -0.00332444906 -0.00313416123 0.00409999862
v -0.00342220068 -0.00309978426 0.00409999862
v -0.00351193547 -0.00305359811 0.00409999862
v -0.0035931468 -0.00299671292 0.00409999862
v -0.00366523862 -0.00293025374 0.00409999862
v -0.00372770429 -0.00285533071 0.00409999862
v -0.00378003716 -0.0027730763 0.00409999862
v -0.00382164121 -0.0026845932 0.00409999862
v -0.00385203958 -0.00259101391 0.00409999862
v -0.00387066603 -0.0024934411 0.00409999862
v -0.00387698412 -0.00239299983 0.00409999862
v -0.00386554003 -0.00224604458 0.00409999862
v -0.00383266807 -0.00211568922 0.00409999862
v -0.003780514 -0.00200045854 0.00409999862
v -0.00371131301 -0.00189885497 0.00409999862
v -0.00362724066 -0.0018094033 0.00409999862
v -0.00353047252 -0.00173062831 0.00409999862
v -0.00342321396 -0.00166103244 0.00409999862
v -0.00330764055 -0.00159914792 0.00409999862
v -0.00318595767 -0.00154348463 0.00409999862
v -0.00306031108 -0.00149255991 0.00409999862
v -0.00293293595 -0.00144489855 0.00409999862
v -0.00280597806 -0.00139900297 0.00409999862
v -0.00225299597 -0.00120300055 0.00409999862
v -0.00225299597 -0.00103500485 0.00409999862
v -0.00225692987 -0.000941775739 0.00409999862
v -0.00226873159 -0.000857926905 0.00409999862
v -0.00228843093 -0.000783219934 0.00409999862
v -0.00231599808 -0.000717408955 0.00409999862
v -0.00235143304 -0.000660248101 0.00409999862
v -0.00239473581 -0.000611498952 0.00409999862
v -0.0024459362 -0.00057092309 0.00409999862
v -0.0025049746 -0.000538259745 0.00409999862
v -0.00257191062 -0.000513285398 0.00409999862
v -0.00264674425 -0.000495739281 0.00409999862
v -0.00272941589 -0.000485397875 0.00409999862
v -0.00281998515 -0.000482000411 0.00409999862
v -0.00290584564 -0.000485375524 0.00409999862
v -0.00299182534 -0.000495582819 0.00409999862
v -0.00307768583 -0.000512734056 0.00409999862
v -0.0031632483 -0.000536963344 0.00409999862
v -0.00324833393 -0.000568389893 0.00409999862
v -0.00333273411 -0.000607125461 0.00409999862
v -0.00341627002 -0.00065330416 0.00409999862
v -0.00349873304 -0.000707037747 0.00409999862
v -0.00357991457 -0.000768452883 0.00409999862
v -0.00365966558 -0.000837676227 0.00409999862
v -0.00373774767 -0.000914812088 0.00409999862
v -0.00381398201 -0.00100000203 0.00409999862
v -0.00381398201 -0.000321000814 0.00409999862
v -0.00375068188 -0.000252313912 0.00409999862
v -0.00368326902 -0.000189721584 0.00409999862
v -0.00361165404 -0.00013320148 0.00409999862
v -0.00353580713 -8.27461481e-05 0.00409999862
v -0.00345566869 -3.83108854e-05 0.00409999862
v -0.00337123871 1.2665987e-07 0.00409999862
v -0.00328242779 3.25739384e-05 0.00409999862
v -0.00318917632 5.90756536e-05 0.00409999862
v -0.00309145451 7.9639256e-05 0.00409999862
v -0.00298923254 9.43019986e-05 0.00409999862
v -0.00288242102 0.000103078783 0.00409999862
v -0.00277099013 0.00010599941 0.00409999862
v -0.00261473656 9.92491841e-05 0.00409999862
v -0.00246527791 7.88420439e-05 0.00409999862
v -0.0023239851 4.45321202e-05 0.00409999862
v -0.00219205022 -3.92645597e-06 0.00409999862
v -0.00207084417 -6.67721033e-05 0.00409999862
v -0.00196161866 -0.000144250691 0.00409999862
v -0.00186565518 -0.000236608088 0.00409999862
v -0.00178423524 -0.000344075263 0.00409999862
v -0.00171869993 -0.000466905534 0.00409999862
v -0.00167027116 -0.000605344772 0.00409999862
v -0.00164026022 -0.000759631395 0.00409999862
v -0.00162997842 -0.000930003822 0.00409999862
v -0.00162997842 -0.00254700333 0.00409999862
v -0.00162911415 -0.00257516652 0.00409999862
v -0.00162652135 -0.00260024518 0.00409999862
v -0.00162222981 -0.0026223585 0.00409999862
v -0.00161623955 -0.00264163315 0.00409999862
v -0.00160861015 -0.00265818089 0.00409999862
v -0.00159937143 -0.00267212838 0.00409999862
v -0.00158849359 -0.00268359482 0.00409999862
v -0.00157606602 -0.00269270688 0.00409999862
v -0.00156205893 -0.00269958377 0.00409999862
v -0.00154653192 -0.00270433724 0.00409999862
v -0.00152951479 -0.00270710886 0.00409999862
v -0.00151097775 -0.00270800292 0.00409999862
v -0.00149396062 -0.00270669907 0.00409999862
v -0.0014744699 -0.00270284712 0.00409999862
v -0.0014526844 -0.00269652158 0.00409999862
v -0.00142881274 -0.00268778205 0.00409999862
v -0.00140297413 -0.00267671049 0.00409999862
v -0.00137534738 -0.00266337395 0.00409999862
v -0.0013461411 -0.00264786184 0.00409999862
v -0.00131550431 -0.00263022631 0.00409999862
v -0.00128358603 -0.00261054933 0.00409999862
v -0.00125059485 -0.00258890539 0.00409999862
v -0.00121667981 -0.00256536156 0.00409999862
v -0.00118198991 -0.00253999978 0.00409999862
v -0.00118198991 -0.00291800499 0.00409999862
v -0.002384305 -0.00159160793 0.00409999862
v -0.0025113523 -0.00163787603 0.00409999862
v -0.00263273716 -0.00168545544 0.00409999862
v -0.00274714828 -0.0017350018 0.00409999862
v -0.00285318494 -0.00178717077 0.00409999862
v -0.00294947624 -0.00184262544 0.00409999862
v -0.00303471088 -0.00190201402 0.00409999862
v -0.00310751796 -0.0019659996 0.00409999862
v -0.00316649675 -0.00203523785 0.00409999862
v -0.00321030617 -0.00211037695 0.00409999862
v -0.00323757529 -0.00219208002 0.00409999862
v -0.00324699283 -0.0022810027 0.00409999862
v -0.00324311852 -0.00234408677 0.00409999862
v -0.00323179364 -0.002403602 0.00409999862
v -0.00321340561 -0.00245917588 0.00409999862
v -0.00318840146 -0.00251044333 0.00409999862
v -0.00315716863 -0.00255705416 0.00409999862
v -0.00312012434 -0.0025986284 0.00409999862
v -0.00307765603 -0.00263480842 0.00409999862
v -0.00303024054 -0.00266522169 0.00409999862
v -0.00297826529 -0.00268951803 0.00409999862
v -0.00292208791 -0.00270732492 0.00409999862
v -0.00286221504 -0.00271826982 0.00409999862
v -0.00279897451 -0.00272200257 0.00409999862
v -0.00275027752 -0.00271998346 0.00409999862
v -0.00270214677 -0.00271400064 0.00409999862
v -0.00265461206 -0.00270417333 0.00409999862
v -0.0026076436 -0.00269062817 0.00409999862
v -0.00256127119 -0.00267349184 0.00409999862
v -0.00251549482 -0.00265287608 0.00409999862
v -0.0024702847 -0.00262890756 0.00409999862
v -0.00242564082 -0.00260170549 0.00409999862
v -0.00238162279 -0.00257138908 0.00409999862
v -0.0023381412 -0.00253809243 0.00409999862
v -0.00229528546 -0.00250191987 0.00409999862
v -0.00225299597 -0.00246300548 0.00409999862
v -0.00225299597 -0.00154600292 0.00409999862
v -0.00446084142 -0.000719942153 0.00409999862
v -0.00454327464 -0.000670544803 0.00409999862
v -0.00462183356 -0.000627472997 0.00409999862
v -0.00469702482 -0.000590369105 0.00409999862
v -0.00476938486 -0.000558912754 0.00409999862
v -0.00483947992 -0.000532753766 0.00409999862
v -0.00490781665 -0.000511549413 0.00409999862
v -0.00497496128 -0.000494964421 0.00409999862
v -0.00504139066 -0.000482656062 0.00409999862
v -0.00510770082 -0.00047428906 0.00409999862
v -0.00517436862 -0.000469520688 0.00409999862
v -0.00524199009 -0.00046800077 0.00409999862
v -0.00537997484 -0.000476770103 0.00409999862
v -0.00550991297 -0.000502578914 0.00409999862
v -0.00563102961 -0.000544674695 0.00409999862
v -0.0057426095 -0.000602297485 0.00409999862
v -0.00584390759 -0.000674702227 0.00409999862
v -0.00593411922 -0.000761128962 0.00409999862
v -0.00601252913 -0.000860825181 0.00409999862
v -0.00607836246 -0.000973038375 0.00409999862
v -0.00613087416 -0.00109701604 0.00409999862
v -0.00616931915 -0.00123200566 0.00409999862
v -0.00619295239 -0.00137725472 0.00409999862
v -0.00620099902 -0.00153200328 0.00409999862
v -0.00619235635 -0.00168927759 0.00409999862
v -0.00616690516 -0.00183530152 0.00409999862
v -0.00612530112 -0.00196961313 0.00409999862
v -0.00606825948 -0.00209174305 0.00409999862
v -0.00599640608 -0.00220123678 0.00409999862
v -0.00591048598 -0.00229762495 0.00409999862
v -0.00581115484 -0.00238045305 0.00409999862
v -0.00569906831 -0.00244925916 0.00409999862
v -0.00557491183 -0.00250358135 0.00409999862
v -0.00543940067 -0.00254295021 0.00409999862
v -0.00529322028 -0.00256691128 0.00409999862
v -0.00513699651 -0.00257500261 0.00409999862
v -0.00507074594 -0.0025735423 0.00409999862
v -0.00500479341 -0.00256916881 0.00409999862
v -0.00493890047 -0.00256187469 0.00409999862
v -0.00487279892 -0.00255166739 0.00409999862
v -0.00480622053 -0.00253854692 0.00409999862
v -0.00473886728 -0.00252250582 0.00409999862
v -0.00467050076 -0.00250354409 0.00409999862
v -0.00460085273 -0.00248166919 0.00409999862
v -0.00452962518 -0.00245687366 0.00409999862
v -0.00445657969 -0.0024291724 0.00409999862
v -0.00438147783 -0.00239854306 0.00409999862
v -0.00430399179 -0.00236500055 0.00409999862
v -0.00430399179 -0.00298099965 0.00409999862
v -0.00436028838 -0.00300516933 0.00409999862
v -0.00442352891 -0.003028512 0.00409999862
v -0.00449287891 -0.00305078179 0.00409999862
v -0.00456738472 -0.00307174027 0.00409999862
v -0.00464618206 -0.00309114903 0.00409999862
v -0.00472837687 -0.00310875475 0.00409999862
v -0.00481301546 -0.00312431902 0.00409999862
v -0.00489923358 -0.00313759595 0.00409999862
v -0.00498616695 -0.00314834714 0.00409999862
v -0.00507286191 -0.00315632671 0.00409999862
v -0.00515842438 -0.00316129625 0.00409999862
v -0.00524199009 -0.00316300243 0.00409999862
v -0.00547042489 -0.00314965844 0.00409999862
v -0.00568589568 -0.00311050564 0.00409999862
v -0.00588709116 -0.00304684788 0.00409999862
v -0.00607264042 -0.00296000391 0.00409999862
v -0.00624132156 -0.00285128504 0.00409999862
v -0.00639173388 -0.00272200257 0.00409999862
v -0.00652262568 -0.00257346779 0.00409999862
v -0.00663265586 -0.00240699947 0.00409999862
v -0.00672051311 -0.0022239089 0.00409999862
v -0.00678491592 -0.00202549994 0.00409999862
v -0.00682449341 -0.00181309879 0.00409999862
v -0.00683799386 -0.00158800185 0.00409999862
v -0.00682559609 -0.00133703649 0.00409999862
v -0.00678899884 -0.00110279769 0.00409999862
v -0.00672903657 -0.000886254013 0.00409999862
v -0.00664666295 -0.000688374043 0.00409999862
v -0.00654268265 -0.000510133803 0.00409999862
v -0.00641798973 -0.000352501869 0.00409999862
v -0.00627347827 -0.000216454268 0.00409999862
v -0.00610998273 -0.000102967024 0.00409999862
v -0.00592842698 -1.30012631e-05 0.00409999862
v -0.00572964549 5.2459538e-05 0.00409999862
v -0.00551456213 9.24542546e-05 0.00409999862
v -0.00528398156 0.00010599941 0.00409999862
v -0.00519537926 0.000104270875 0.00409999862
v -0.00511109829 9.91597772e-05 0.00409999862
v -0.00503057241 9.07927752e-05 0.00409999862
v -0.00495317578 7.92965293e-05 0.00409999862
v -0.00487831235 6.47827983e-05 0.00409999862
v -0.00480535626 4.73707914e-05 0.00409999862
v -0.00473374128 2.71946192e-05 0.00409999862
v -0.00466281176 4.36604023e-06 0.00409999862
v -0.00459197164 -2.09882855e-05 0.00409999862
v -0.00452062488 -4.87491488e-05 0.00409999862
v -0.00444817543 -7.87898898e-05 0.00409999862
v -0.00437399745 -0.00011099875 0.00409999862
v -0.00437399745 -0.000776000321 0.00409999862
v -0.00446084142 -0.000719942153 0.00409999862
v -0.00446084142 -0.000719942153 0.00450000539
v -0.00454327464 -0.000670544803 0.00409999862
v -0.00454327464 -0.000670544803 0.00450000539
v -0.00462183356 -0.000627472997 0.00409999862
v -0.00462183356 -0.000627472997 0.00450000539
v -0.00469702482 -0.000590369105 0.00409999862
v -0.00469702482 -0.000590369105 0.00450000539
v -0.00476938486 -0.000558912754 0.00409999862
v -0.00476938486 -0.000558912754 0.00450000539
v -0.00483947992 -0.000532753766 0.00409999862
v -0.00483947992 -0.000532753766 0.00450000539
v -0.00490781665 -0.000511549413 0.00409999862
v -0.00490781665 -0.000511549413 0.00450000539
v -0.00497496128 -0.000494964421 0.00409999862
v -0.00497496128 -0.000494964421 0.00450000539
v -0.00504139066 -0.000482656062 0.00409999862
v -0.00504139066 -0.000482656062 0.00450000539
v -0.00510770082 -0.00047428906 0.00409999862
v -0.00510770082 -0.00047428906 0.00450000539
v -0.00517436862 -0.000469520688 0.00409999862
v -0.00517436862 -0.000469520688 0.00450000539
v -0.00524199009 -0.00046800077 0.00409999862
v -0.00524199009 -0.00046800077 0.00450000539
v -0.00537997484 -0.000476770103 0.00409999862
v -0.00537997484 -0.000476770103 0.00450000539
v -0.00550991297 -0.000502578914 0.00409999862
v -0.00550991297 -0.000502578914 0.00450000539
v -0.00563102961 -0.000544674695 0.00409999862
v -0.00563102961 -0.000544674695 0.00450000539
v -0.0057426095 -0.000602297485 0.00409999862
v -0.0057426095 -0.000602297485 0.00450000539
v -0.00584390759 -0.000674702227 0.00409999862
v -0.00584390759 -0.000674702227 0.00450000539
v -0.00593411922 -0.000761128962 0.00409999862
v -0.00593411922 -0.000761128962 0.00450000539
v -0.00601252913 -0.000860825181 0.00409999862
v -0.00601252913 -0.000860825181 0.00450000539
v -0.00607836246 -0.000973038375 0.00409999862
v -0.00607836246 -0.000973038375 0.00450000539
v -0.00613087416 -0.00109701604 0.00409999862
v -0.00613087416 -0.00109701604 0.00450000539
v -0.00616931915 -0.00123200566 0.00409999862
v -0.00616931915 -0.00123200566 0.00450000539
v -0.00619295239 -0.00137725472 0.00409999862
v -0.00619295239 -0.00137725472 0.00450000539
v -0.00620099902 -0.00153200328 0.00409999862
v -0.00620099902 -0.00153200328 0.00450000539
v -0.00619235635 -0.00168927759 0.00409999862
v -0.00619235635 -0.00168927759 0.00450000539
v -0.00616690516 -0.00183530152 0.00409999862
v -0.00616690516 -0.00183530152 0.00450000539
v -0.00612530112 -0.00196961313 0.00409999862
v -0.00612530112 -0.00196961313 0.00450000539
v -0.00606825948 -0.00209174305 0.00409999862
v -0.00606825948 -0.00209174305 0.00450000539
v -0.00599640608 -0.00220123678 0.00409999862
v -0.00599640608 -0.00220123678 0.00450000539
v -0.00591048598 -0.00229762495 0.00409999862
v -0.00591048598 -0.00229762495 0.00450000539
v -0.00581115484 -0.00238045305 0.00409999862
v -0.00581115484 -0.00238045305 0.00450000539
v -0.00569906831 -0.00244925916 0.00409999862
v -0.00569906831 -0.00244925916 0.00450000539
v -0.00557491183 -0.00250358135 0.00409999862
v -0.00557491183 -0.00250358135 0.00450000539
v -0.00543940067 -0.00254295021 0.00409999862
v -0.00543940067 -0.00254295021 0.00450000539
v -0.00529322028 -0.00256691128 0.00409999862
v -0.00529322028 -0.00256691128 0.00450000539
v -0.00513699651 -0.00257500261 0.00409999862
v -0.00513699651 -0.00257500261 0.00450000539
v -0.00507074594 -0.0025735423 0.00409999862
v -0.00507074594 -0.0025735423 0.00450000539
v -0.00500479341 -0.00256916881 0.00409999862
v -0.00500479341 -0.00256916881 0.00450000539
v -0.00493890047 -0.00256187469 0.00409999862
v -0.00493890047 -0.00256187469 0.00450000539
v -0.00487279892 -0.00255166739 0.00409999862
v -0.00487279892 -0.00255166739 0.00450000539
v -0.00480622053 -0.00253854692 0.00409999862
v -0.00480622053 -0.00253854692 0.00450000539
v -0.00473886728 -0.00252250582 0.00409999862
v -0.00473886728 -0.00252250582 0.00450000539
v -0.00467050076 -0.00250354409 0.00409999862
v -0.00467050076 -0.00250354409 0.00450000539
v -0.00460085273 -0.00248166919 0.00409999862
v -0.00460085273 -0.00248166919 0.00450000539
v -0.00452962518 -0.00245687366 0.00409999862
v -0.00452962518 -0.00245687366 0.00450000539
v -0.00445657969 -0.0024291724 0.00409999862
v -0.00445657969 -0.0024291724 0.00450000539
v -0.00438147783 -0.00239854306 0.00409999862
v -0.00438147783 -0.00239854306 0.00450000539
v -0.00430399179 -0.00236500055 0.00409999862
v -0.00430399179 -0.00236500055 0.00450000539
v -0.00430399179 -0.00298099965 0.00409999862
v -0.00430399179 -0.00298099965 0.00450000539
v -0.00436028838 -0.00300516933 0.00409999862
v -0.00436028838 -0.00300516933 0.00450000539
v -0.00442352891 -0.003028512 0.00409999862
v -0.00442352891 -0.003028512 0.00450000539
v -0.00449287891 -0.00305078179 0.00409999862
v -0.00449287891 -0.00305078179 0.00450000539
v -0.00456738472 -0.00307174027 0.00409999862
v -0.00456738472 -0.00307174027 0.00450000539
v -0.00464618206 -0.00309114903 0.00409999862
v -0.00464618206 -0.00309114903 0.00450000539
v -0.00472837687 -0.00310875475 0.00409999862
v -0.00472837687 -0.00310875475 0.00450000539
v -0.00481301546 -0.00312431902 0.00409999862
v -0.00481301546 -0.00312431902 0.00450000539
v -0.00489923358 -0.00313759595 0.00409999862
v -0.00489923358 -0.00313759595 0.00450000539
v -0.00498616695 -0.00314834714 0.00409999862
v -0.00498616695 -0.00314834714 0.00450000539
v -0.00507286191 -0.00315632671 0.00409999862
v -0.00507286191 -0.00315632671 0.00450000539
v -0.00515842438 -0.00316129625 0.00409999862
v -0.00515842438 -0.00316129625 0.00450000539
v -0.00524199009 -0.00316300243 0.00409999862
v -0.00524199009 -0.00316300243 0.00450000539
v -0.00547042489 -0.00314965844 0.00409999862
v -0.00547042489 -0.00314965844 0.00450000539
v -0.00568589568 -0.00311050564 0.00409999862
v -0.00568589568 -0.00311050564 0.00450000539
v -0.00588709116 -0.00304684788 0.00409999862
v -0.00588709116 -0.00304684788 0.00450000539
v -0.00607264042 -0.00296000391 0.00409999862
v -0.00607264042 -0.00296000391 0.00450000539
v -0.00624132156 -0.00285128504 0.00409999862
v -0.00624132156 -0.00285128504 0.00450000539
v -0.00639173388 -0.00272200257 0.00409999862
v -0.00639173388 -0.00272200257 0.00450000539
v -0.00652262568 -0.00257346779 0.00409999862
v -0.00652262568 -0.00257346779 0.00450000539
v -0.00663265586 -0.00240699947 0.00409999862
v -0.00663265586 -0.00240699947 0.00450000539
v -0.00672051311 -0.0022239089 0.00409999862
v -0.00672051311 -0.0022239089 0.00450000539
v -0.00678491592 -0.00202549994 0.00409999862
v -0.00678491592 -0.00202549994 0.00450000539
v -0.00682449341 -0.00181309879 0.00409999862
v -0.00682449341 -0.00181309879 0.00450000539
v -0.00683799386 -0.00158800185 0.00409999862
v -0.00683799386 -0.00158800185 0.00450000539
v -0.00682559609 -0.00133703649 0.00409999862
v -0.00682559609 -0.00133703649 0.00450000539
v -0.00678899884 -0.00110279769 0.00409999862
v -0.00678899884 -0.00110279769 0.00450000539
v -0.00672903657 -0.000886254013 0.00409999862
v -0.00672903657 -0.000886254013 0.00450000539
v -0.00664666295 -0.000688374043 0.00409999862
v -0.00664666295 -0.000688374043 0.00450000539
v -0.00654268265 -0.000510133803 0.00409999862
v -0.00654268265 -0.000510133803 0.00450000539
v -0.00641798973 -0.000352501869 0.00409999862
v -0.00641798973 -0.000352501869 0.00450000539
v -0.00627347827 -0.000216454268 0.00409999862
v -0.00627347827 -0.000216454268 0.00450000539
v -0.00610998273 -0.000102967024 0.00409999862
v -0.00610998273 -0.000102967024 0.00450000539
v -0.00592842698 -1.30012631e-05 0.00409999862
v -0.00592842698 -1.30012631e-05 0.00450000539
v -0.00572964549 5.2459538e-05 0.00409999862
v -0.00572964549 5.2459538e-05 0.00450000539
v -0.00551456213 9.24542546e-05 0.00409999862
v -0.00551456213 9.24542546e-05 0.00450000539
v -0.00528398156 0.00010599941 0.00409999862
v -0.00528398156 0.00010599941 0.00450000539
v -0.00519537926 0.000104270875 0.00409999862
v -0.00519537926 0.000104270875 0.00450000539
v -0.00511109829 9.91597772e-05 0.00409999862
v -0.00511109829 9.91597772e-05 0.00450000539
v -0.00503057241 9.07927752e-05 0.00409999862
v -0.00503057241 9.07927752e-05 0.00450000539
v -0.00495317578 7.92965293e-05 0.00409999862
v -0.00495317578 7.92965293e-05 0.00450000539
v -0.00487831235 6.47827983e-05 0.00409999862
v -0.00487831235 6.47827983e-05 0.00450000539
v -0.00480535626 4.73707914e-05 0.00409999862
v -0.00480535626 4.73707914e-05 0.00450000539
v -0.00473374128 2.71946192e-05 0.00409999862
v -0.00473374128 2.71946192e-05 0.00450000539
v -0.00466281176 4.36604023e-06 0.00409999862
v -0.00466281176 4.36604023e-06 0.00450000539
v -0.00459197164 -2.09882855e-05 0.00409999862
v -0.00459197164 -2.09882855e-05 0.00450000539
v -0.00452062488 -4.87491488e-05 0.00409999862
v -0.00452062488 -4.87491488e-05 0.00450000539
v -0.00444817543 -7.87898898e-05 0.00409999862
v -0.00444817543 -7.87898898e-05 0.00450000539
v -0.00437399745 -0.00011099875 0.00409999862
v -0.00437399745 -0.00011099875 0.00450000539
v -0.00437399745 -0.000776000321 0.00409999862
v -0.00437399745 -0.000776000321 0.00450000539
v -0.00125038624 -0.00296252966 0.00409999862
v -0.00125038624 -0.00296252966 0.00450000539
v -0.00131261349 -0.00300177187 0.00409999862
v -0.00131261349 -0.00300177187 0.00450000539
v -0.00136956573 -0.00303601474 0.00409999862
v -0.00136956573 -0.00303601474 0.00450000539
v -0.00142204762 -0.00306551903 0.00409999862
v -0.00142204762 -0.00306551903 0.00450000539
v -0.00147095323 -0.00309055299 0.00409999862
v -0.00147095323 -0.00309055299 0.00450000539
v -0.00151711702 -0.00311137736 0.00409999862
v -0.00151711702 -0.00311137736 0.00450000539
v -0.00156137347 -0.00312826782 0.00409999862
v -0.00156137347 -0.00312826782 0.00450000539
v -0.00160458684 -0.00314148515 0.00409999862
v -0.00160458684 -0.00314148515 0.00450000539
v -0.00164759159 -0.00315129757 0.00409999862
v -0.00164759159 -0.00315129757 0.00450000539
v -0.0016912818 -0.00315798074 0.00409999862
v -0.0016912818 -0.00315798074 0.00450000539
v -0.00173646212 -0.00316178799 0.00409999862
v -0.00173646212 -0.00316178799 0.00450000539
v -0.00178399682 -0.00316300243 0.00409999862
v -0.00178399682 -0.00316300243 0.00450000539
v -0.00184962153 -0.00316094607 0.00409999862
v -0.00184962153 -0.00316094607 0.00450000539
v -0.00191015005 -0.00315470248 0.00409999862
v -0.00191015005 -0.00315470248 0.00450000539
v -0.00196567178 -0.00314418972 0.00409999862
v -0.00196567178 -0.00314418972 0.00450000539
v -0.00201627612 -0.003129296 0.00409999862
v -0.00201627612 -0.003129296 0.00450000539
v -0.0020621419 -0.00310993195 0.00409999862
v -0.0020621419 -0.00310993195 0.00450000539
v -0.00210335851 -0.00308600068 0.00409999862
v -0.00210335851 -0.00308600068 0.00450000539
v -0.00214004517 -0.00305740535 0.00409999862
v -0.00214004517 -0.00305740535 0.00450000539
v -0.00217235088 -0.00302404165 0.00409999862
v -0.00217235088 -0.00302404165 0.00450000539
v -0.00220036507 -0.00298581272 0.00409999862
v -0.00220036507 -0.00298581272 0.00450000539
v -0.00222423673 -0.00294262916 0.00409999862
v -0.00222423673 -0.00294262916 0.00450000539
v -0.00224408507 -0.0028943941 0.00409999862
v -0.00224408507 -0.0028943941 0.00450000539
v -0.00225999951 -0.00284100324 0.00409999862
v -0.00225999951 -0.00284100324 0.00450000539
v -0.00232851505 -0.00289291888 0.00409999862
v -0.00232851505 -0.00289291888 0.00450000539
v -0.00239759684 -0.00294020027 0.00409999862
v -0.00239759684 -0.00294020027 0.00450000539
v -0.00246715546 -0.00298286229 0.00409999862
v -0.00246715546 -0.00298286229 0.00450000539
v -0.00253713131 -0.00302092731 0.00409999862
v -0.00253713131 -0.00302092731 0.00450000539
v -0.00260752439 -0.00305442512 0.00409999862
v -0.00260752439 -0.00305442512 0.00450000539
v -0.00267824531 -0.00308337808 0.00409999862
v -0.00267824531 -0.00308337808 0.00450000539
v -0.00274926424 -0.00310780853 0.00409999862
v -0.00274926424 -0.00310780853 0.00450000539
v -0.00282049179 -0.00312774628 0.00409999862
v -0.00282049179 -0.00312774628 0.00450000539
v -0.00289195776 -0.00314320624 0.00409999862
v -0.00289195776 -0.00314320624 0.00450000539
v -0.00296354294 -0.0031542182 0.00409999862
v -0.00296354294 -0.0031542182 0.00450000539
v -0.00303524733 -0.00316081196 0.00409999862
v -0.00303524733 -0.00316081196 0.00450000539
v -0.00310698152 -0.00316300243 0.00409999862
v -0.00310698152 -0.00316300243 0.00450000539
v -0.00321918726 -0.003155604 0.00409999862
v -0.00321918726 -0.003155604 0.00450000539
v -0.00332444906 -0.00313416123 0.00409999862
v -0.00332444906 -0.00313416123 0.00450000539
v -0.00342220068 -0.00309978426 0.00409999862
v -0.00342220068 -0.00309978426 0.00450000539
v -0.00351193547 -0.00305359811 0.00409999862
v -0.00351193547 -0.00305359811 0.00450000539
v -0.0035931468 -0.00299671292 0.00409999862
v -0.0035931468 -0.00299671292 0.00450000539
v -0.00366523862 -0.00293025374 0.00409999862
v -0.00366523862 -0.00293025374 0.00450000539
v -0.00372770429 -0.00285533071 0.00409999862
v -0.00372770429 -0.00285533071 0.00450000539
v -0.00378003716 -0.0027730763 0.00409999862
v -0.00378003716 -0.0027730763 0.00450000539
v -0.00382164121 -0.0026845932 0.00409999862
v -0.00382164121 -0.0026845932 0.00450000539
v -0.00385203958 -0.00259101391 0.00409999862
v -0.00385203958 -0.00259101391 0.00450000539
v -0.00387066603 -0.0024934411 0.00409999862
v -0.00387066603 -0.0024934411 0.00450000539
v -0.00387698412 -0.00239299983 0.00409999862
v -0.00387698412 -0.00239299983 0.00450000539
v -0.00386554003 -0.00224604458 0.00409999862
v -0.00386554003 -0.00224604458 0.00450000539
v -0.00383266807 -0.00211568922 0.00409999862
v -0.00383266807 -0.00211568922 0.00450000539
v -0.003780514 -0.00200045854 0.00409999862
v -0.003780514 -0.00200045854 0.00450000539
v -0.00371131301 -0.00189885497 0.00409999862
v -0.00371131301 -0.00189885497 0.00450000539
v -0.00362724066 -0.0018094033 0.00409999862
v -0.00362724066 -0.0018094033 0.00450000539
v -0.00353047252 -0.00173062831 0.00409999862
v -0.00353047252 -0.00173062831 0.00450000539
v -0.00342321396 -0.00166103244 0.00409999862
v -0.00342321396 -0.00166103244 0.00450000539
v -0.00330764055 -0.00159914792 0.00409999862
v -0.00330764055 -0.00159914792 0.00450000539
v -0.00318595767 -0.00154348463 0.00409999862
v -0.00318595767 -0.00154348463 0.00450000539
v -0.00306031108 -0.00149255991 0.00409999862
v -0.00306031108 -0.00149255991 0.00450000539
v -0.00293293595 -0.00144489855 0.00409999862
v -0.00293293595 -0.00144489855 0.00450000539
v -0.00280597806 -0.00139900297 0.00409999862
v -0.00280597806 -0.00139900297 0.00450000539
v -0.00225299597 -0.00120300055 0.00409999862
v -0.00225299597 -0.00120300055 0.00450000539
v -0.00225299597 -0.00103500485 0.00409999862
v -0.00225299597 -0.00103500485 0.00450000539
v -0.00225692987 -0.000941775739 0.00409999862
v -0.00225692987 -0.000941775739 0.00450000539
v -0.00226873159 -0.000857926905 0.00409999862
v -0.00226873159 -0.000857926905 0.00450000539
v -0.00228843093 -0.000783219934 0.00409999862
v -0.00228843093 -0.000783219934 0.00450000539
v -0.00231599808 -0.000717408955 0.00409999862
v -0.00231599808 -0.000717408955 0.00450000539
v -0.00235143304 -0.000660248101 0.00409999862
v -0.00235143304 -0.000660248101 0.00450000539
v -0.00239473581 -0.000611498952 0.00409999862
v -0.00239473581 -0.000611498952 0.00450000539
v -0.0024459362 -0.00057092309 0.00409999862
v -0.0024459362 -0.00057092309 0.00450000539
v -0.0025049746 -0.000538259745 0.00409999862
v -0.0025049746 -0.000538259745 0.00450000539
v -0.00257191062 -0.000513285398 0.00409999862
v -0.00257191062 -0.000513285398 0.00450000539
v -0.00264674425 -0.000495739281 0.00409999862
v -0.00264674425 -0.000495739281 0.00450000539
v -0.00272941589 -0.000485397875 0.00409999862
v -0.00272941589 -0.000485397875 0.00450000539
v -0.00281998515 -0.000482000411 0.00409999862
v -0.00281998515 -0.000482000411 0.00450000539
v -0.00290584564 -0.000485375524 0.00409999862
v -0.00290584564 -0.000485375524 0.00450000539
v -0.00299182534 -0.000495582819 0.00409999862
v -0.00299182534 -0.000495582819 0.00450000539
v -0.00307768583 -0.000512734056 0.00409999862
v -0.00307768583 -0.000512734056 0.00450000539
v -0.0031632483 -0.000536963344 0.00409999862
v -0.0031632483 -0.000536963344 0.00450000539
v -0.00324833393 -0.000568389893 0.00409999862
v -0.00324833393 -0.000568389893 0.00450000539
v -0.00333273411 -0.000607125461 0.00409999862
v -0.00333273411 -0.000607125461 0.00450000539
v -0.00341627002 -0.00065330416 0.00409999862
v -0.00341627002 -0.00065330416 0.00450000539
v -0.00349873304 -0.000707037747 0.00409999862
v -0.00349873304 -0.000707037747 0.00450000539
v -0.00357991457 -0.000768452883 0.00409999862
v -0.00357991457 -0.000768452883 0.00450000539
v -0.00365966558 -0.000837676227 0.00409999862
v -0.00365966558 -0.000837676227 0.00450000539
v -0.00373774767 -0.000914812088 0.00409999862
v -0.00373774767 -0.000914812088 0.00450000539
v -0.00381398201 -0.00100000203 0.00409999862
v -0.00381398201 -0.00100000203 0.00450000539
v -0.00381398201 -0.000321000814 0.00409999862
v -0.00381398201 -0.000321000814 0.00450000539
v -0.00375068188 -0.000252313912 0.00409999862
v -0.00375068188 -0.000252313912 0.00450000539
v -0.00368326902 -0.000189721584 0.00409999862
v -0.00368326902 -0.000189721584 0.00450000539
v -0.00361165404 -0.00013320148 0.00409999862
v -0.00361165404 -0.00013320148 0.00450000539
v -0.00353580713 -8.27461481e-05 0.00409999862
v -0.00353580713 -8.27461481e-05 0.00450000539
v -0.00345566869 -3.83108854e-05 0.00409999862
v -0.00345566869 -3.83108854e-05 0.00450000539
v -0.00337123871 1.2665987e-07 0.00409999862
v -0.00337123871 1.2665987e-07 0.00450000539
v -0.00328242779 3.25739384e-05 0.00409999862
v -0.00328242779 3.25739384e-05 0.00450000539
v -0.00318917632 5.90756536e-05 0.00409999862
v -0.00318917632 5.90756536e-05 0.00450000539
v -0.00309145451 7.9639256e-05 0.00409999862
v -0.00309145451 7.9639256e-05 0.00450000539
v -0.00298923254 9.43019986e-05 0.00409999862
v -0.00298923254 9.43019986e-05 0.00450000539
v -0.00288242102 0.000103078783 0.00409999862
v -0.00288242102 0.000103078783 0.00450000539
v -0.00277099013 0.00010599941 0.00409999862
v -0.00277099013 0.00010599941 0.00450000539
v -0.00261473656 9.92491841e-05 0.00409999862
v -0.00261473656 9.92491841e-05 0.00450000539
v -0.00246527791 7.88420439e-05 0.00409999862
v -0.00246527791 7.88420439e-05 0.00450000539
v -0.0023239851 4.45321202e-05 0.00409999862
v -0.0023239851 4.45321202e-05 0.00450000539
v -0.00219205022 -3.92645597e-06 0.00409999862
v -0.00219205022 -3.92645597e-06 0.00450000539
v -0.00207084417 -6.67721033e-05 0.00409999862
v -0.00207084417 -6.67721033e-05 0.00450000539
v -0.00196161866 -0.000144250691 0.00409999862
v -0.00196161866 -0.000144250691 0.00450000539
v -0.00186565518 -0.000236608088 0.00409999862
v -0.00186565518 -0.000236608088 0.00450000539
v -0.00178423524 -0.000344075263 0.00409999862
v -0.00178423524 -0.000344075263 0.00450000539
v -0.00171869993 -0.000466905534 0.00409999862
v -0.00171869993 -0.000466905534 0.00450000539
v -0.00167027116 -0.000605344772 0.00409999862
v -0.00167027116 -0.000605344772 0.00450000539
v -0.00164026022 -0.000759631395 0.00409999862
v -0.00164026022 -0.000759631395 0.00450000539
v -0.00162997842 -0.000930003822 0.00409999862
v -0.00162997842 -0.000930003822 0.00450000539
v -0.00162997842 -0.00254700333 0.00409999862
v -0.00162997842 -0.00254700333 0.00450000539
v -0.00162911415 -0.00257516652 0.00409999862
v -0.00162911415 -0.00257516652 0.00450000539
v -0.00162652135 -0.00260024518 0.00409999862
v -0.00162652135 -0.00260024518 0.00450000539
v -0.00162222981 -0.0026223585 0.00409999862
v -0.00162222981 -0.0026223585 0.00450000539
v -0.00161623955 -0.00264163315 0.00409999862
v -0.00161623955 -0.00264163315 0.00450000539
v -0.00160861015 -0.00265818089 0.00409999862
v -0.00160861015 -0.00265818089 0.00450000539
v -0.00159937143 -0.00267212838 0.00409999862
v -0.00159937143 -0.00267212838 0.00450000539
v -0.00158849359 -0.00268359482 0.00409999862
v -0.00158849359 -0.00268359482 0.00450000539
v -0.00157606602 -0.00269270688 0.00409999862
v -0.00157606602 -0.00269270688 0.00450000539
v -0.00156205893 -0.00269958377 0.00409999862
v -0.00156205893 -0.00269958377 0.00450000539
v -0.00154653192 -0.00270433724 0.00409999862
v -0.00154653192 -0.00270433724 0.00450000539
v -0.00152951479 -0.00270710886 0.00409999862
v -0.00152951479 -0.00270710886 0.00450000539
v -0.00151097775 -0.00270800292 0.00409999862
v -0.00151097775 -0.00270800292 0.00450000539
v -0.00149396062 -0.00270669907 0.00409999862
v -0.00149396062 -0.00270669907 0.00450000539
v -0.0014744699 -0.00270284712 0.00409999862
v -0.0014744699 -0.00270284712 0.00450000539
v -0.0014526844 -0.00269652158 0.00409999862
v -0.0014526844 -0.00269652158 0.00450000539
v -0.00142881274 -0.00268778205 0.00409999862
v -0.00142881274 -0.00268778205 0.00450000539
v -0.00140297413 -0.00267671049 0.00409999862
v -0.00140297413 -0.00267671049 0.00450000539
v -0.00137534738 -0.00266337395 0.00409999862
v -0.00137534738 -0.00266337395 0.00450000539
v -0.0013461411 -0.00264786184 0.00409999862
v -0.0013461411 -0.00264786184 0.00450000539
v -0.00131550431 -0.00263022631 0.00409999862
v -0.00131550431 -0.00263022631 0.00450000539
v -0.00128358603 -0.00261054933 0.00409999862
v -0.00128358603 -0.00261054933 0.00450000539
v -0.00125059485 -0.00258890539 0.00409999862
v -0.00125059485 -0.00258890539 0.00450000539
v -0.00121667981 -0.00256536156 0.00409999862
v -0.00121667981 -0.00256536156 0.00450000539
v -0.00118198991 -0.00253999978 0.00409999862
v -0.00118198991 -0.00253999978 0.00450000539
v -0.00118198991 -0.00291800499 0.00409999862
v -0.00118198991 -0.00291800499 0.00450000539
v -0.002384305 -0.00159160793 0.00409999862
v -0.002384305 -0.00159160793 0.00450000539
v -0.0025113523 -0.00163787603 0.00409999862
v -0.0025113523 -0.00163787603 0.00450000539
v -0.00263273716 -0.00168545544 0.00409999862
v -0.00263273716 -0.00168545544 0.00450000539
v -0.00274714828 -0.0017350018 0.00409999862
v -0.00274714828 -0.0017350018 0.00450000539
v -0.00285318494 -0.00178717077 0.00409999862
v -0.00285318494 -0.00178717077 0.00450000539
v -0.00294947624 -0.00184262544 0.00409999862
v -0.00294947624 -0.00184262544 0.00450000539
v -0.00303471088 -0.00190201402 0.00409999862
v -0.00303471088 -0.00190201402 0.00450000539
v -0.00310751796 -0.0019659996 0.00409999862
v -0.00310751796 -0.0019659996 0.00450000539
v -0.00316649675 -0.00203523785 0.00409999862
v -0.00316649675 -0.00203523785 0.00450000539
v -0.00321030617 -0.00211037695 0.00409999862
v -0.00321030617 -0.00211037695 0.00450000539
v -0.00323757529 -0.00219208002 0.00409999862
v -0.00323757529 -0.00219208002 0.00450000539
v -0.00324699283 -0.0022810027 0.00409999862
v -0.00324699283 -0.0022810027 0.00450000539
v -0.00324311852 -0.00234408677 0.00409999862
v -0.00324311852 -0.00234408677 0.00450000539
v -0.00323179364 -0.002403602 0.00409999862
v -0.00323179364 -0.002403602 0.00450000539
v -0.00321340561 -0.00245917588 0.00409999862
v -0.00321340561 -0.00245917588 0.00450000539
v -0.00318840146 -0.00251044333 0.00409999862
v -0.00318840146 -0.00251044333 0.00450000539
v -0.00315716863 -0.00255705416 0.00409999862
v -0.00315716863 -0.00255705416 0.00450000539
v -0.00312012434 -0.0025986284 0.00409999862
v -0.00312012434 -0.0025986284 0.00450000539
v -0.00307765603 -0.00263480842 0.00409999862
v -0.00307765603 -0.00263480842 0.00450000539
v -0.00303024054 -0.00266522169 0.00409999862
v -0.00303024054 -0.00266522169 0.00450000539
v -0.00297826529 -0.00268951803 0.00409999862
v -0.00297826529 -0.00268951803 0.00450000539
v -0.00292208791 -0.00270732492 0.00409999862
v -0.00292208791 -0.00270732492 0.00450000539
v -0.00286221504 -0.00271826982 0.00409999862
v -0.00286221504 -0.00271826982 0.00450000539
v -0.00279897451 -0.00272200257 0.00409999862
v -0.00279897451 -0.00272200257 0.00450000539
v -0.00275027752 -0.00271998346 0.00409999862
v -0.00275027752 -0.00271998346 0.00450000539
v -0.00270214677 -0.00271400064 0.00409999862
v -0.00270214677 -0.00271400064 0.00450000539
v -0.00265461206 -0.00270417333 0.00409999862
v -0.00265461206 -0.00270417333 0.00450000539
v -0.0026076436 -0.00269062817 0.00409999862
v -0.0026076436 -0.00269062817 0.00450000539
v -0.00256127119 -0.00267349184 0.00409999862
v -0.00256127119 -0.00267349184 0.00450000539
v -0.00251549482 -0.00265287608 0.00409999862
v -0.00251549482 -0.00265287608 0.00450000539
v -0.0024702847 -0.00262890756 0.00409999862
v -0.0024702847 -0.00262890756 0.00450000539
v -0.00242564082 -0.00260170549 0.00409999862
v -0.00242564082 -0.00260170549 0.00450000539
v -0.00238162279 -0.00257138908 0.00409999862
v -0.00238162279 -0.00257138908 0.00450000539
v -0.0023381412 -0.00253809243 0.00409999862
v -0.0023381412 -0.00253809243 0.00450000539
v -0.00229528546 -0.00250191987 0.00409999862
v -0.00229528546 -0.00250191987 0.00450000539
v -0.00225299597 -0.00246300548 0.00409999862
v -0.00225299597 -0.00246300548 0.00450000539
v -0.00225299597 -0.00154600292 0.00409999862
v -0.00225299597 -0.00154600292 0.00450000539
v -0.000670999289 -0.00471000373 0.00409999862
v -0.000670999289 -0.00471000373 0.00450000539
v -0.000670999289 4.29973006e-05 0.00409999862
v -0.000670999289 4.29973006e-05 0.00450000539
v 0.000407010317 4.29973006e-05 0.00409999862
v 0.000407010317 4.29973006e-05 0.00450000539
v 0.000683009624 3.13818455e-05 0.00409999862
v 0.000683009624 3.13818455e-05 0.00450000539
v 0.000936806202 -3.27825546e-06 0.00409999862
v 0.000936806202 -3.27825546e-06 0.00450000539
v 0.00116804242 -6.06924295e-05 0.00409999862
v 0.00116804242 -6.06924295e-05 0.00450000539
v 0.00137639046 -0.000140555203 0.00409999862
v 0.00137639046 -0.000140555203 0.00450000539
v 0.00156149268 -0.000242590904 0.00409999862
v 0.00156149268 -0.000242590904 0.00450000539
v 0.00172302127 -0.00036650151 0.00409999862
v 0.00172302127 -0.00036650151 0.00450000539
v 0.00186061859 -0.000511996448 0.00409999862
v 0.00186061859 -0.000511996448 0.00450000539
v 0.00197398663 -0.000678777695 0.00409999862
v 0.00197398663 -0.000678777695 0.00450000539
v 0.00206273794 -0.000866562128 0.00409999862
v 0.00206273794 -0.000866562128 0.00450000539
v 0.00212654471 -0.00107505918 0.00409999862
v 0.00212654471 -0.00107505918 0.00450000539
v 0.00216507912 -0.00130397081 0.00409999862
v 0.00216507912 -0.00130397081 0.00450000539
v 0.00217801332 -0.00155299902 0.00409999862
v 0.00217801332 -0.00155299902 0.00450000539
v 0.00216439366 -0.00178319216 0.00409999862
v 0.00216439366 -0.00178319216 0.00450000539
v 0.00212445855 -0.00200038403 0.00409999862
v 0.00212445855 -0.00200038403 0.00450000539
v 0.00205954909 -0.00220323354 0.00409999862
v 0.00205954909 -0.00220323354 0.00450000539
v 0.0019711256 -0.00239040703 0.00409999862
v 0.0019711256 -0.00239040703 0.00450000539
v 0.00186052918 -0.00256057084 0.00409999862
v 0.00186052918 -0.00256057084 0.00450000539
v 0.00172913074 -0.00271237642 0.00409999862
v 0.00172913074 -0.00271237642 0.00450000539
v 0.0015783608 -0.00284449756 0.00409999862
v 0.0015783608 -0.00284449756 0.00450000539
v 0.00140956044 -0.00295559317 0.00409999862
v 0.00140956044 -0.00295559317 0.00450000539
v 0.00122416019 -0.00304432958 0.00409999862
v 0.00122416019 -0.00304432958 0.00450000539
v 0.00102350116 -0.0031093657 0.00409999862
v 0.00102350116 -0.0031093657 0.00450000539
v 0.000808984041 -0.00314936787 0.00409999862
v 0.000808984041 -0.00314936787 0.00450000539
v 0.000582009554 -0.00316300243 0.00409999862
v 0.000582009554 -0.00316300243 0.00450000539
v 0.00053152442 -0.00316211581 0.00409999862
v 0.00053152442 -0.00316211581 0.00450000539
v 0.000481396914 -0.00315944105 0.00409999862
v 0.000481396914 -0.00315944105 0.00450000539
v 0.000431418419 -0.0031549111 0.00409999862
v 0.000431418419 -0.0031549111 0.00450000539
v 0.000381350517 -0.00314848125 0.00409999862
v 0.000381350517 -0.00314848125 0.00450000539
v 0.000330984592 -0.00314011425 0.00409999862
v 0.000330984592 -0.00314011425 0.00450000539
v 0.00028014183 -0.00312975049 0.00409999862
v 0.00028014183 -0.00312975049 0.00450000539
v 0.00022855401 -0.00311734527 0.00409999862
v 0.00022855401 -0.00311734527 0.00450000539
v 0.000176012516 -0.00310285389 0.00409999862
v 0.000176012516 -0.00310285389 0.00450000539
v 0.000122308731 -0.0030862242 0.00409999862
v 0.000122308731 -0.0030862242 0.00450000539
v 6.72340393e-05 -0.00306740403 0.00409999862
v 6.72340393e-05 -0.00306740403 0.00450000539
v 1.05202198e-05 -0.00304634124 0.00409999862
v 1.05202198e-05 -0.00304634124 0.00450000539
v -4.7981739e-05 -0.00302299857 0.00409999862
v -4.7981739e-05 -0.00302299857 0.00450000539
v -4.7981739e-05 -0.00471000373 0.00409999862
v -4.7981739e-05 -0.00471000373 0.00450000539
v -4.47034836e-07 -0.00248487294 0.00409999862
v -4.47034836e-07 -0.00248487294 0.00450000539
v 4.75943089e-05 -0.00250496715 0.00409999862
v 4.75943089e-05 -0.00250496715 0.00450000539
v 9.60528851e-05 -0.00252326578 0.00409999862
v 9.60528851e-05 -0.00252326578 0.00450000539
v 0.000144898891 -0.00253974646 0.00409999862
v 0.000144898891 -0.00253974646 0.00450000539
v 0.000194042921 -0.00255437195 0.00409999862
v 0.000194042921 -0.00255437195 0.00450000539
v 0.000243395567 -0.00256712735 0.00409999862
v 0.000243395567 -0.00256712735 0.00450000539
v 0.000292897224 -0.00257799029 0.00409999862
v 0.000292897224 -0.00257799029 0.00450000539
v 0.000342458487 -0.00258693099 0.00409999862
v 0.000342458487 -0.00258693099 0.00450000539
v 0.000392019749 -0.00259392709 0.00409999862
v 0.000392019749 -0.00259392709 0.00450000539
v 0.000441521406 -0.00259894878 0.00409999862
v 0.000441521406 -0.00259894878 0.00450000539
v 0.000490874052 -0.00260198861 0.00409999862
v 0.000490874052 -0.00260198861 0.00450000539
v 0.000540018082 -0.00260300189 0.00409999862
v 0.000540018082 -0.00260300189 0.00450000539
v 0.000681757927 -0.00259383768 0.00409999862
v 0.000681757927 -0.00259383768 0.00450000539
v 0.00081589818 -0.00256700069 0.00409999862
v 0.00081589818 -0.00256700069 0.00450000539
v 0.000941514969 -0.0025234893 0.00409999862
v 0.000941514969 -0.0025234893 0.00450000539
v 0.00105774403 -0.00246430188 0.00409999862
v 0.00105774403 -0.00246430188 0.00450000539
v 0.00116366148 -0.00239042938 0.00409999862
v 0.00116366148 -0.00239042938 0.00450000539
v 0.00125837326 -0.0023028776 0.00409999862
v 0.00125837326 -0.0023028776 0.00450000539
v 0.0013409853 -0.00220263749 0.00409999862
v 0.0013409853 -0.00220263749 0.00450000539
v 0.00141060352 -0.00209070742 0.00409999862
v 0.00141060352 -0.00209070742 0.00450000539
v 0.00146630406 -0.00196807832 0.00409999862
v 0.00146630406 -0.00196807832 0.00450000539
v 0.00150722265 -0.001835756 0.00409999862
v 0.00150722265 -0.001835756 0.00450000539
v 0.00153240561 -0.00169473141 0.00409999862
v 0.00153240561 -0.00169473141 0.00450000539
v 0.00154101849 -0.00154600292 0.00409999862
v 0.00154101849 -0.00154600292 0.00450000539
v 0.00153386593 -0.00138899684 0.00409999862
v 0.00153386593 -0.00138899684 0.00450000539
v 0.00151246786 -0.00124374032 0.00409999862
v 0.00151246786 -0.00124374032 0.00450000539
v 0.00147682428 -0.00111058354 0.00409999862
v 0.00147682428 -0.00111058354 0.00450000539
v 0.0014269352 -0.000989891589 0.00409999862
v 0.0014269352 -0.000989891589 0.00450000539
v 0.0013628602 -0.000882036984 0.00409999862
v 0.0013628602 -0.000882036984 0.00450000539
v 0.00128462911 -0.000787377357 0.00409999862
v 0.00128462911 -0.000787377357 0.00450000539
v 0.00119224191 -0.000706277788 0.00409999862
v 0.00119224191 -0.000706277788 0.00450000539
v 0.00108575821 -0.000639110804 0.00409999862
v 0.00108575821 -0.000639110804 0.00450000539
v 0.000965148211 -0.000586234033 0.00409999862
v 0.000965148211 -0.000586234033 0.00450000539
v 0.000830471516 -0.000548012555 0.00409999862
v 0.000830471516 -0.000548012555 0.00450000539
v 0.000681757927 -0.000524818897 0.00409999862
v 0.000681757927 -0.000524818897 0.00450000539
v 0.000519007444 -0.000517003238 0.00409999862
v 0.000519007444 -0.000517003238 0.00450000539
v -4.7981739e-05 -0.000517003238 0.00409999862
v -4.7981739e-05 -0.000517003238 0.00450000539
v -4.7981739e-05 -0.00246300548 0.00409999862
v -4.7981739e-05 -0.00246300548 0.00450000539
v 0.00461098552 -0.00071400404 0.00409999862
v 0.00461098552 -0.00071400404 0.00450000539
v 0.00452512503 -0.000664420426 0.00409999862
v 0.00452512503 -0.000664420426 0.00450000539
v 0.00444066525 -0.000620141625 0.00409999862
v 0.00444066525 -0.000620141625 0.00450000539
v 0.00435787439 -0.000581040978 0.00409999862
v 0.00435787439 -0.000581040978 0.00450000539
v 0.00427702069 -0.000546991825 0.00409999862
v 0.00427702069 -0.000546991825 0.00450000539
v 0.00419840217 -0.000517874956 0.00409999862
v 0.00419840217 -0.000517874956 0.00450000539
v 0.00412222743 -0.000493578613 0.00409999862
v 0.00412222743 -0.000493578613 0.00450000539
v 0.00404882431 -0.000473961234 0.00409999862
v 0.00404882431 -0.000473961234 0.00450000539
v 0.00397843122 -0.000458925962 0.00409999862
v 0.00397843122 -0.000458925962 0.00450000539
v 0.00391131639 -0.000448331237 0.00409999862
v 0.00391131639 -0.000448331237 0.00450000539
v 0.00384774804 -0.000442065299 0.00409999862
v 0.00384774804 -0.000442065299 0.00450000539
v 0.00378802419 -0.000440001488 0.00409999862
v 0.00378802419 -0.000440001488 0.00450000539
v 0.00372695923 -0.000442437828 0.00409999862
v 0.00372695923 -0.000442437828 0.00450000539
v 0.00366991758 -0.000449597836 0.00409999862
v 0.00366991758 -0.000449597836 0.00450000539
v 0.00361716747 -0.000461220741 0.00409999862
v 0.00361716747 -0.000461220741 0.00450000539
v 0.00356894732 -0.000477075577 0.00409999862
v 0.00356894732 -0.000477075577 0.00450000539
v 0.00352546573 -0.000496916473 0.00409999862
v 0.00352546573 -0.000496916473 0.00450000539
v 0.00348702073 -0.000520505011 0.00409999862
v 0.00348702073 -0.000520505011 0.00450000539
v 0.00345379114 -0.000547587872 0.00409999862
v 0.00345379114 -0.000547587872 0.00450000539
v 0.00342607498 -0.000577926636 0.00409999862
v 0.00342607498 -0.000577926636 0.00450000539
v 0.00340411067 -0.000611282885 0.00409999862
v 0.00340411067 -0.000611282885 0.00450000539
v 0.00338810682 -0.00064741075 0.00409999862
v 0.00338810682 -0.00064741075 0.00450000539
v 0.00337833166 -0.000686064363 0.00409999862
v 0.00337833166 -0.000686064363 0.00450000539
v 0.0033750236 -0.000727005303 0.00409999862
v 0.0033750236 -0.000727005303 0.00450000539
v 0.00337946415 -0.000762656331 0.00409999862
v 0.00337946415 -0.000762656331 0.00450000539
v 0.00339314342 -0.000799916685 0.00409999862
v 0.00339314342 -0.000799916685 0.00450000539
v 0.00341647863 -0.000839218497 0.00409999862
v 0.00341647863 -0.000839218497 0.00450000539
v 0.00344994664 -0.000881001353 0.00409999862
v 0.00344994664 -0.000881001353 0.00450000539
v 0.00349399447 -0.000925697386 0.00409999862
v 0.00349399447 -0.000925697386 0.00450000539
v 0.00354912877 -0.000973753631 0.00409999862
v 0.00354912877 -0.000973753631 0.00450000539
v 0.00361579657 -0.00102559477 0.00409999862
v 0.00361579657 -0.00102559477 0.00450000539
v 0.00369441509 -0.00108166784 0.00409999862
v 0.00369441509 -0.00108166784 0.00450000539
v 0.00378549099 -0.00114240497 0.00409999862
v 0.00378549099 -0.00114240497 0.00450000539
v 0.00388947129 -0.0012082532 0.00409999862
v 0.00388947129 -0.0012082532 0.00450000539
v 0.00400683284 -0.00127963722 0.00409999862
v 0.00400683284 -0.00127963722 0.00450000539
v 0.00413802266 -0.00135700405 0.00409999862
v 0.00413802266 -0.00135700405 0.00450000539
v 0.00426074862 -0.00144026428 0.00409999862
v 0.00426074862 -0.00144026428 0.00450000539
v 0.00437024236 -0.00151906908 0.00409999862
v 0.00437024236 -0.00151906908 0.00450000539
v 0.0044670105 -0.00159423798 0.00409999862
v 0.0044670105 -0.00159423798 0.00450000539
v 0.00455152988 -0.00166656077 0.00409999862
v 0.00455152988 -0.00166656077 0.00450000539
v 0.00462427735 -0.00173683465 0.00409999862
v 0.00462427735 -0.00173683465 0.00450000539
v 0.00468575954 -0.00180587918 0.00409999862
v 0.00468575954 -0.00180587918 0.00450000539
v 0.00473645329 -0.00187447667 0.00409999862
v 0.00473645329 -0.00187447667 0.00450000539
v 0.00477683544 -0.0019434467 0.00409999862
v 0.00477683544 -0.0019434467 0.00450000539
v 0.00480738282 -0.00201357901 0.00409999862
v 0.00480738282 -0.00201357901 0.00450000539
v 0.00482860208 -0.00208568573 0.00409999862
v 0.00482860208 -0.00208568573 0.00450000539
v 0.00484099984 -0.00216055661 0.00409999862
v 0.00484099984 -0.00216055661 0.00450000539
v 0.00484502316 -0.00223900378 0.00409999862
v 0.00484502316 -0.00223900378 0.00450000539
v 0.00483599305 -0.00237335265 0.00409999862
v 0.00483599305 -0.00237335265 0.00450000539
v 0.00480958819 -0.00249946117 0.00409999862
v 0.00480958819 -0.00249946117 0.00450000539
v 0.00476682186 -0.00261667371 0.00409999862
v 0.00476682186 -0.00261667371 0.00450000539
v 0.00470864773 -0.0027243346 0.00409999862
v 0.00470864773 -0.0027243346 0.00450000539
v 0.00463607907 -0.00282178819 0.00409999862
v 0.00463607907 -0.00282178819 0.00450000539
v 0.00455012918 -0.00290837884 0.00409999862
v 0.00455012918 -0.00290837884 0.00450000539
v 0.00445178151 -0.00298344344 0.00409999862
v 0.00445178151 -0.00298344344 0.00450000539
v 0.00434204936 -0.00304633379 0.00409999862
v 0.00434204936 -0.00304633379 0.00450000539
v 0.0042219162 -0.00309639424 0.00409999862
v 0.0042219162 -0.00309639424 0.00450000539
v 0.0040923655 -0.00313296169 0.00409999862
v 0.0040923655 -0.00313296169 0.00450000539
v 0.00395438075 -0.00315538049 0.00409999862
v 0.00395438075 -0.00315538049 0.00450000539
v 0.00380900502 -0.00316300243 0.00409999862
v 0.00380900502 -0.00316300243 0.00450000539
v 0.00371441245 -0.0031613633 0.00409999862
v 0.00371441245 -0.0031613633 0.00450000539
v 0.0036226511 -0.00315632671 0.00409999862
v 0.0036226511 -0.00315632671 0.00450000539
v 0.00353306532 -0.00314769149 0.00409999862
v 0.00353306532 -0.00314769149 0.00450000539
v 0.00344499946 -0.00313526392 0.00409999862
v 0.00344499946 -0.00313526392 0.00450000539
v 0.00335782766 -0.00311885029 0.00409999862
v 0.00335782766 -0.00311885029 0.00450000539
v 0.00327089429 -0.00309824944 0.00409999862
v 0.00327089429 -0.00309824944 0.00450000539
v 0.00318348408 -0.00307328254 0.00409999862
v 0.00318348408 -0.00307328254 0.00450000539
v 0.00309500098 -0.00304374099 0.00409999862
v 0.00309500098 -0.00304374099 0.00450000539
v 0.00300478935 -0.00300943851 0.00409999862
v 0.00300478935 -0.00300943851 0.00450000539
v 0.00291213393 -0.00297018141 0.00409999862
v 0.00291213393 -0.00297018141 0.00450000539
v 0.00281643867 -0.00292576104 0.00409999862
v 0.00281643867 -0.00292576104 0.00450000539
v 0.00271701813 -0.00287599862 0.00409999862
v 0.00271701813 -0.00287599862 0.00450000539
v 0.00271701813 -0.00220400095 0.00409999862
v 0.00271701813 -0.00220400095 0.00450000539
v 0.00281772017 -0.00227094442 0.00409999862
v 0.00281772017 -0.00227094442 0.00450000539
v 0.00291669369 -0.00233181566 0.00409999862
v 0.00291669369 -0.00233181566 0.00450000539
v 0.00301364064 -0.00238665938 0.00409999862
v 0.00301364064 -0.00238665938 0.00450000539
v 0.00310823321 -0.00243552029 0.00409999862
v 0.00310823321 -0.00243552029 0.00450000539
v 0.00320020318 -0.00247845054 0.00409999862
v 0.00320020318 -0.00247845054 0.00450000539
v 0.00328925252 -0.00251550227 0.00409999862
v 0.00328925252 -0.00251550227 0.00450000539
v 0.00337511301 -0.00254672021 0.00409999862
v 0.00337511301 -0.00254672021 0.00450000539
v 0.00345745683 -0.00257214904 0.00409999862
v 0.00345745683 -0.00257214904 0.00450000539
v 0.00353601575 -0.00259184837 0.00409999862
v 0.00353601575 -0.00259184837 0.00450000539
v 0.00361049175 -0.00260585546 0.00409999862
v 0.00361049175 -0.00260585546 0.00450000539
v 0.00368058681 -0.00261422247 0.00409999862
v 0.00368058681 -0.00261422247 0.00450000539
v 0.00374600291 -0.00261700153 0.00409999862
v 0.00374600291 -0.00261700153 0.00450000539
v 0.00380805135 -0.00261131674 0.00409999862
v 0.00380805135 -0.00261131674 0.00450000539
v 0.0038677454 -0.00260125101 0.00409999862
v 0.0038677454 -0.00260125101 0.00450000539
v 0.00392451882 -0.00258681178 0.00409999862
v 0.00392451882 -0.00258681178 0.00450000539
v 0.00397780538 -0.00256799906 0.00409999862
v 0.00397780538 -0.00256799906 0.00450000539
v 0.00402697921 -0.00254481286 0.00409999862
v 0.00402697921 -0.00254481286 0.00450000539
v 0.00407150388 -0.00251725316 0.00409999862
v 0.00407150388 -0.00251725316 0.00450000539
v 0.00411078334 -0.00248531252 0.00409999862
v 0.00411078334 -0.00248531252 0.00450000539
v 0.00414422154 -0.00244900584 0.00409999862
v 0.00414422154 -0.00244900584 0.00450000539
v 0.00417125225 -0.00240831822 0.00409999862
v 0.00417125225 -0.00240831822 0.00450000539
v 0.00419127941 -0.00236324966 0.00409999862
v 0.00419127941 -0.00236324966 0.00450000539
v 0.00420373678 -0.00231381506 0.00409999862
v 0.00420373678 -0.00231381506 0.00450000539
v 0.00420799851 -0.00225999951 0.00409999862
v 0.00420799851 -0.00225999951 0.00450000539
v 0.00417909026 -0.00215525925 0.00409999862
v 0.00417909026 -0.00215525925 0.00450000539
v 0.00409913063 -0.00205612928 0.00409999862
v 0.00409913063 -0.00205612928 0.00450000539
v 0.00397831202 -0.00195977092 0.00409999862
v 0.00397831202 -0.00195977092 0.00450000539
v 0.00382691622 -0.00186333805 0.00409999862
v 0.00382691622 -0.00186333805 0.00450000539
v 0.00365507603 -0.00176398456 0.00409999862
v 0.00365507603 -0.00176398456 0.00450000539
v 0.00347301364 -0.00165887922 0.00409999862
v 0.00347301364 -0.00165887922 0.00450000539
v 0.00329095125 -0.00154516101 0.00409999862
v 0.00329095125 -0.00154516101 0.00450000539
v 0.00311911106 -0.00141999871 0.00409999862
v 0.00311911106 -0.00141999871 0.00450000539
v 0.00296771526 -0.00128054619 0.00409999862
v 0.00296771526 -0.00128054619 0.00450000539
v 0.00284689665 -0.00112395734 0.00409999862
v 0.00284689665 -0.00112395734 0.00450000539
v 0.00276693702 -0.000947393477 0.00409999862
v 0.00276693702 -0.000947393477 0.00450000539
v 0.00273799896 -0.000748001039 0.00409999862
v 0.00273799896 -0.000748001039 0.00450000539
v 0.00274637341 -0.000619441271 0.00409999862
v 0.00274637341 -0.000619441271 0.00450000539
v 0.00277099013 -0.000500023365 0.00409999862
v 0.00277099013 -0.000500023365 0.00450000539
v 0.00281128287 -0.000390127301 0.00409999862
v 0.00281128287 -0.000390127301 0.00450000539
v 0.00286659598 -0.00029014796 0.00409999862
v 0.00286659598 -0.00029014796 0.00450000539
v 0.00293630362 -0.000200480223 0.00409999862
v 0.00293630362 -0.000200480223 0.00450000539
v 0.00301975012 -0.000121504068 0.00409999862
v 0.00301975012 -0.000121504068 0.00450000539
v 0.00311633945 -5.36069274e-05 0.00409999862
v 0.00311633945 -5.36069274e-05 0.00450000539
v 0.00322541595 2.81631947e-06 0.00409999862
v 0.00322541595 2.81631947e-06 0.00450000539
v 0.00334635377 4.73707914e-05 0.00409999862
v 0.00334635377 4.73707914e-05 0.00450000539
v 0.00347852707 7.96839595e-05 0.00409999862
v 0.00347852707 7.96839595e-05 0.00450000539
v 0.00362128019 9.93534923e-05 0.00409999862
v 0.00362128019 9.93534923e-05 0.00450000539
v 0.0037740171 0.00010599941 0.00409999862
v 0.0037740171 0.00010599941 0.00450000539
v 0.00384765863 0.000104241073 0.00409999862
v 0.00384765863 0.000104241073 0.00450000539
v 0.0039216876 9.89660621e-05 0.00409999862
v 0.0039216876 9.89660621e-05 0.00450000539
v 0.00399616361 9.01371241e-05 0.00409999862
v 0.00399616361 9.01371241e-05 0.00450000539
v 0.00407111645 7.77393579e-05 0.00409999862
v 0.00407111645 7.77393579e-05 0.00450000539
v 0.00414666533 6.17429614e-05 0.00409999862
v 0.00414666533 6.17429614e-05 0.00450000539
v 0.00422289968 4.21255827e-05 0.00409999862
v 0.00422289968 4.21255827e-05 0.00450000539
v 0.00429981947 1.88574195e-05 0.00409999862
v 0.00429981947 1.88574195e-05 0.00450000539
v 0.00437757373 -8.07642937e-06 0.00409999862
v 0.00437757373 -8.07642937e-06 0.00450000539
v 0.00445619226 -3.87057662e-05 0.00409999862
v 0.00445619226 -3.87057662e-05 0.00450000539
v 0.00453573465 -7.30529428e-05 0.00409999862
v 0.00453573465 -7.30529428e-05 0.00450000539
v 0.00461632013 -0.000111140311 0.00409999862
v 0.00461632013 -0.000111140311 0.00450000539
v 0.0046980083 -0.000153005123 0.00409999862
v 0.0046980083 -0.000153005123 0.00450000539
v 0.0046980083 -0.000769004226 0.00409999862
v 0.0046980083 -0.000769004226 0.00450000539
usemtl screen_white_text_003
f 272 274 273
f 272 275 274
f 271 275 272
f 271 276 275
f 271 277 276
f 270 277 271
f 270 278 277
f 270 279 278
f 269 279 270
f 269 280 279
f 269 281 280
f 268 281 269
f 268 282 281
f 268 283 282
f 267 283 268
f 267 284 283
f 267 285 284
f 266 285 267
f 266 160 285
f 160 159 285
f 159 158 285
f 158 157 285
f 157 156 285
f 156 155 285
f 155 154 285
f 154 153 285
f 153 286 285
f 265 162 266
f 162 161 266
f 161 160 266
f 264 163 265
f 163 162 265
f 263 165 264
f 165 164 264
f 164 163 264
f 263 166 165
f 263 167 166
f 263 168 167
f 263 169 168
f 263 170 169
f 262 170 263
f 262 171 170
f 262 172 171
f 262 173 172
f 262 174 173
f 261 174 262
f 261 175 174
f 261 176 175
f 261 177 176
f 260 177 261
f 260 178 177
f 260 179 178
f 260 180 179
f 260 181 180
f 260 182 181
f 259 182 260
f 259 183 182
f 259 184 183
f 259 185 184
f 258 185 259
f 258 186 185
f 258 187 186
f 258 188 187
f 257 188 258
f 257 189 188
f 256 189 257
f 256 190 189
f 256 191 190
f 255 191 256
f 255 192 191
f 254 192 255
f 254 193 192
f 254 194 193
f 253 194 254
f 253 195 194
f 252 195 253
f 252 196 195
f 252 197 196
f 251 197 252
f 251 198 197
f 250 198 251
f 250 199 198
f 249 199 250
f 249 200 199
f 224 226 225
f 249 201 200
f 248 201 249
f 224 227 226
f 247 201 248
f 224 228 227
f 246 201 247
f 246 202 201
f 224 229 228
f 245 202 246
f 224 230 229
f 244 202 245
f 224 231 230
f 243 202 244
f 243 203 202
f 224 232 231
f 242 203 243
f 241 203 242
f 224 233 232
f 240 203 241
f 224 234 233
f 239 203 240
f 224 235 234
f 238 203 239
f 224 236 235
f 237 203 238
f 224 237 236
f 237 204 203
f 224 204 237
f 224 205 204
f 224 206 205
f 223 206 224
f 223 207 206
f 222 207 223
f 221 207 222
f 221 208 207
f 220 208 221
f 219 208 220
f 219 209 208
f 218 209 219
f 218 210 209
f 217 210 218
f 216 210 217
f 216 211 210
f 215 211 216
f 214 211 215
f 214 212 211
f 213 212 214
f 287 363 288
f 363 289 288
f 363 290 289
f 363 291 290
f 363 292 291
f 363 293 292
f 363 294 293
f 363 295 294
f 363 296 295
f 363 362 296
f 362 361 296
f 361 297 296
f 287 364 363
f 360 297 361
f 359 297 360
f 358 297 359
f 357 297 358
f 357 298 297
f 356 298 357
f 355 298 356
f 355 299 298
f 354 299 355
f 353 299 354
f 353 300 299
f 352 300 353
f 351 300 352
f 351 301 300
f 350 301 351
f 349 301 350
f 349 302 301
f 348 302 349
f 348 303 302
f 347 303 348
f 346 303 347
f 346 304 303
f 345 304 346
f 344 304 345
f 344 305 304
f 343 305 344
f 343 306 305
f 342 306 343
f 287 327 364
f 341 306 342
f 287 328 327
f 287 329 328
f 287 325 329
f 325 330 329
f 340 306 341
f 325 331 330
f 325 332 331
f 340 307 306
f 339 307 340
f 325 333 332
f 325 334 333
f 325 335 334
f 338 307 339
f 325 336 335
f 325 337 336
f 325 338 337
f 325 307 338
f 325 308 307
f 325 309 308
f 325 310 309
f 287 326 325
f 324 310 325
f 324 311 310
f 323 311 324
f 322 311 323
f 321 311 322
f 320 311 321
f 320 312 311
f 319 312 320
f 318 312 319
f 317 312 318
f 316 312 317
f 316 313 312
f 315 313 316
f 314 313 315
f 462 464 463
f 461 464 462
f 461 465 464
f 460 465 461
f 459 465 460
f 459 466 465
f 458 466 459
f 458 467 466
f 457 467 458
f 456 467 457
f 456 468 467
f 455 468 456
f 455 469 468
f 454 469 455
f 453 469 454
f 453 470 469
f 452 470 453
f 452 471 470
f 451 471 452
f 450 449 451
f 449 448 451
f 448 447 451
f 447 446 451
f 446 445 451
f 445 444 451
f 444 443 451
f 443 442 451
f 442 441 451
f 441 440 451
f 440 471 451
f 440 439 471
f 439 438 471
f 438 472 471
f 438 437 472
f 437 473 472
f 436 473 437
f 435 473 436
f 434 473 435
f 433 473 434
f 432 473 433
f 432 474 473
f 431 474 432
f 430 474 431
f 429 474 430
f 429 475 474
f 428 475 429
f 427 475 428
f 427 476 475
f 426 476 427
f 425 476 426
f 424 538 425
f 538 476 425
f 423 538 424
f 422 538 423
f 421 538 422
f 420 538 421
f 420 502 538
f 537 476 538
f 420 503 502
f 419 503 420
f 419 504 503
f 418 504 419
f 418 505 504
f 417 505 418
f 417 506 505
f 417 507 506
f 416 507 417
f 416 508 507
f 415 508 416
f 415 509 508
f 415 510 509
f 414 510 415
f 414 511 510
f 414 512 511
f 413 512 414
f 413 513 512
f 412 513 413
f 412 514 513
f 412 515 514
f 411 515 412
f 411 516 515
f 411 517 516
f 536 476 537
f 410 517 411
f 535 476 536
f 410 518 517
f 534 476 535
f 499 501 500
f 534 477 476
f 410 519 518
f 498 501 499
f 533 477 534
f 533 478 477
f 497 501 498
f 409 519 410
f 409 520 519
f 533 479 478
f 532 479 533
f 496 501 497
f 532 480 479
f 531 480 532
f 495 501 496
f 409 521 520
f 531 481 480
f 494 501 495
f 530 481 531
f 530 482 481
f 493 501 494
f 409 522 521
f 530 483 482
f 529 483 530
f 492 501 493
f 529 484 483
f 408 522 409
f 491 501 492
f 408 523 522
f 528 484 529
f 528 485 484
f 490 501 491
f 528 486 485
f 489 501 490
f 527 486 528
f 527 487 486
f 488 501 489
f 527 488 487
f 408 524 523
f 527 501 488
f 526 501 527
f 408 525 524
f 525 501 526
f 408 388 525
f 388 501 525
f 407 388 408
f 407 389 388
f 387 501 388
f 406 389 407
f 406 390 389
f 386 501 387
f 386 365 501
f 405 390 406
f 405 391 390
f 385 365 386
f 385 366 365
f 405 392 391
f 384 366 385
f 404 392 405
f 384 367 366
f 404 393 392
f 383 367 384
f 383 368 367
f 403 393 404
f 403 394 393
f 382 368 383
f 382 369 368
f 403 395 394
f 381 369 382
f 381 370 369
f 402 395 403
f 402 396 395
f 380 370 381
f 380 371 370
f 402 397 396
f 380 372 371
f 379 372 380
f 401 397 402
f 379 373 372
f 401 398 397
f 378 373 379
f 378 374 373
f 401 399 398
f 377 374 378
f 400 399 401
f 377 375 374
f 376 375 377
f 622 624 623
f 622 625 624
f 622 626 625
f 621 626 622
f 621 627 626
f 621 628 627
f 621 629 628
f 620 629 621
f 620 630 629
f 620 631 630
f 620 632 631
f 619 632 620
f 619 633 632
f 619 634 633
f 619 635 634
f 618 635 619
f 618 546 635
f 546 545 635
f 545 544 635
f 544 543 635
f 543 542 635
f 542 541 635
f 541 540 635
f 540 539 635
f 539 636 635
f 617 548 618
f 548 547 618
f 547 546 618
f 616 550 617
f 550 549 617
f 549 548 617
f 616 551 550
f 616 552 551
f 616 553 552
f 615 553 616
f 615 554 553
f 615 555 554
f 615 556 555
f 614 556 615
f 614 557 556
f 614 558 557
f 613 558 614
f 613 559 558
f 613 560 559
f 612 560 613
f 612 561 560
f 611 561 612
f 611 562 561
f 611 563 562
f 610 563 611
f 610 564 563
f 609 564 610
f 609 565 564
f 609 566 565
f 608 566 609
f 608 567 566
f 608 568 567
f 607 568 608
f 607 569 568
f 585 587 586
f 607 570 569
f 584 587 585
f 606 570 607
f 583 587 584
f 606 571 570
f 582 587 583
f 581 587 582
f 580 587 581
f 606 572 571
f 579 587 580
f 578 587 579
f 606 573 572
f 577 587 578
f 576 587 577
f 606 574 573
f 575 587 576
f 605 574 606
f 574 587 575
f 605 587 574
f 604 587 605
f 603 587 604
f 602 587 603
f 602 588 587
f 602 589 588
f 602 590 589
f 601 590 602
f 601 591 590
f 601 592 591
f 601 593 592
f 601 594 593
f 600 594 601
f 600 595 594
f 600 596 595
f 600 597 596
f 599 597 600
f 599 598 597
f 756 757 758
f 756 758 759
f 755 756 759
f 755 759 760
f 755 760 761
f 754 755 761
f 754 761 762
f 754 762 763
f 753 754 763
f 753 763 764
f 753 764 765
f 752 753 765
f 752 765 766
f 752 766 767
f 751 752 767
f 751 767 768
f 751 768 769
f 750 751 769
f 750 769 644
f 644 769 643
f 643 769 642
f 642 769 641
f 641 769 640
f 640 769 639
f 639 769 638
f 638 769 637
f 637 769 770
f 749 750 646
f 646 750 645
f 645 750 644
f 748 749 647
f 647 749 646
f 747 748 649
f 649 748 648
f 648 748 647
f 747 649 650
f 747 650 651
f 747 651 652
f 747 652 653
f 747 653 654
f 746 747 654
f 746 654 655
f 746 655 656
f 746 656 657
f 746 657 658
f 745 746 658
f 745 658 659
f 745 659 660
f 745 660 661
f 744 745 661
f 744 661 662
f 744 662 663
f 744 663 664
f 744 664 665
f 744 665 666
f 743 744 666
f 743 666 667
f 743 667 668
f 743 668 669
f 742 743 669
f 742 669 670
f 742 670 671
f 742 671 672
f 741 742 672
f 741 672 673
f 740 741 673
f 740 673 674
f 740 674 675
f 739 740 675
f 739 675 676
f 738 739 676
f 738 676 677
f 738 677 678
f 737 738 678
f 737 678 679
f 736 737 679
f 736 679 680
f 736 680 681
f 735 736 681
f 735 681 682
f 734 735 682
f 734 682 683
f 733 734 683
f 733 683 684
f 708 709 710
f 733 684 685
f 732 733 685
f 708 710 711
f 731 732 685
f 708 711 712
f 730 731 685
f 730 685 686
f 708 712 713
f 729 730 686
f 708 713 714
f 728 729 686
f 708 714 715
f 727 728 686
f 727 686 687
f 708 715 716
f 726 727 687
f 725 726 687
f 708 716 717
f 724 725 687
f 708 717 718
f 723 724 687
f 708 718 719
f 722 723 687
f 708 719 720
f 721 722 687
f 708 720 721
f 721 687 688
f 708 721 688
f 708 688 689
f 708 689 690
f 707 708 690
f 707 690 691
f 706 707 691
f 705 706 691
f 705 691 692
f 704 705 692
f 703 704 692
f 703 692 693
f 702 703 693
f 702 693 694
f 701 702 694
f 700 701 694
f 700 694 695
f 699 700 695
f 698 699 695
f 698 695 696
f 697 698 696
f 771 772 847
f 847 772 773
f 847 773 774
f 847 774 775
f 847 775 776
f 847 776 777
f 847 777 778
f 847 778 779
f 847 779 780
f 847 780 846
f 846 780 845
f 845 780 781
f 771 847 848
f 844 845 781
f 843 844 781
f 842 843 781
f 841 842 781
f 841 781 782
f 840 841 782
f 839 840 782
f 839 782 783
f 838 839 783
f 837 838 783
f 837 783 784
f 836 837 784
f 835 836 784
f 835 784 785
f 834 835 785
f 833 834 785
f 833 785 786
f 832 833 786
f 832 786 787
f 831 832 787
f 830 831 787
f 830 787 788
f 829 830 788
f 828 829 788
f 828 788 789
f 827 828 789
f 827 789 790
f 826 827 790
f 771 848 811
f 825 826 790
f 771 811 812
f 771 812 813
f 771 813 809
f 809 813 814
f 824 825 790
f 809 814 815
f 809 815 816
f 824 790 791
f 823 824 791
f 809 816 817
f 809 817 818
f 809 818 819
f 822 823 791
f 809 819 820
f 809 820 821
f 809 821 822
f 809 822 791
f 809 791 792
f 809 792 793
f 809 793 794
f 771 809 810
f 808 809 794
f 808 794 795
f 807 808 795
f 806 807 795
f 805 806 795
f 804 805 795
f 804 795 796
f 803 804 796
f 802 803 796
f 801 802 796
f 800 801 796
f 800 796 797
f 799 800 797
f 798 799 797
f 946 947 948
f 945 946 948
f 945 948 949
f 944 945 949
f 943 944 949
f 943 949 950
f 942 943 950
f 942 950 951
f 941 942 951
f 940 941 951
f 940 951 952
f 939 940 952
f 939 952 953
f 938 939 953
f 937 938 953
f 937 953 954
f 936 937 954
f 936 954 955
f 935 936 955
f 934 935 933
f 933 935 932
f 932 935 931
f 931 935 930
f 930 935 929
f 929 935 928
f 928 935 927
f 927 935 926
f 926 935 925
f 925 935 924
f 924 935 955
f 924 955 923
f 923 955 922
f 922 955 956
f 922 956 921
f 921 956 957
f 920 921 957
f 919 920 957
f 918 919 957
f 917 918 957
f 916 917 957
f 916 957 958
f 915 916 958
f 914 915 958
f 913 914 958
f 913 958 959
f 912 913 959
f 911 912 959
f 911 959 960
f 910 911 960
f 909 910 960
f 908 909 1022
f 1022 909 960
f 907 908 1022
f 906 907 1022
f 905 906 1022
f 904 905 1022
f 904 1022 986
f 1021 1022 960
f 904 986 987
f 903 904 987
f 903 987 988
f 902 903 988
f 902 988 989
f 901 902 989
f 901 989 990
f 901 990 991
f 900 901 991
f 900 991 992
f 899 900 992
f 899 992 993
f 899 993 994
f 898 899 994
f 898 994 995
f 898 995 996
f 897 898 996
f 897 996 997
f 896 897 997
f 896 997 998
f 896 998 999
f 895 896 999
f 895 999 1000
f 895 1000 1001
f 1020 1021 960
f 894 895 1001
f 1019 1020 960
f 894 1001 1002
f 1018 1019 960
f 983 984 985
f 1018 960 961
f 894 1002 1003
f 982 983 985
f 1017 1018 961
f 1017 961 962
f 981 982 985
f 893 894 1003
f 893 1003 1004
f 1017 962 963
f 1016 1017 963
f 980 981 985
f 1016 963 964
f 1015 1016 964
f 979 980 985
f 893 1004 1005
f 1015 964 965
f 978 979 985
f 1014 1015 965
f 1014 965 966
f 977 978 985
f 893 1005 1006
f 1014 966 967
f 1013 1014 967
f 976 977 985
f 1013 967 968
f 892 893 1006
f 975 976 985
f 892 1006 1007
f 1012 1013 968
f 1012 968 969
f 974 975 985
f 1012 969 970
f 973 974 985
f 1011 1012 970
f 1011 970 971
f 972 973 985
f 1011 971 972
f 892 1007 1008
f 1011 972 985
f 1010 1011 985
f 892 1008 1009
f 1009 1010 985
f 892 1009 872
f 872 1009 985
f 891 892 872
f 891 872 873
f 871 872 985
f 890 891 873
f 890 873 874
f 870 871 985
f 870 985 849
f 889 890 874
f 889 874 875
f 869 870 849
f 869 849 850
f 889 875 876
f 868 869 850
f 888 889 876
f 868 850 851
f 888 876 877
f 867 868 851
f 867 851 852
f 887 888 877
f 887 877 878
f 866 867 852
f 866 852 853
f 887 878 879
f 865 866 853
f 865 853 854
f 886 887 879
f 886 879 880
f 864 865 854
f 864 854 855
f 886 880 881
f 864 855 856
f 863 864 856
f 885 886 881
f 863 856 857
f 885 881 882
f 862 863 857
f 862 857 858
f 885 882 883
f 861 862 858
f 884 885 883
f 861 858 859
f 860 861 859
f 1106 1107 1108
f 1106 1108 1109
f 1106 1109 1110
f 1105 1106 1110
f 1105 1110 1111
f 1105 1111 1112
f 1105 1112 1113
f 1104 1105 1113
f 1104 1113 1114
f 1104 1114 1115
f 1104 1115 1116
f 1103 1104 1116
f 1103 1116 1117
f 1103 1117 1118
f 1103 1118 1119
f 1102 1103 1119
f 1102 1119 1030
f 1030 1119 1029
f 1029 1119 1028
f 1028 1119 1027
f 1027 1119 1026
f 1026 1119 1025
f 1025 1119 1024
f 1024 1119 1023
f 1023 1119 1120
f 1101 1102 1032
f 1032 1102 1031
f 1031 1102 1030
f 1100 1101 1034
f 1034 1101 1033
f 1033 1101 1032
f 1100 1034 1035
f 1100 1035 1036
f 1100 1036 1037
f 1099 1100 1037
f 1099 1037 1038
f 1099 1038 1039
f 1099 1039 1040
f 1098 1099 1040
f 1098 1040 1041
f 1098 1041 1042
f 1097 1098 1042
f 1097 1042 1043
f 1097 1043 1044
f 1096 1097 1044
f 1096 1044 1045
f 1095 1096 1045
f 1095 1045 1046
f 1095 1046 1047
f 1094 1095 1047
f 1094 1047 1048
f 1093 1094 1048
f 1093 1048 1049
f 1093 1049 1050
f 1092 1093 1050
f 1092 1050 1051
f 1092 1051 1052
f 1091 1092 1052
f 1091 1052 1053
f 1069 1070 1071
f 1091 1053 1054
f 1068 1069 1071
f 1090 1091 1054
f 1067 1068 1071
f 1090 1054 1055
f 1066 1067 1071
f 1065 1066 1071
f 1064 1065 1071
f 1090 1055 1056
f 1063 1064 1071
f 1062 1063 1071
f 1090 1056 1057
f 1061 1062 1071
f 1060 1061 1071
f 1090 1057 1058
f 1059 1060 1071
f 1089 1090 1058
f 1058 1059 1071
f 1089 1058 1071
f 1088 1089 1071
f 1087 1088 1071
f 1086 1087 1071
f 1086 1071 1072
f 1086 1072 1073
f 1086 1073 1074
f 1085 1086 1074
f 1085 1074 1075
f 1085 1075 1076
f 1085 1076 1077
f 1085 1077 1078
f 1084 1085 1078
f 1084 1078 1079
f 1084 1079 1080
f 1084 1080 1081
f 1083 1084 1081
f 1083 1081 1082
f 1122 1124 1123 1121
f 1124 1126 1125 1123
f 1126 1128 1127 1125
f 1128 1130 1129 1127
f 1130 1132 1131 1129
f 1132 1134 1133 1131
f 1134 1136 1135 1133
f 1136 1138 1137 1135
f 1138 1140 1139 1137
f 1140 1142 1141 1139
f 1142 1144 1143 1141
f 1144 1146 1145 1143
f 1146 1148 1147 1145
f 1148 1150 1149 1147
f 1150 1152 1151 1149
f 1152 1154 1153 1151
f 1154 1156 1155 1153
f 1156 1158 1157 1155
f 1158 1160 1159 1157
f 1160 1162 1161 1159
f 1162 1164 1163 1161
f 1164 1166 1165 1163
f 1166 1168 1167 1165
f 1168 1170 1169 1167
f 1170 1172 1171 1169
f 1172 1174 1173 1171
f 1174 1176 1175 1173
f 1176 1178 1177 1175
f 1178 1180 1179 1177
f 1180 1182 1181 1179
f 1182 1184 1183 1181
f 1184 1186 1185 1183
f 1186 1188 1187 1185
f 1188 1190 1189 1187
f 1190 1192 1191 1189
f 1192 1194 1193 1191
f 1194 1196 1195 1193
f 1196 1198 1197 1195
f 1198 1200 1199 1197
f 1200 1202 1201 1199
f 1202 1204 1203 1201
f 1204 1206 1205 1203
f 1206 1208 1207 1205
f 1208 1210 1209 1207
f 1210 1212 1211 1209
f 1212 1214 1213 1211
f 1214 1216 1215 1213
f 1216 1218 1217 1215
f 1218 1220 1219 1217
f 1220 1222 1221 1219
f 1222 1224 1223 1221
f 1224 1226 1225 1223
f 1226 1228 1227 1225
f 1228 1230 1229 1227
f 1230 1232 1231 1229
f 1232 1234 1233 1231
f 1234 1236 1235 1233
f 1236 1238 1237 1235
f 1238 1240 1239 1237
f 1240 1242 1241 1239
f 1242 1244 1243 1241
f 1244 1246 1245 1243
f 1246 1248 1247 1245
f 1248 1250 1249 1247
f 1250 1252 1251 1249
f 1252 1254 1253 1251
f 1254 1256 1255 1253
f 1256 1258 1257 1255
f 1258 1260 1259 1257
f 1260 1262 1261 1259
f 1262 1264 1263 1261
f 1264 1266 1265 1263
f 1266 1268 1267 1265
f 1268 1270 1269 1267
f 1270 1272 1271 1269
f 1272 1274 1273 1271
f 1274 1276 1275 1273
f 1276 1278 1277 1275
f 1278 1280 1279 1277
f 1280 1282 1281 1279
f 1282 1284 1283 1281
f 1284 1286 1285 1283
f 1286 1288 1287 1285
f 1288 1290 1289 1287
f 1290 1292 1291 1289
f 1292 1294 1293 1291
f 1294 1296 1295 1293
f 1296 1298 1297 1295
f 1298 1300 1299 1297
f 1300 1302 1301 1299
f 1302 1304 1303 1301
f 1304 1306 1305 1303
f 1306 1308 1307 1305
f 1308 1310 1309 1307
f 1310 1312 1311 1309
f 1312 1314 1313 1311
f 1314 1316 1315 1313
f 1316 1122 1121 1315
f 1318 1320 1319 1317
f 1320 1322 1321 1319
f 1322 1324 1323 1321
f 1324 1326 1325 1323
f 1326 1328 1327 1325
f 1328 1330 1329 1327
f 1330 1332 1331 1329
f 1332 1334 1333 1331
f 1334 1336 1335 1333
f 1336 1338 1337 1335
f 1338 1340 1339 1337
f 1340 1342 1341 1339
f 1342 1344 1343 1341
f 1344 1346 1345 1343
f 1346 1348 1347 1345
f 1348 1350 1349 1347
f 1350 1352 1351 1349
f 1352 1354 1353 1351
f 1354 1356 1355 1353
f 1356 1358 1357 1355
f 1358 1360 1359 1357
f 1360 1362 1361 1359
f 1362 1364 1363 1361
f 1364 1366 1365 1363
f 1366 1368 1367 1365
f 1368 1370 1369 1367
f 1370 1372 1371 1369
f 1372 1374 1373 1371
f 1374 1376 1375 1373
f 1376 1378 1377 1375
f 1378 1380 1379 1377
f 1380 1382 1381 1379
f 1382 1384 1383 1381
f 1384 1386 1385 1383
f 1386 1388 1387 1385
f 1388 1390 1389 1387
f 1390 1392 1391 1389
f 1392 1394 1393 1391
f 1394 1396 1395 1393
f 1396 1398 1397 1395
f 1398 1400 1399 1397
f 1400 1402 1401 1399
f 1402 1404 1403 1401
f 1404 1406 1405 1403
f 1406 1408 1407 1405
f 1408 1410 1409 1407
f 1410 1412 1411 1409
f 1412 1414 1413 1411
f 1414 1416 1415 1413
f 1416 1418 1417 1415
f 1418 1420 1419 1417
f 1420 1422 1421 1419
f 1422 1424 1423 1421
f 1424 1426 1425 1423
f 1426 1428 1427 1425
f 1428 1430 1429 1427
f 1430 1432 1431 1429
f 1432 1434 1433 1431
f 1434 1436 1435 1433
f 1436 1438 1437 1435
f 1438 1440 1439 1437
f 1440 1442 1441 1439
f 1442 1444 1443 1441
f 1444 1446 1445 1443
f 1446 1448 1447 1445
f 1448 1450 1449 1447
f 1450 1452 1451 1449
f 1452 1454 1453 1451
f 1454 1456 1455 1453
f 1456 1458 1457 1455
f 1458 1460 1459 1457
f 1460 1462 1461 1459
f 1462 1464 1463 1461
f 1464 1466 1465 1463
f 1466 1468 1467 1465
f 1468 1470 1469 1467
f 1470 1472 1471 1469
f 1472 1474 1473 1471
f 1474 1476 1475 1473
f 1476 1478 1477 1475
f 1478 1480 1479 1477
f 1480 1482 1481 1479
f 1482 1484 1483 1481
f 1484 1486 1485 1483
f 1486 1488 1487 1485
f 1488 1490 1489 1487
f 1490 1492 1491 1489
f 1492 1494 1493 1491
f 1494 1496 1495 1493
f 1496 1498 1497 1495
f 1498 1500 1499 1497
f 1500 1502 1501 1499
f 1502 1504 1503 1501
f 1504 1506 1505 1503
f 1506 1508 1507 1505
f 1508 1510 1509 1507
f 1510 1512 1511 1509
f 1512 1514 1513 1511
f 1514 1516 1515 1513
f 1516 1518 1517 1515
f 1518 1520 1519 1517
f 1520 1522 1521 1519
f 1522 1524 1523 1521
f 1524 1526 1525 1523
f 1526 1528 1527 1525
f 1528 1530 1529 1527
f 1530 1532 1531 1529
f 1532 1534 1533 1531
f 1534 1536 1535 1533
f 1536 1538 1537 1535
f 1538 1540 1539 1537
f 1540 1542 1541 1539
f 1542 1544 1543 1541
f 1544 1546 1545 1543
f 1546 1548 1547 1545
f 1548 1550 1549 1547
f 1550 1552 1551 1549
f 1552 1554 1553 1551
f 1554 1556 1555 1553
f 1556 1558 1557 1555
f 1558 1560 1559 1557
f 1560 1562 1561 1559
f 1562 1564 1563 1561
f 1564 1566 1565 1563
f 1566 1568 1567 1565
f 1568 1570 1569 1567
f 1570 1572 1571 1569
f 1572 1574 1573 1571
f 1574 1576 1575 1573
f 1576 1578 1577 1575
f 1578 1580 1579 1577
f 1580 1582 1581 1579
f 1582 1584 1583 1581
f 1584 1586 1585 1583
f 1586 1588 1587 1585
f 1588 1590 1589 1587
f 1590 1318 1317 1589
f 1592 1594 1593 1591
f 1594 1596 1595 1593
f 1596 1598 1597 1595
f 1598 1600 1599 1597
f 1600 1602 1601 1599
f 1602 1604 1603 1601
f 1604 1606 1605 1603
f 1606 1608 1607 1605
f 1608 1610 1609 1607
f 1610 1612 1611 1609
f 1612 1614 1613 1611
f 1614 1616 1615 1613
f 1616 1618 1617 1615
f 1618 1620 1619 1617
f 1620 1622 1621 1619
f 1622 1624 1623 1621
f 1624 1626 1625 1623
f 1626 1628 1627 1625
f 1628 1630 1629 1627
f 1630 1632 1631 1629
f 1632 1634 1633 1631
f 1634 1636 1635 1633
f 1636 1638 1637 1635
f 1638 1640 1639 1637
f 1640 1642 1641 1639
f 1642 1644 1643 1641
f 1644 1646 1645 1643
f 1646 1648 1647 1645
f 1648 1650 1649 1647
f 1650 1652 1651 1649
f 1652 1654 1653 1651
f 1654 1656 1655 1653
f 1656 1658 1657 1655
f 1658 1660 1659 1657
f 1660 1662 1661 1659
f 1662 1664 1663 1661
f 1664 1592 1591 1663
f 1666 1668 1667 1665
f 1668 1670 1669 1667
f 1670 1672 1671 1669
f 1672 1674 1673 1671
f 1674 1676 1675 1673
f 1676 1678 1677 1675
f 1678 1680 1679 1677
f 1680 1682 1681 1679
f 1682 1684 1683 1681
f 1684 1686 1685 1683
f 1686 1688 1687 1685
f 1688 1690 1689 1687
f 1690 1692 1691 1689
f 1692 1694 1693 1691
f 1694 1696 1695 1693
f 1696 1698 1697 1695
f 1698 1700 1699 1697
f 1700 1702 1701 1699
f 1702 1704 1703 1701
f 1704 1706 1705 1703
f 1706 1708 1707 1705
f 1708 1710 1709 1707
f 1710 1712 1711 1709
f 1712 1714 1713 1711
f 1714 1716 1715 1713
f 1716 1718 1717 1715
f 1718 1720 1719 1717
f 1720 1722 1721 1719
f 1722 1724 1723 1721
f 1724 1726 1725 1723
f 1726 1728 1727 1725
f 1728 1730 1729 1727
f 1730 1732 1731 1729
f 1732 1734 1733 1731
f 1734 1736 1735 1733
f 1736 1738 1737 1735
f 1738 1740 1739 1737
f 1740 1742 1741 1739
f 1742 1744 1743 1741
f 1744 1666 1665 1743
f 1746 1748 1747 1745
f 1748 1750 1749 1747
f 1750 1752 1751 1749
f 1752 1754 1753 1751
f 1754 1756 1755 1753
f 1756 1758 1757 1755
f 1758 1760 1759 1757
f 1760 1762 1761 1759
f 1762 1764 1763 1761
f 1764 1766 1765 1763
f 1766 1768 1767 1765
f 1768 1770 1769 1767
f 1770 1772 1771 1769
f 1772 1774 1773 1771
f 1774 1776 1775 1773
f 1776 1778 1777 1775
f 1778 1780 1779 1777
f 1780 1782 1781 1779
f 1782 1784 1783 1781
f 1784 1786 1785 1783
f 1786 1788 1787 1785
f 1788 1790 1789 1787
f 1790 1792 1791 1789
f 1792 1794 1793 1791
f 1794 1796 1795 1793
f 1796 1798 1797 1795
f 1798 1800 1799 1797
f 1800 1802 1801 1799
f 1802 1804 1803 1801
f 1804 1806 1805 1803
f 1806 1808 1807 1805
f 1808 1810 1809 1807
f 1810 1812 1811 1809
f 1812 1814 1813 1811
f 1814 1816 1815 1813
f 1816 1818 1817 1815
f 1818 1820 1819 1817
f 1820 1746 1745 1819
f 1822 1824 1823 1821
f 1824 1826 1825 1823
f 1826 1828 1827 1825
f 1828 1830 1829 1827
f 1830 1832 1831 1829
f 1832 1834 1833 1831
f 1834 1836 1835 1833
f 1836 1838 1837 1835
f 1838 1840 1839 1837
f 1840 1842 1841 1839
f 1842 1844 1843 1841
f 1844 1846 1845 1843
f 1846 1848 1847 1845
f 1848 1850 1849 1847
f 1850 1852 1851 1849
f 1852 1854 1853 1851
f 1854 1856 1855 1853
f 1856 1858 1857 1855
f 1858 1860 1859 1857
f 1860 1862 1861 1859
f 1862 1864 1863 1861
f 1864 1866 1865 1863
f 1866 1868 1867 1865
f 1868 1870 1869 1867
f 1870 1872 1871 1869
f 1872 1874 1873 1871
f 1874 1876 1875 1873
f 1876 1878 1877 1875
f 1878 1880 1879 1877
f 1880 1882 1881 1879
f 1882 1884 1883 1881
f 1884 1886 1885 1883
f 1886 1888 1887 1885
f 1888 1890 1889 1887
f 1890 1892 1891 1889
f 1892 1894 1893 1891
f 1894 1896 1895 1893
f 1896 1898 1897 1895
f 1898 1900 1899 1897
f 1900 1902 1901 1899
f 1902 1904 1903 1901
f 1904 1906 1905 1903
f 1906 1908 1907 1905
f 1908 1910 1909 1907
f 1910 1912 1911 1909
f 1912 1914 1913 1911
f 1914 1916 1915 1913
f 1916 1918 1917 1915
f 1918 1920 1919 1917
f 1920 1922 1921 1919
f 1922 1924 1923 1921
f 1924 1926 1925 1923
f 1926 1928 1927 1925
f 1928 1930 1929 1927
f 1930 1932 1931 1929
f 1932 1934 1933 1931
f 1934 1936 1935 1933
f 1936 1938 1937 1935
f 1938 1940 1939 1937
f 1940 1942 1941 1939
f 1942 1944 1943 1941
f 1944 1946 1945 1943
f 1946 1948 1947 1945
f 1948 1950 1949 1947
f 1950 1952 1951 1949
f 1952 1954 1953 1951
f 1954 1956 1955 1953
f 1956 1958 1957 1955
f 1958 1960 1959 1957
f 1960 1962 1961 1959
f 1962 1964 1963 1961
f 1964 1966 1965 1963
f 1966 1968 1967 1965
f 1968 1970 1969 1967
f 1970 1972 1971 1969
f 1972 1974 1973 1971
f 1974 1976 1975 1973
f 1976 1978 1977 1975
f 1978 1980 1979 1977
f 1980 1982 1981 1979
f 1982 1984 1983 1981
f 1984 1986 1985 1983
f 1986 1988 1987 1985
f 1988 1990 1989 1987
f 1990 1992 1991 1989
f 1992 1994 1993 1991
f 1994 1996 1995 1993
f 1996 1998 1997 1995
f 1998 2000 1999 1997
f 2000 2002 2001 1999
f 2002 2004 2003 2001
f 2004 2006 2005 2003
f 2006 2008 2007 2005
f 2008 2010 2009 2007
f 2010 2012 2011 2009
f 2012 2014 2013 2011
f 2014 2016 2015 2013
f 2016 2018 2017 2015
f 2018 2020 2019 2017
f 2020 2022 2021 2019
f 2022 2024 2023 2021
f 2024 2026 2025 2023
f 2026 2028 2027 2025
f 2028 2030 2029 2027
f 2030 2032 2031 2029
f 2032 2034 2033 2031
f 2034 2036 2035 2033
f 2036 2038 2037 2035
f 2038 2040 2039 2037
f 2040 2042 2041 2039
f 2042 2044 2043 2041
f 2044 2046 2045 2043
f 2046 2048 2047 2045
f 2048 2050 2049 2047
f 2050 2052 2051 2049
f 2052 2054 2053 2051
f 2054 2056 2055 2053
f 2056 2058 2057 2055
f 2058 2060 2059 2057
f 2060 2062 2061 2059
f 2062 2064 2063 2061
f 2064 2066 2065 2063
f 2066 2068 2067 2065
f 2068 2070 2069 2067
f 2070 2072 2071 2069
f 2072 2074 2073 2071
f 2074 2076 2075 2073
f 2076 2078 2077 2075
f 2078 2080 2079 2077
f 2080 2082 2081 2079
f 2082 2084 2083 2081
f 2084 2086 2085 2083
f 2086 2088 2087 2085
f 2088 1822 1821 2087
