mtllib keyboard_key_bottom_4_space_link.mtl
o keyboard_key_bottom_4_space_link

g keyboard_key_bottom_4_space_SOLID
v -0.0989999995 -0.0164999999 0
v -0.0989999995 -0.0130000003 -0.00349999964
v -0.102499999 -0.0130000003 0
v -0.0990000069 -0.0162335783 -0.0013393946
v -0.0990000069 -0.0154748745 -0.00247487426
v -0.100339398 -0.0162335783 0
v -0.100372963 -0.0159120411 -0.00137295946
v -0.100303307 -0.0152968913 -0.00229689106
v -0.101020731 -0.0150207281 -0.00202072784
v -0.100339398 -0.0130000003 -0.00323357806
v -0.101474881 -0.0130000003 -0.00247487426
v -0.0990000069 -0.0143393911 -0.00323357806
v -0.100372963 -0.0143729597 -0.0029120408
v -0.101296894 -0.0143032968 -0.00229689106
v -0.102233589 -0.0143393911 0
v -0.101474881 -0.0154748745 0
v -0.102233589 -0.0130000003 -0.00133939087
v -0.101912044 -0.0143729597 -0.00137295946
v -0.101296894 -0.0152968913 -0.00130329654
v 0.0989999995 -0.0164999999 0
v 0.102499999 -0.0130000003 0
v 0.0989999995 -0.0130000003 -0.00349999964
v 0.100339398 -0.0162335783 0
v 0.101474881 -0.0154748745 0
v 0.0990000069 -0.0162335783 -0.00133939087
v 0.100372963 -0.0159120411 -0.00137295946
v 0.101296894 -0.0152968913 -0.00130329654
v 0.101020731 -0.0150207281 -0.00202072784
v 0.102233589 -0.0130000003 -0.0013393946
v 0.101474881 -0.0130000003 -0.00247487426
v 0.102233589 -0.0143393911 0
v 0.101912044 -0.0143729597 -0.00137295946
v 0.101296894 -0.0143032968 -0.00229689106
v 0.0990000069 -0.0143393911 -0.00323357806
v 0.0990000069 -0.0154748745 -0.00247487426
v 0.100339398 -0.0130000003 -0.00323357806
v 0.100372963 -0.0143729597 -0.0029120408
v 0.100303307 -0.0152968913 -0.00229689106
v 0.0989999995 0.0164999999 0
v 0.0989999995 0.0130000003 -0.00349999964
v 0.102499999 0.0130000003 0
v 0.0990000069 0.0162335783 -0.0013393946
v 0.0990000069 0.0154748736 -0.00247487426
v 0.100339398 0.0162335783 0
v 0.100372963 0.0159120392 -0.00137295946
v 0.100303307 0.0152968913 -0.00229689106
v 0.101020731 0.0150207262 -0.00202072784
v 0.100339398 0.0130000003 -0.00323357806
v 0.101474881 0.0130000003 -0.00247487426
v 0.0990000069 0.0143393921 -0.00323357806
v 0.100372963 0.0143729588 -0.0029120408
v 0.101296894 0.0143032968 -0.00229689106
v 0.102233589 0.0143393921 0
v 0.101474881 0.0154748736 0
v 0.102233589 0.0130000003 -0.00133939087
v 0.101912044 0.0143729588 -0.00137295946
v 0.101296894 0.0152968913 -0.00130329654
v -0.0989999995 0.0164999999 0
v -0.102499999 0.0130000003 0
v -0.0989999995 0.0130000003 -0.00349999964
v -0.100339398 0.0162335783 0
v -0.101474881 0.0154748736 0
v -0.0990000069 0.0162335783 -0.00133939087
v -0.100372963 0.0159120392 -0.00137295946
v -0.101296894 0.0152968913 -0.00130329654
v -0.101020731 0.0150207262 -0.00202072784
v -0.102233589 0.0130000003 -0.0013393946
v -0.101474881 0.0130000003 -0.00247487426
v -0.102233589 0.0143393921 0
v -0.101912044 0.0143729588 -0.00137295946
v -0.101296894 0.0143032968 -0.00229689106
v -0.0990000069 0.0143393921 -0.00323357806
v -0.0990000069 0.0154748736 -0.00247487426
v -0.100339398 0.0130000003 -0.00323357806
v -0.100372963 0.0143729588 -0.0029120408
v -0.100303307 0.0152968913 -0.00229689106
v -0.102499999 -0.0130000003 0
v -0.0989999995 -0.0130000003 0.00350000337
v -0.0989999995 -0.0164999999 0
v -0.102233589 -0.0130000003 0.0013393946
v -0.101474881 -0.0130000003 0.00247487426
v -0.102233589 -0.0143393911 0
v -0.101912044 -0.0143729597 0.00137295946
v -0.101296894 -0.0143032968 0.00229689106
v -0.101020731 -0.0150207281 0.00202072784
v -0.0990000069 -0.0143393911 0.00323357806
v -0.0990000069 -0.0154748745 0.00247487426
v -0.100339398 -0.0130000003 0.00323357806
v -0.100372963 -0.0143729597 0.0029120408
v -0.100303307 -0.0152968913 0.00229689106
v -0.100339398 -0.0162335783 0
v -0.101474881 -0.0154748745 0
v -0.0990000069 -0.0162335783 0.00133939087
v -0.100372963 -0.0159120411 0.00137295946
v -0.101296894 -0.0152968913 0.00130329654
v 0.0989999995 -0.0164999999 0
v 0.0989999995 -0.0130000003 0.00350000337
v 0.102499999 -0.0130000003 0
v 0.0990000069 -0.0162335783 0.0013393946
v 0.0990000069 -0.0154748745 0.00247487426
v 0.100339398 -0.0162335783 0
v 0.100372963 -0.0159120411 0.00137295946
v 0.100303307 -0.0152968913 0.00229689106
v 0.101020731 -0.0150207281 0.00202072784
v 0.100339398 -0.0130000003 0.00323357806
v 0.101474881 -0.0130000003 0.00247487426
v 0.0990000069 -0.0143393911 0.00323357806
v 0.100372963 -0.0143729597 0.0029120408
v 0.101296894 -0.0143032968 0.00229689106
v 0.102233589 -0.0143393911 0
v 0.101474881 -0.0154748745 0
v 0.102233589 -0.0130000003 0.00133939087
v 0.101912044 -0.0143729597 0.00137295946
v 0.101296894 -0.0152968913 0.00130329654
v 0.0989999995 0.0130000003 0.00350000337
v 0.0989999995 0.0164999999 0
v 0.102499999 0.0130000003 0
v 0.0990000069 0.0143393921 0.00323357806
v 0.0990000069 0.0154748736 0.00247487426
v 0.100339398 0.0130000003 0.00323357806
v 0.100372963 0.0143729588 0.0029120408
v 0.100303307 0.0152968913 0.00229689106
v 0.101020731 0.0150207262 0.00202072784
v 0.100339398 0.0162335783 0
v 0.101474881 0.0154748736 0
v 0.0990000069 0.0162335783 0.00133939087
v 0.100372963 0.0159120392 0.00137295946
v 0.101296894 0.0152968913 0.00130329654
v 0.102233589 0.0130000003 0.0013393946
v 0.101474881 0.0130000003 0.00247487426
v 0.102233589 0.0143393921 0
v 0.101912044 0.0143729588 0.00137295946
v 0.101296894 0.0143032968 0.00229689106
v -0.102499999 0.0130000003 0
v -0.0989999995 0.0164999999 0
v -0.0989999995 0.0130000003 0.00350000337
v -0.102233589 0.0143393921 0
v -0.101474881 0.0154748736 0
v -0.102233589 0.0130000003 0.00133939087
v -0.101912044 0.0143729588 0.00137295946
v -0.101296894 0.0152968913 0.00130329654
v -0.101020731 0.0150207262 0.00202072784
v -0.0990000069 0.0162335783 0.0013393946
v -0.0990000069 0.0154748736 0.00247487426
v -0.100339398 0.0162335783 0
v -0.100372963 0.0159120392 0.00137295946
v -0.100303307 0.0152968913 0.00229689106
v -0.100339398 0.0130000003 0.00323357806
v -0.101474881 0.0130000003 0.00247487426
v -0.0990000069 0.0143393921 0.00323357806
v -0.100372963 0.0143729588 0.0029120408
v -0.101296894 0.0143032968 0.00229689106
usemtl matte_black_keycaps_003
f 59 134 77 3
f 2 22 40 60
f 39 116 135 58
f 78 136 115 97
f 21 98 117 41
f 1 4 7 6
f 4 5 8 7
f 6 7 19 16
f 7 8 9 19
f 2 10 13 12
f 10 11 14 13
f 12 13 8 5
f 13 14 9 8
f 3 15 18 17
f 15 16 19 18
f 17 18 14 11
f 18 19 9 14
f 20 23 26 25
f 23 24 27 26
f 25 26 38 35
f 26 27 28 38
f 21 29 32 31
f 29 30 33 32
f 31 32 27 24
f 32 33 28 27
f 22 34 37 36
f 34 35 38 37
f 36 37 33 30
f 37 38 28 33
f 39 42 45 44
f 42 43 46 45
f 44 45 57 54
f 45 46 47 57
f 40 48 51 50
f 48 49 52 51
f 50 51 46 43
f 51 52 47 46
f 41 53 56 55
f 53 54 57 56
f 55 56 52 49
f 56 57 47 52
f 58 61 64 63
f 61 62 65 64
f 63 64 76 73
f 64 65 66 76
f 59 67 70 69
f 67 68 71 70
f 69 70 65 62
f 70 71 66 65
f 60 72 75 74
f 72 73 76 75
f 74 75 71 68
f 75 76 66 71
f 77 80 83 82
f 80 81 84 83
f 82 83 95 92
f 83 84 85 95
f 78 86 89 88
f 86 87 90 89
f 88 89 84 81
f 89 90 85 84
f 79 91 94 93
f 91 92 95 94
f 93 94 90 87
f 94 95 85 90
f 96 99 102 101
f 99 100 103 102
f 101 102 114 111
f 102 103 104 114
f 97 105 108 107
f 105 106 109 108
f 107 108 103 100
f 108 109 104 103
f 98 110 113 112
f 110 111 114 113
f 112 113 109 106
f 113 114 104 109
f 115 118 121 120
f 118 119 122 121
f 120 121 133 130
f 121 122 123 133
f 116 124 127 126
f 124 125 128 127
f 126 127 122 119
f 127 128 123 122
f 117 129 132 131
f 129 130 133 132
f 131 132 128 125
f 132 133 123 128
f 134 137 140 139
f 137 138 141 140
f 139 140 152 149
f 140 141 142 152
f 135 143 146 145
f 143 144 147 146
f 145 146 141 138
f 146 147 142 141
f 136 148 151 150
f 148 149 152 151
f 150 151 147 144
f 151 152 142 147
f 39 58 63 42
f 42 63 73 43
f 43 73 72 50
f 50 72 60 40
f 1 20 25 4
f 4 25 35 5
f 5 35 34 12
f 12 34 22 2
f 21 41 55 29
f 29 55 49 30
f 30 49 48 36
f 36 48 40 22
f 2 60 74 10
f 10 74 68 11
f 11 68 67 17
f 17 67 59 3
f 3 77 82 15
f 15 82 92 16
f 16 92 91 6
f 6 91 79 1
f 78 97 107 86
f 86 107 100 87
f 87 100 99 93
f 93 99 96 79
f 97 115 120 105
f 105 120 130 106
f 106 130 129 112
f 112 129 117 98
f 77 134 139 80
f 80 139 149 81
f 81 149 148 88
f 88 148 136 78
f 20 96 101 23
f 23 101 111 24
f 24 111 110 31
f 31 110 98 21
f 41 117 131 53
f 53 131 125 54
f 54 125 124 44
f 44 124 116 39
f 115 136 150 118
f 118 150 144 119
f 119 144 143 126
f 126 143 135 116
f 58 135 145 61
f 61 145 138 62
f 62 138 137 69
f 69 137 134 59
f 1 79 96 20

g key_legend_bottom_4_space
v 0.00636051409 -0.00258763134 0.00450000539
v 0.00628061034 -0.0026345551 0.00450000539
v 0.00620062463 -0.00267681293 0.00450000539
v 0.00611988828 -0.00271444395 0.00450000539
v 0.00603773631 -0.00274749286 0.00450000539
v 0.00595350005 -0.00277600065 0.00450000539
v 0.00586651359 -0.00280000828 0.00450000539
v 0.00577611104 -0.00281955674 0.00450000539
v 0.00568162464 -0.00283468887 0.00450000539
v 0.00558238849 -0.00284544565 0.00450000539
v 0.00547773577 -0.00285186805 0.00450000539
v 0.00536699966 -0.00285400078 0.00450000539
v 0.0051648058 -0.00283999369 0.00450000539
v 0.00497844443 -0.0027994439 0.00450000539
v 0.00480824988 -0.00273456238 0.00450000539
v 0.00465455558 -0.00264755636 0.00450000539
v 0.00451769494 -0.00254063122 0.00450000539
v 0.0043979995 -0.00241599977 0.00450000539
v 0.00429580547 -0.00227586739 0.00450000539
v 0.00421144441 -0.00212244503 0.00450000539
v 0.00414524972 -0.00195793808 0.00450000539
v 0.00409755576 -0.00178455561 0.00450000539
v 0.00406869501 -0.00160450675 0.00450000539
v 0.00405899994 -0.00142000057 0.00450000539
v 0.00406958349 -0.00122166611 0.00450000539
v 0.00410066731 -0.00103533268 0.00450000539
v 0.00415125024 -0.00086200051 0.00450000539
v 0.00422033295 -0.000702666119 0.00450000539
v 0.00430691615 -0.000558333471 0.00450000539
v 0.00441000052 -0.000429999083 0.00450000539
v 0.00452858396 -0.00031866692 0.00450000539
v 0.00466166623 -0.000225333497 0.00450000539
v 0.00480824988 -0.000151000917 0.00450000539
v 0.00496733375 -9.6667558e-05 0.00450000539
v 0.00513791665 -6.33336604e-05 0.00450000539
v 0.00531900022 -5.19994646e-05 0.00450000539
v 0.00549201109 -6.21397048e-05 0.00450000539
v 0.00565358344 -9.26107168e-05 0.00450000539
v 0.00580303185 -0.000143500045 0.00450000539
v 0.00593966618 -0.000214889646 0.00450000539
v 0.00606280193 -0.000306861475 0.00450000539
v 0.0061717499 -0.000419499353 0.00450000539
v 0.0062658228 -0.00055288896 0.00450000539
v 0.00634433329 -0.000707112253 0.00450000539
v 0.00640659407 -0.000882249326 0.00450000539
v 0.00645191595 -0.00107838959 0.00450000539
v 0.00647961441 -0.00129561126 0.00450000539
v 0.00648899935 -0.00153400004 0.00450000539
v 0.00459299982 -0.00153400004 0.00450000539
v 0.00461861864 -0.00166211464 0.00450000539
v 0.00465344451 -0.00177941658 0.00450000539
v 0.0046974374 -0.00188584439 0.00450000539
v 0.00475055538 -0.0019813329 0.00450000539
v 0.00481275655 -0.00206582248 0.00450000539
v 0.004883999 -0.00213924982 0.00450000539
v 0.00496424269 -0.00220155157 0.00450000539
v 0.00505344383 -0.00225266628 0.00450000539
v 0.00515156239 -0.00229253061 0.00450000539
v 0.00525855552 -0.0023210831 0.00450000539
v 0.00537438132 -0.00233826041 0.00450000539
v 0.00549899973 -0.00234400108 0.00450000539
v 0.00557963923 -0.0023415219 0.00450000539
v 0.00565961096 -0.00233416632 0.00450000539
v 0.00573899969 -0.00232206285 0.00450000539
v 0.0058178883 -0.00230533443 0.00450000539
v 0.00589636154 -0.002284104 0.00450000539
v 0.00597449951 -0.00225850008 0.00450000539
v 0.00605238881 -0.00222864561 0.00450000539
v 0.00613011047 -0.00219466724 0.00450000539
v 0.00620774925 -0.0021566879 0.00450000539
v 0.00628538802 -0.00211483426 0.00450000539
v 0.00636311062 -0.00206922926 0.00450000539
v 0.00644099899 -0.00201999955 0.00450000539
v 0.00644099899 -0.00253600068 0.00450000539
v 0.0059520416 -0.00108118728 0.00450000539
v 0.00593433343 -0.000988999382 0.00450000539
v 0.00590812508 -0.000903813168 0.00450000539
v 0.00587366708 -0.000825999305 0.00450000539
v 0.00583120808 -0.00075593777 0.00450000539
v 0.00578099955 -0.000693999231 0.00450000539
v 0.00572329108 -0.000640561804 0.00450000539
v 0.00565833226 -0.000595999882 0.00450000539
v 0.00558637455 -0.000560687855 0.00450000539
v 0.00550766662 -0.000535000116 0.00450000539
v 0.00542245805 -0.000519312918 0.00450000539
v 0.00533100031 -0.000514000654 0.00450000539
v 0.00523238163 -0.000518968329 0.00450000539
v 0.00514055509 -0.000533750281 0.00450000539
v 0.00505556166 -0.00055815652 0.00450000539
v 0.00497744419 -0.000592000782 0.00450000539
v 0.00490624271 -0.000635093078 0.00450000539
v 0.00484200008 -0.000687250867 0.00450000539
v 0.00478475634 -0.000748280436 0.00450000539
v 0.00473455526 -0.000817999244 0.00450000539
v 0.00469143689 -0.000896219164 0.00450000539
v 0.00465544313 -0.000982750207 0.00450000539
v 0.00462661684 -0.00107740611 0.00450000539
v 0.00460499898 -0.0011800006 0.00450000539
v 0.00596099999 -0.0011800006 0.00450000539
v 0.00346854888 -0.00075995177 0.00450000539
v 0.00339788944 -0.000717611983 0.00450000539
v 0.00333056226 -0.000680686906 0.00450000539
v 0.00326611102 -0.000648889691 0.00450000539
v 0.00320407655 -0.000621924177 0.00450000539
v 0.00314399973 -0.000599499792 0.00450000539
v 0.00308542326 -0.000581325963 0.00450000539
v 0.00302788895 -0.000567112118 0.00450000539
v 0.00297093764 -0.000556562096 0.00450000539
v 0.00291411113 -0.000549389049 0.00450000539
v 0.00285695121 -0.000545298681 0.00450000539
v 0.00279900059 -0.000544000417 0.00450000539
v 0.00268073194 -0.000551518053 0.00450000539
v 0.00256936066 -0.000573638827 0.00450000539
v 0.00246553123 -0.000609718263 0.00450000539
v 0.00236988813 -0.000659111887 0.00450000539
v 0.00228307955 -0.000721169636 0.00450000539
v 0.00220574997 -0.000795250759 0.00450000539
v 0.00213854481 -0.000880705193 0.00450000539
v 0.00208211131 -0.000976888463 0.00450000539
v 0.00203709304 -0.00108315609 0.00450000539
v 0.00200413913 -0.00119886175 0.00450000539
v 0.00198389217 -0.00132335722 0.00450000539
v 0.00197700039 -0.00145599991 0.00450000539
v 0.00198440254 -0.00159080885 0.00450000539
v 0.00200622156 -0.00171597302 0.00450000539
v 0.00204187445 -0.0018310938 0.00450000539
v 0.00209077727 -0.00193577819 0.00450000539
v 0.00215234701 -0.00202962942 0.00450000539
v 0.00222599972 -0.00211225078 0.00450000539
v 0.00231115241 -0.00218324736 0.00450000539
v 0.00240722205 -0.00224222243 0.00450000539
v 0.00251362473 -0.00228878111 0.00450000539
v 0.00262977742 -0.00232252851 0.00450000539
v 0.00275509711 -0.00234306604 0.00450000539
v 0.00288899988 -0.00235000066 0.00450000539
v 0.0029457882 -0.00234875083 0.00450000539
v 0.00300230552 -0.00234499946 0.00450000539
v 0.00305878185 -0.00233875029 0.00450000539
v 0.00311544444 -0.00232999958 0.00450000539
v 0.00317252427 -0.00231875107 0.00450000539
v 0.00323025044 -0.00230500102 0.00450000539
v 0.00328885112 -0.00228874944 0.00450000539
v 0.00334855542 -0.00227000006 0.00450000539
v 0.0034095943 -0.002248751 0.00450000539
v 0.00347219408 -0.00222500041 0.00450000539
v 0.00353658665 -0.00219875015 0.00450000539
v 0.00360300019 -0.00217000023 0.00450000539
v 0.00360300019 -0.00269800052 0.00450000539
v 0.00355475396 -0.002718715 0.00450000539
v 0.0035005277 -0.00273872167 0.00450000539
v 0.00344109349 -0.00275781192 0.00450000539
v 0.00337722246 -0.00277577713 0.00450000539
v 0.00330968387 -0.00279241055 0.00450000539
v 0.00323924981 -0.00280749984 0.00450000539
v 0.0031666914 -0.00282084011 0.00450000539
v 0.00309277792 -0.00283222273 0.00450000539
v 0.00301828142 -0.00284143724 0.00450000539
v 0.00294397213 -0.00284827873 0.00450000539
v 0.00287062116 -0.00285253488 0.00450000539
v 0.00279900059 -0.00285400078 0.00450000539
v 0.00260318723 -0.00284256227 0.00450000539
v 0.00241849944 -0.00280899927 0.00450000539
v 0.00224606227 -0.00275443867 0.00450000539
v 0.00208699983 -0.00267999992 0.00450000539
v 0.00194243714 -0.00258681178 0.00450000539
v 0.00181349926 -0.0024759993 0.00450000539
v 0.00170131214 -0.0023486875 0.00450000539
v 0.00160699897 -0.00220599957 0.00450000539
v 0.00153168663 -0.0020490624 0.00450000539
v 0.00147650018 -0.00187900104 0.00450000539
v 0.00144256279 -0.00169693679 0.00450000539
v 0.00143099949 -0.00150400028 0.00450000539
v 0.00144162588 -0.00128888898 0.00450000539
v 0.00147300027 -0.00108811073 0.00450000539
v 0.00152437575 -0.000902500004 0.00450000539
v 0.00159499981 -0.000732889399 0.00450000539
v 0.00168412551 -0.000580111519 0.00450000539
v 0.00179100037 -0.000445000827 0.00450000539
v 0.00191487558 -0.000328388065 0.00450000539
v 0.00205500051 -0.000231111422 0.00450000539
v 0.00221062452 -0.000153999776 0.00450000539
v 0.00238099974 -9.78894532e-05 0.00450000539
v 0.0025653746 -6.36111945e-05 0.00450000539
v 0.00276300032 -5.19994646e-05 0.00450000539
v 0.00283896178 -5.34821302e-05 0.00450000539
v 0.00291119516 -5.78612089e-05 0.00450000539
v 0.0029802192 -6.50305301e-05 0.00450000539
v 0.00304655544 -7.48895109e-05 0.00450000539
v 0.00311072543 -8.73301178e-05 0.00450000539
v 0.00317325071 -0.000102249905 0.00450000539
v 0.00323464908 -0.000119544566 0.00450000539
v 0.00329544488 -0.000139111653 0.00450000539
v 0.00335615687 -0.000160843134 0.00450000539
v 0.00341730565 -0.000184638426 0.00450000539
v 0.00347941369 -0.00021039322 0.00450000539
v 0.00354299974 -0.000237999484 0.00450000539
v 0.00354299974 -0.000808000565 0.00450000539
v 0.00103037804 -0.00268216431 0.00450000539
v 0.000977028161 -0.00271580555 0.00450000539
v 0.000928217545 -0.00274515711 0.00450000539
v 0.000883221626 -0.00277044438 0.00450000539
v 0.000841308385 -0.00279190019 0.00450000539
v 0.000801749527 -0.00280974992 0.00450000539
v 0.000763814896 -0.00282422639 0.00450000539
v 0.00072677806 -0.00283555686 0.00450000539
v 0.000689905137 -0.00284396857 0.00450000539
v 0.000652471557 -0.00284969434 0.00450000539
v 0.000613747165 -0.00285296142 0.00450000539
v 0.000572999939 -0.00285400078 0.00450000539
v 0.000516733155 -0.00285223685 0.00450000539
v 0.00046486035 -0.0028468892 0.00450000539
v 0.000417280942 -0.00283787586 0.00450000539
v 0.000373888761 -0.00282511115 0.00450000539
v 0.000334579498 -0.00280851498 0.00450000539
v 0.000299248844 -0.00278799981 0.00450000539
v 0.000267794356 -0.0027634874 0.00450000539
v 0.000240111724 -0.00273488835 0.00450000539
v 0.000216092914 -0.00270212442 0.00450000539
v 0.000195639208 -0.0026651118 0.00450000539
v 0.000178642571 -0.0026237648 0.00450000539
v 0.000165000558 -0.00257799961 0.00450000539
v 0.000106256455 -0.00262250379 0.00450000539
v 4.70560044e-05 -0.0026630275 0.00450000539
v -1.25635415e-05 -0.00269959308 0.00450000539
v -7.25556165e-05 -0.0027322229 0.00450000539
v -0.000132882968 -0.00276093371 0.00450000539
v -0.000193500891 -0.00278574973 0.00450000539
v -0.00025436841 -0.00280669145 0.00450000539
v -0.000315444544 -0.0028237775 0.00450000539
v -0.000376688316 -0.00283703208 0.00450000539
v -0.000438055024 -0.00284647197 0.00450000539
v -0.000499507412 -0.00285212137 0.00450000539
v -0.000561000779 -0.00285400078 0.00450000539
v -0.000657174736 -0.00284766033 0.00450000539
v -0.000747388229 -0.00282927789 0.00450000539
v -0.000831188634 -0.0027998127 0.00450000539
v -0.000908112153 -0.00276022218 0.00450000539
v -0.000977702439 -0.00271146558 0.00450000539
v -0.00103949942 -0.00265450031 0.00450000539
v -0.0010930486 -0.00259028561 0.00450000539
v -0.00113788992 -0.00251977891 0.00450000539
v -0.0011735633 -0.00244393758 0.00450000539
v -0.00119961239 -0.00236372277 0.00450000539
v -0.00121557713 -0.00228009 0.00450000539
v -0.00122100115 -0.00219400041 0.00450000539
v -0.00121118873 -0.00206803903 0.00450000539
v -0.00118300132 -0.0019563064 0.00450000539
v -0.00113831274 -0.00185753219 0.00450000539
v -0.00107900053 -0.00177044421 0.00450000539
v -0.00100693852 -0.00169377401 0.00450000539
v -0.000924000517 -0.0016262494 0.00450000539
v -0.000832062215 -0.00156660005 0.00450000539
v -0.000733001158 -0.00151355565 0.00450000539
v -0.000628687441 -0.00146584399 0.00450000539
v -0.000521000475 -0.00142219476 0.00450000539
v -0.000411812216 -0.00138133764 0.00450000539
v -0.000303000212 -0.00134200044 0.00450000539
v 0.000171000138 -0.00117399916 0.00450000539
v 0.000171000138 -0.00102999993 0.00450000539
v 0.000167625025 -0.000950090587 0.00450000539
v 0.000157499686 -0.000878222287 0.00450000539
v 0.000140624121 -0.000814188272 0.00450000539
v 0.000117000192 -0.000757778063 0.00450000539
v 8.66241753e-05 -0.000708784908 0.00450000539
v 4.94997948e-05 -0.000667000189 0.00450000539
v 5.62518835e-06 -0.000632215291 0.00450000539
v -4.49996442e-05 -0.000604221597 0.00450000539
v -0.000102374703 -0.000582812354 0.00450000539
v -0.000166499987 -0.000567777082 0.00450000539
v -0.000237375498 -0.000558909029 0.00450000539
v -0.000315001234 -0.000555999577 0.00450000539
v -0.00038859807 -0.000558892265 0.00450000539
v -0.000462278724 -0.000567639247 0.00450000539
v -0.000535875559 -0.00058234483 0.00450000539
v -0.0006092228 -0.000603111461 0.00450000539
v -0.000682152808 -0.00063004531 0.00450000539
v -0.000754499808 -0.000663250685 0.00450000539
v -0.000826098025 -0.000702830032 0.00450000539
v -0.000896777958 -0.000748889521 0.00450000539
v -0.000966375694 -0.000801531598 0.00450000539
v -0.00103472173 -0.000860860571 0.00450000539
v -0.00110165216 -0.000926982611 0.00450000539
v -0.0011670012 -0.00100000016 0.00450000539
v -0.0011670012 -0.000417999923 0.00450000539
v -0.00111274235 -0.00035912171 0.00450000539
v -0.00105494447 -0.000305471942 0.00450000539
v -0.000993562862 -0.000257031992 0.00450000539
v -0.000928556547 -0.000213777646 0.00450000539
v -0.000859882683 -0.000175690278 0.00450000539
v -0.000787500292 -0.000142749399 0.00450000539
v -0.000711368397 -0.000114934519 0.00450000539
v -0.000631444156 -9.2221424e-05 0.00450000539
v -0.000547688454 -7.45933503e-05 0.00450000539
v -0.000460056588 -6.20279461e-05 0.00450000539
v -0.000368507579 -5.45028597e-05 0.00450000539
v -0.000273000449 -5.19994646e-05 0.00450000539
v -0.000139059499 -5.77848405e-05 0.00450000539
v -1.09728426e-05 -7.52769411e-05 0.00450000539
v 0.000110156834 -0.000104688108 0.00450000539
v 0.000223221257 -0.00014622137 0.00450000539
v 0.000327121466 -0.00020009093 0.00450000539
v 0.000420749187 -0.000266499817 0.00450000539
v 0.000503003597 -0.000345660374 0.00450000539
v 0.000572778285 -0.000437777489 0.00450000539
v 0.000628968701 -0.000543063506 0.00450000539
v 0.00067047216 -0.000661723316 0.00450000539
v 0.000696184114 -0.000793965533 0.00450000539
v 0.000705000013 -0.000940000638 0.00450000539
v 0.000705000013 -0.00232600048 0.00450000539
v 0.000705746934 -0.00235014223 0.00450000539
v 0.000707970932 -0.00237163901 0.00450000539
v 0.000711655244 -0.00239059329 0.00450000539
v 0.000716777518 -0.00240711123 0.00450000539
v 0.000723315403 -0.00242129527 0.00450000539
v 0.000731250271 -0.00243324973 0.00450000539
v 0.000740557909 -0.00244308077 0.00450000539
v 0.000751221552 -0.00245088898 0.00450000539
v 0.00076321885 -0.00245678052 0.00450000539
v 0.000776527449 -0.00246086158 0.00450000539
v 0.000791128725 -0.00246323273 0.00450000539
v 0.000807000324 -0.00246400014 0.00450000539
v 0.000821599737 -0.00246288627 0.00450000539
v 0.000838305801 -0.0024595838 0.00450000539
v 0.000856967643 -0.00245415606 0.00450000539
v 0.000877443701 -0.00244666636 0.00450000539
v 0.000899586827 -0.00243717805 0.00450000539
v 0.000923249871 -0.00242575072 0.00450000539
v 0.000948287547 -0.00241244771 0.00450000539
v 0.000974554569 -0.0023973342 0.00450000539
v 0.00100190565 -0.00238046981 0.00450000539
v 0.00103019364 -0.00236191601 0.00450000539
v 0.00105927326 -0.00234173983 0.00450000539
v 0.00108899921 -0.0023200009 0.00450000539
v 0.00108899921 -0.00264400057 0.00450000539
v 5.84442168e-05 -0.00150709413 0.00450000539
v -5.04441559e-05 -0.00154674985 0.00450000539
v -0.000154500827 -0.0015875306 0.00450000539
v -0.000252556056 -0.00163000077 0.00450000539
v -0.000343443826 -0.00167471915 0.00450000539
v -0.000425999984 -0.00172225013 0.00450000539
v -0.000499056652 -0.00177315623 0.00450000539
v -0.000561444089 -0.00182799995 0.00450000539
v -0.000612000003 -0.00188734382 0.00450000539
v -0.000649556518 -0.00195175037 0.00450000539
v -0.00067294389 -0.0020217821 0.00450000539
v -0.00068099983 -0.00209799968 0.00450000539
v -0.000677684322 -0.00215207227 0.00450000539
v -0.00066797249 -0.00220308267 0.00450000539
v -0.000652218238 -0.00225071982 0.00450000539
v -0.000630777329 -0.00229466707 0.00450000539
v -0.000604003668 -0.00233461522 0.00450000539
v -0.000572251156 -0.00237024948 0.00450000539
v -0.000535871834 -0.00240126066 0.00450000539
v -0.000495223328 -0.00242733397 0.00450000539
v -0.000450655818 -0.00244815648 0.00450000539
v -0.000402528793 -0.00246341713 0.00450000539
v -0.000351190567 -0.002472803 0.00450000539
v -0.000297000632 -0.0024759993 0.00450000539
v -0.000255249441 -0.00247426704 0.00450000539
v -0.000214001164 -0.00246913917 0.00450000539
v -0.000173250213 -0.00246071815 0.00450000539
v -0.000133000314 -0.00244911201 0.00450000539
v -9.32496041e-05 -0.00243441947 0.00450000539
v -5.39999455e-05 -0.00241675042 0.00450000539
v -1.52494758e-05 -0.00239620544 0.00450000539
v 2.29999423e-05 -0.00237288885 0.00450000539
v 6.07501715e-05 -0.00234690681 0.00450000539
v 9.79993492e-05 -0.00231836177 0.00450000539
v 0.000134749338 -0.00228735805 0.00450000539
v 0.000171000138 -0.00225399993 0.00450000539
v 0.000171000138 -0.00146800093 0.00450000539
v -0.00403500162 -0.00418000109 0.00450000539
v -0.00403500162 -0.00010599941 0.00450000539
v -0.00311099924 -0.00010599941 0.00450000539
v -0.00287442468 -0.000115957111 0.00450000539
v -0.00265688822 -0.000145666301 0.00450000539
v -0.00245868787 -0.000194875523 0.00450000539
v -0.00228011049 -0.000263333321 0.00450000539
v -0.00212145224 -0.000350791961 0.00450000539
v -0.00198299997 -0.000456999987 0.00450000539
v -0.00186504796 -0.000581707805 0.00450000539
v -0.00176788867 -0.000724665821 0.00450000539
v -0.00169181265 -0.000885624439 0.00450000539
v -0.00163711049 -0.00106433406 0.00450000539
v -0.00160407647 -0.00126054138 0.00450000539
v -0.00159299932 -0.00147400051 0.00450000539
v -0.00160467625 -0.00167130865 0.00450000539
v -0.00163891725 -0.00185747258 0.00450000539
v -0.00169453211 -0.00203134492 0.00450000539
v -0.00177033432 -0.00219177827 0.00450000539
v -0.00186513551 -0.00233762898 0.00450000539
v -0.00197775103 -0.00246774964 0.00450000539
v -0.0021069888 -0.0025809966 0.00450000539
v -0.00225166604 -0.00267622247 0.00450000539
v -0.00241059437 -0.00275228173 0.00450000539
v -0.00258258358 -0.00280802883 0.00450000539
v -0.002766449 -0.0028423164 0.00450000539
v -0.00296100043 -0.00285400078 0.00450000539
v -0.00300428085 -0.00285324268 0.00450000539
v -0.00304725021 -0.00285094418 0.00450000539
v -0.00309009291 -0.00284706242 0.00450000539
v -0.00313300081 -0.00284155644 0.00450000539
v -0.00317615643 -0.00283438154 0.00450000539
v -0.00321974978 -0.00282550044 0.00450000539
v -0.00326396897 -0.00281486847 0.00450000539
v -0.00330900028 -0.00280244462 0.00450000539
v -0.00335503183 -0.00278818794 0.00450000539
v -0.00340224989 -0.00277205557 0.00450000539
v -0.00345084444 -0.00275400653 0.00450000539
v -0.00350099988 -0.00273399986 0.00450000539
v -0.00350099988 -0.00418000109 0.00450000539
v -0.00346026011 -0.00227274746 0.00450000539
v -0.00341908447 -0.0022899732 0.00450000539
v -0.00337753072 -0.00230565667 0.00450000539
v -0.00333566777 -0.00231977738 0.00450000539
v -0.0032935515 -0.00233231671 0.00450000539
v -0.00325125083 -0.00234325044 0.00450000539
v -0.0032088235 -0.00235255994 0.00450000539
v -0.00316633284 -0.00236022286 0.00450000539
v -0.00312384404 -0.00236621872 0.00450000539
v -0.00308141671 -0.00237052888 0.00450000539
v -0.00303911418 -0.00237312913 0.00450000539
v -0.00299699977 -0.00237400085 0.00450000539
v -0.00287550315 -0.00236614235 0.00450000539
v -0.00276052766 -0.00234313868 0.00450000539
v -0.00265284441 -0.0023058448 0.00450000539
v -0.0025532227 -0.00225511193 0.00450000539
v -0.00246243365 -0.00219179504 0.00450000539
v -0.00238125026 -0.00211675093 0.00450000539
v -0.00231044181 -0.00203083083 0.00450000539
v -0.00225077756 -0.0019348897 0.00450000539
v -0.00220303051 -0.00182978064 0.00450000539
v -0.0021679718 -0.00171636045 0.00450000539
v -0.00214637257 -0.00159548223 0.00450000539
v -0.00213900022 -0.00146800093 0.00450000539
v -0.00214512274 -0.00133342668 0.00450000539
v -0.00216347352 -0.00120891631 0.00450000539
v -0.00219403207 -0.00109478086 0.00450000539
v -0.00223677792 -0.000991333276 0.00450000539
v -0.00229169242 -0.000898884609 0.00450000539
v -0.00235875137 -0.000817749649 0.00450000539
v -0.00243793428 -0.000748239458 0.00450000539
v -0.00252922252 -0.000690666959 0.00450000539
v -0.00263259374 -0.000645343214 0.00450000539
v -0.00274802744 -0.000612583011 0.00450000539
v -0.00287550315 -0.000592697412 0.00450000539
v -0.00301500037 -0.00058599934 0.00450000539
v -0.00350099988 -0.00058599934 0.00450000539
v -0.00350099988 -0.00225399993 0.00450000539
v -0.00481758639 -0.000754857436 0.00450000539
v -0.0048911944 -0.000712361187 0.00450000539
v -0.00496359356 -0.000674406067 0.00450000539
v -0.00503455475 -0.00064088963 0.00450000539
v -0.00510385074 -0.000611705706 0.00450000539
v -0.00517124869 -0.000586749986 0.00450000539
v -0.00523652323 -0.000565920025 0.00450000539
v -0.00529944338 -0.000549111515 0.00450000539
v -0.00535978191 -0.000536218286 0.00450000539
v -0.00541730598 -0.000527139753 0.00450000539
v -0.00547178835 -0.000521767884 0.00450000539
v -0.00552299991 -0.000520000234 0.00450000539
v -0.00557534024 -0.000522090122 0.00450000539
v -0.00562422164 -0.00052822195 0.00450000539
v -0.00566943735 -0.000538187101 0.00450000539
v -0.00571077876 -0.000551778823 0.00450000539
v -0.00574803539 -0.000568784773 0.00450000539
v -0.00578100048 -0.000589000061 0.00450000539
v -0.00580946542 -0.00061221607 0.00450000539
v -0.00583322346 -0.000638222322 0.00450000539
v -0.00585206412 -0.000666812062 0.00450000539
v -0.00586577877 -0.000697778538 0.00450000539
v -0.00587416068 -0.000730909407 0.00450000539
v -0.00587700121 -0.000765999779 0.00450000539
v -0.00587318279 -0.000796562061 0.00450000539
v -0.00586147234 -0.000828500837 0.00450000539
v -0.00584146939 -0.000862186775 0.00450000539
v -0.00581277721 -0.000897999853 0.00450000539
v -0.00577500276 -0.000936312601 0.00450000539
v -0.00572774932 -0.000977499411 0.00450000539
v -0.00567062199 -0.0010219384 0.00450000539
v -0.00560322218 -0.00107000023 0.00450000539
v -0.00552515686 -0.00112206303 0.00450000539
v -0.00543602742 -0.00117849931 0.00450000539
v -0.00533544086 -0.0012396872 0.00450000539
v -0.00522300042 -0.0013060011 0.00450000539
v -0.00511780567 -0.00137736462 0.00450000539
v -0.00502394512 -0.00144491717 0.00450000539
v -0.00494099967 -0.00150934421 0.00450000539
v -0.00486855581 -0.00157133304 0.00450000539
v -0.00480619445 -0.00163157284 0.00450000539
v -0.00475350022 -0.00169075094 0.00450000539
v -0.00471005589 -0.00174955279 0.00450000539
v -0.00467544422 -0.00180866756 0.00450000539
v -0.00464924984 -0.0018687807 0.00450000539
v -0.00463105552 -0.00193058327 0.00450000539
v -0.00462044403 -0.00199476071 0.00450000539
v -0.004617 -0.00206200033 0.00450000539
v -0.0046247337 -0.00217715651 0.00450000539
v -0.00464736111 -0.00228524953 0.00450000539
v -0.00468403287 -0.00238571875 0.00450000539
v -0.00473388843 -0.00247799978 0.00450000539
v -0.00479608029 -0.00256153196 0.00450000539
v -0.00486974977 -0.00263575092 0.00450000539
v -0.00495404564 -0.00270009413 0.00450000539
v -0.00504811108 -0.00275400095 0.00450000539
v -0.00515109487 -0.00279690698 0.00450000539
v -0.00526213832 -0.00282824971 0.00450000539
v -0.00538039207 -0.00284746848 0.00450000539
v -0.00550500117 -0.00285400078 0.00450000539
v -0.00558609329 -0.00285259821 0.00450000539
v -0.00566474907 -0.00284827873 0.00450000539
v -0.00574153103 -0.00284087472 0.00450000539
v -0.00581699982 -0.00283022225 0.00450000539
v -0.00589171983 -0.00281615369 0.00450000539
v -0.00596624985 -0.00279849954 0.00450000539
v -0.00604115613 -0.00277709775 0.00450000539
v -0.00611699931 -0.00275177881 0.00450000539
v -0.00619434379 -0.00272237509 0.00450000539
v -0.00627375022 -0.00268872268 0.00450000539
v -0.00635578111 -0.00265065208 0.00450000539
v -0.00644100085 -0.00260799937 0.00450000539
v -0.00644100085 -0.00203200057 0.00450000539
v -0.00635466725 -0.00208938122 0.00450000539
v -0.00626983307 -0.00214155577 0.00450000539
v -0.00618674979 -0.00218856335 0.00450000539
v -0.00610566698 -0.00223044492 0.00450000539
v -0.00602683425 -0.00226724334 0.00450000539
v -0.00595050119 -0.00229899958 0.00450000539
v -0.00587691739 -0.00232575648 0.00450000539
v -0.00580633245 -0.00234755501 0.00450000539
v -0.00573899969 -0.00236443803 0.00450000539
v -0.00567516685 -0.00237644464 0.00450000539
v -0.0056150835 -0.00238361768 0.00450000539
v -0.00555899926 -0.00238600001 0.00450000539
v -0.00550583191 -0.00238112547 0.00450000539
v -0.00545466691 -0.00237249956 0.00450000539
v -0.00540599972 -0.002360126 0.00450000539
v -0.00536033325 -0.00234400108 0.00450000539
v -0.00531816669 -0.0023241248 0.00450000539
v -0.00528000109 -0.00230050087 0.00450000539
v -0.00524633378 -0.00227312557 0.00450000539
v -0.00521766581 -0.00224200077 0.00450000539
v -0.00519450009 -0.00220712461 0.00450000539
v -0.00517733395 -0.0021685008 0.00450000539
v -0.00516666658 -0.00212612562 0.00450000539
v -0.0051630009 -0.00208000094 0.00450000539
v -0.0051877927 -0.00199021772 0.00450000539
v -0.00525633432 -0.00190524943 0.00450000539
v -0.00535987504 -0.00182265602 0.00450000539
v -0.00548966788 -0.00173999928 0.00450000539
v -0.00563695841 -0.00165484287 0.00450000539
v -0.00579299964 -0.00156475045 0.00450000539
v -0.00594904274 -0.00146728195 0.00450000539
v -0.00609633327 -0.00135999918 0.00450000539
v -0.00622612424 -0.00124046952 0.00450000539
v -0.00632966682 -0.00110625103 0.00450000539
v -0.00639820844 -0.000954905525 0.00450000539
v -0.00642300025 -0.000784000382 0.00450000539
v -0.0064158421 -0.000673806295 0.00450000539
v -0.00639472343 -0.000571444631 0.00450000539
v -0.00636018813 -0.000477250665 0.00450000539
v -0.00631277822 -0.00039155595 0.00450000539
v -0.00625303574 -0.000314693898 0.00450000539
v -0.00618150085 -0.000246999785 0.00450000539
v -0.00609871559 -0.000188805163 0.00450000539
v -0.00600522198 -0.000140445307 0.00450000539
v -0.00590156205 -0.000102249905 0.00450000539
v -0.00578827783 -7.45560974e-05 0.00450000539
v -0.0056659095 -5.76935709e-05 0.00450000539
v -0.00553500094 -5.19994646e-05 0.00450000539
v -0.00547186472 -5.35044819e-05 0.00450000539
v -0.00540841743 -5.8028847e-05 0.00450000539
v -0.0053445939 -6.55930489e-05 0.00450000539
v -0.00528033264 -7.62231648e-05 0.00450000539
v -0.00521557219 -8.99340957e-05 0.00450000539
v -0.00515024923 -0.000106750056 0.00450000539
v -0.00508430228 -0.000126691535 0.00450000539
v -0.00501766615 -0.000149777159 0.00450000539
v -0.00495028123 -0.000176031142 0.00450000539
v -0.00488208421 -0.000205472112 0.00450000539
v -0.00481300987 -0.000238122419 0.00450000539
v -0.00474300049 -0.000274000689 0.00450000539
v -0.00474300049 -0.000802000985 0.00450000539
v 0.00636051409 -0.00258763134 0.00409999862
v 0.00628061034 -0.0026345551 0.00409999862
v 0.00620062463 -0.00267681293 0.00409999862
v 0.00611988828 -0.00271444395 0.00409999862
v 0.00603773631 -0.00274749286 0.00409999862
v 0.00595350005 -0.00277600065 0.00409999862
v 0.00586651359 -0.00280000828 0.00409999862
v 0.00577611104 -0.00281955674 0.00409999862
v 0.00568162464 -0.00283468887 0.00409999862
v 0.00558238849 -0.00284544565 0.00409999862
v 0.00547773577 -0.00285186805 0.00409999862
v 0.00536699966 -0.00285400078 0.00409999862
v 0.0051648058 -0.00283999369 0.00409999862
v 0.00497844443 -0.0027994439 0.00409999862
v 0.00480824988 -0.00273456238 0.00409999862
v 0.00465455558 -0.00264755636 0.00409999862
v 0.00451769494 -0.00254063122 0.00409999862
v 0.0043979995 -0.00241599977 0.00409999862
v 0.00429580547 -0.00227586739 0.00409999862
v 0.00421144441 -0.00212244503 0.00409999862
v 0.00414524972 -0.00195793808 0.00409999862
v 0.00409755576 -0.00178455561 0.00409999862
v 0.00406869501 -0.00160450675 0.00409999862
v 0.00405899994 -0.00142000057 0.00409999862
v 0.00406958349 -0.00122166611 0.00409999862
v 0.00410066731 -0.00103533268 0.00409999862
v 0.00415125024 -0.00086200051 0.00409999862
v 0.00422033295 -0.000702666119 0.00409999862
v 0.00430691615 -0.000558333471 0.00409999862
v 0.00441000052 -0.000429999083 0.00409999862
v 0.00452858396 -0.00031866692 0.00409999862
v 0.00466166623 -0.000225333497 0.00409999862
v 0.00480824988 -0.000151000917 0.00409999862
v 0.00496733375 -9.6667558e-05 0.00409999862
v 0.00513791665 -6.33336604e-05 0.00409999862
v 0.00531900022 -5.19994646e-05 0.00409999862
v 0.00549201109 -6.21397048e-05 0.00409999862
v 0.00565358344 -9.26107168e-05 0.00409999862
v 0.00580303185 -0.000143500045 0.00409999862
v 0.00593966618 -0.000214889646 0.00409999862
v 0.00606280193 -0.000306861475 0.00409999862
v 0.0061717499 -0.000419499353 0.00409999862
v 0.0062658228 -0.00055288896 0.00409999862
v 0.00634433329 -0.000707112253 0.00409999862
v 0.00640659407 -0.000882249326 0.00409999862
v 0.00645191595 -0.00107838959 0.00409999862
v 0.00647961441 -0.00129561126 0.00409999862
v 0.00648899935 -0.00153400004 0.00409999862
v 0.00459299982 -0.00153400004 0.00409999862
v 0.00461861864 -0.00166211464 0.00409999862
v 0.00465344451 -0.00177941658 0.00409999862
v 0.0046974374 -0.00188584439 0.00409999862
v 0.00475055538 -0.0019813329 0.00409999862
v 0.00481275655 -0.00206582248 0.00409999862
v 0.004883999 -0.00213924982 0.00409999862
v 0.00496424269 -0.00220155157 0.00409999862
v 0.00505344383 -0.00225266628 0.00409999862
v 0.00515156239 -0.00229253061 0.00409999862
v 0.00525855552 -0.0023210831 0.00409999862
v 0.00537438132 -0.00233826041 0.00409999862
v 0.00549899973 -0.00234400108 0.00409999862
v 0.00557963923 -0.0023415219 0.00409999862
v 0.00565961096 -0.00233416632 0.00409999862
v 0.00573899969 -0.00232206285 0.00409999862
v 0.0058178883 -0.00230533443 0.00409999862
v 0.00589636154 -0.002284104 0.00409999862
v 0.00597449951 -0.00225850008 0.00409999862
v 0.00605238881 -0.00222864561 0.00409999862
v 0.00613011047 -0.00219466724 0.00409999862
v 0.00620774925 -0.0021566879 0.00409999862
v 0.00628538802 -0.00211483426 0.00409999862
v 0.00636311062 -0.00206922926 0.00409999862
v 0.00644099899 -0.00201999955 0.00409999862
v 0.00644099899 -0.00253600068 0.00409999862
v 0.0059520416 -0.00108118728 0.00409999862
v 0.00593433343 -0.000988999382 0.00409999862
v 0.00590812508 -0.000903813168 0.00409999862
v 0.00587366708 -0.000825999305 0.00409999862
v 0.00583120808 -0.00075593777 0.00409999862
v 0.00578099955 -0.000693999231 0.00409999862
v 0.00572329108 -0.000640561804 0.00409999862
v 0.00565833226 -0.000595999882 0.00409999862
v 0.00558637455 -0.000560687855 0.00409999862
v 0.00550766662 -0.000535000116 0.00409999862
v 0.00542245805 -0.000519312918 0.00409999862
v 0.00533100031 -0.000514000654 0.00409999862
v 0.00523238163 -0.000518968329 0.00409999862
v 0.00514055509 -0.000533750281 0.00409999862
v 0.00505556166 -0.00055815652 0.00409999862
v 0.00497744419 -0.000592000782 0.00409999862
v 0.00490624271 -0.000635093078 0.00409999862
v 0.00484200008 -0.000687250867 0.00409999862
v 0.00478475634 -0.000748280436 0.00409999862
v 0.00473455526 -0.000817999244 0.00409999862
v 0.00469143689 -0.000896219164 0.00409999862
v 0.00465544313 -0.000982750207 0.00409999862
v 0.00462661684 -0.00107740611 0.00409999862
v 0.00460499898 -0.0011800006 0.00409999862
v 0.00596099999 -0.0011800006 0.00409999862
v 0.00346854888 -0.00075995177 0.00409999862
v 0.00339788944 -0.000717611983 0.00409999862
v 0.00333056226 -0.000680686906 0.00409999862
v 0.00326611102 -0.000648889691 0.00409999862
v 0.00320407655 -0.000621924177 0.00409999862
v 0.00314399973 -0.000599499792 0.00409999862
v 0.00308542326 -0.000581325963 0.00409999862
v 0.00302788895 -0.000567112118 0.00409999862
v 0.00297093764 -0.000556562096 0.00409999862
v 0.00291411113 -0.000549389049 0.00409999862
v 0.00285695121 -0.000545298681 0.00409999862
v 0.00279900059 -0.000544000417 0.00409999862
v 0.00268073194 -0.000551518053 0.00409999862
v 0.00256936066 -0.000573638827 0.00409999862
v 0.00246553123 -0.000609718263 0.00409999862
v 0.00236988813 -0.000659111887 0.00409999862
v 0.00228307955 -0.000721169636 0.00409999862
v 0.00220574997 -0.000795250759 0.00409999862
v 0.00213854481 -0.000880705193 0.00409999862
v 0.00208211131 -0.000976888463 0.00409999862
v 0.00203709304 -0.00108315609 0.00409999862
v 0.00200413913 -0.00119886175 0.00409999862
v 0.00198389217 -0.00132335722 0.00409999862
v 0.00197700039 -0.00145599991 0.00409999862
v 0.00198440254 -0.00159080885 0.00409999862
v 0.00200622156 -0.00171597302 0.00409999862
v 0.00204187445 -0.0018310938 0.00409999862
v 0.00209077727 -0.00193577819 0.00409999862
v 0.00215234701 -0.00202962942 0.00409999862
v 0.00222599972 -0.00211225078 0.00409999862
v 0.00231115241 -0.00218324736 0.00409999862
v 0.00240722205 -0.00224222243 0.00409999862
v 0.00251362473 -0.00228878111 0.00409999862
v 0.00262977742 -0.00232252851 0.00409999862
v 0.00275509711 -0.00234306604 0.00409999862
v 0.00288899988 -0.00235000066 0.00409999862
v 0.0029457882 -0.00234875083 0.00409999862
v 0.00300230552 -0.00234499946 0.00409999862
v 0.00305878185 -0.00233875029 0.00409999862
v 0.00311544444 -0.00232999958 0.00409999862
v 0.00317252427 -0.00231875107 0.00409999862
v 0.00323025044 -0.00230500102 0.00409999862
v 0.00328885112 -0.00228874944 0.00409999862
v 0.00334855542 -0.00227000006 0.00409999862
v 0.0034095943 -0.002248751 0.00409999862
v 0.00347219408 -0.00222500041 0.00409999862
v 0.00353658665 -0.00219875015 0.00409999862
v 0.00360300019 -0.00217000023 0.00409999862
v 0.00360300019 -0.00269800052 0.00409999862
v 0.00355475396 -0.002718715 0.00409999862
v 0.0035005277 -0.00273872167 0.00409999862
v 0.00344109349 -0.00275781192 0.00409999862
v 0.00337722246 -0.00277577713 0.00409999862
v 0.00330968387 -0.00279241055 0.00409999862
v 0.00323924981 -0.00280749984 0.00409999862
v 0.0031666914 -0.00282084011 0.00409999862
v 0.00309277792 -0.00283222273 0.00409999862
v 0.00301828142 -0.00284143724 0.00409999862
v 0.00294397213 -0.00284827873 0.00409999862
v 0.00287062116 -0.00285253488 0.00409999862
v 0.00279900059 -0.00285400078 0.00409999862
v 0.00260318723 -0.00284256227 0.00409999862
v 0.00241849944 -0.00280899927 0.00409999862
v 0.00224606227 -0.00275443867 0.00409999862
v 0.00208699983 -0.00267999992 0.00409999862
v 0.00194243714 -0.00258681178 0.00409999862
v 0.00181349926 -0.0024759993 0.00409999862
v 0.00170131214 -0.0023486875 0.00409999862
v 0.00160699897 -0.00220599957 0.00409999862
v 0.00153168663 -0.0020490624 0.00409999862
v 0.00147650018 -0.00187900104 0.00409999862
v 0.00144256279 -0.00169693679 0.00409999862
v 0.00143099949 -0.00150400028 0.00409999862
v 0.00144162588 -0.00128888898 0.00409999862
v 0.00147300027 -0.00108811073 0.00409999862
v 0.00152437575 -0.000902500004 0.00409999862
v 0.00159499981 -0.000732889399 0.00409999862
v 0.00168412551 -0.000580111519 0.00409999862
v 0.00179100037 -0.000445000827 0.00409999862
v 0.00191487558 -0.000328388065 0.00409999862
v 0.00205500051 -0.000231111422 0.00409999862
v 0.00221062452 -0.000153999776 0.00409999862
v 0.00238099974 -9.78894532e-05 0.00409999862
v 0.0025653746 -6.36111945e-05 0.00409999862
v 0.00276300032 -5.19994646e-05 0.00409999862
v 0.00283896178 -5.34821302e-05 0.00409999862
v 0.00291119516 -5.78612089e-05 0.00409999862
v 0.0029802192 -6.50305301e-05 0.00409999862
v 0.00304655544 -7.48895109e-05 0.00409999862
v 0.00311072543 -8.73301178e-05 0.00409999862
v 0.00317325071 -0.000102249905 0.00409999862
v 0.00323464908 -0.000119544566 0.00409999862
v 0.00329544488 -0.000139111653 0.00409999862
v 0.00335615687 -0.000160843134 0.00409999862
v 0.00341730565 -0.000184638426 0.00409999862
v 0.00347941369 -0.00021039322 0.00409999862
v 0.00354299974 -0.000237999484 0.00409999862
v 0.00354299974 -0.000808000565 0.00409999862
v 0.00103037804 -0.00268216431 0.00409999862
v 0.000977028161 -0.00271580555 0.00409999862
v 0.000928217545 -0.00274515711 0.00409999862
v 0.000883221626 -0.00277044438 0.00409999862
v 0.000841308385 -0.00279190019 0.00409999862
v 0.000801749527 -0.00280974992 0.00409999862
v 0.000763814896 -0.00282422639 0.00409999862
v 0.00072677806 -0.00283555686 0.00409999862
v 0.000689905137 -0.00284396857 0.00409999862
v 0.000652471557 -0.00284969434 0.00409999862
v 0.000613747165 -0.00285296142 0.00409999862
v 0.000572999939 -0.00285400078 0.00409999862
v 0.000516733155 -0.00285223685 0.00409999862
v 0.00046486035 -0.0028468892 0.00409999862
v 0.000417280942 -0.00283787586 0.00409999862
v 0.000373888761 -0.00282511115 0.00409999862
v 0.000334579498 -0.00280851498 0.00409999862
v 0.000299248844 -0.00278799981 0.00409999862
v 0.000267794356 -0.0027634874 0.00409999862
v 0.000240111724 -0.00273488835 0.00409999862
v 0.000216092914 -0.00270212442 0.00409999862
v 0.000195639208 -0.0026651118 0.00409999862
v 0.000178642571 -0.0026237648 0.00409999862
v 0.000165000558 -0.00257799961 0.00409999862
v 0.000106256455 -0.00262250379 0.00409999862
v 4.70560044e-05 -0.0026630275 0.00409999862
v -1.25635415e-05 -0.00269959308 0.00409999862
v -7.25556165e-05 -0.0027322229 0.00409999862
v -0.000132882968 -0.00276093371 0.00409999862
v -0.000193500891 -0.00278574973 0.00409999862
v -0.00025436841 -0.00280669145 0.00409999862
v -0.000315444544 -0.0028237775 0.00409999862
v -0.000376688316 -0.00283703208 0.00409999862
v -0.000438055024 -0.00284647197 0.00409999862
v -0.000499507412 -0.00285212137 0.00409999862
v -0.000561000779 -0.00285400078 0.00409999862
v -0.000657174736 -0.00284766033 0.00409999862
v -0.000747388229 -0.00282927789 0.00409999862
v -0.000831188634 -0.0027998127 0.00409999862
v -0.000908112153 -0.00276022218 0.00409999862
v -0.000977702439 -0.00271146558 0.00409999862
v -0.00103949942 -0.00265450031 0.00409999862
v -0.0010930486 -0.00259028561 0.00409999862
v -0.00113788992 -0.00251977891 0.00409999862
v -0.0011735633 -0.00244393758 0.00409999862
v -0.00119961239 -0.00236372277 0.00409999862
v -0.00121557713 -0.00228009 0.00409999862
v -0.00122100115 -0.00219400041 0.00409999862
v -0.00121118873 -0.00206803903 0.00409999862
v -0.00118300132 -0.0019563064 0.00409999862
v -0.00113831274 -0.00185753219 0.00409999862
v -0.00107900053 -0.00177044421 0.00409999862
v -0.00100693852 -0.00169377401 0.00409999862
v -0.000924000517 -0.0016262494 0.00409999862
v -0.000832062215 -0.00156660005 0.00409999862
v -0.000733001158 -0.00151355565 0.00409999862
v -0.000628687441 -0.00146584399 0.00409999862
v -0.000521000475 -0.00142219476 0.00409999862
v -0.000411812216 -0.00138133764 0.00409999862
v -0.000303000212 -0.00134200044 0.00409999862
v 0.000171000138 -0.00117399916 0.00409999862
v 0.000171000138 -0.00102999993 0.00409999862
v 0.000167625025 -0.000950090587 0.00409999862
v 0.000157499686 -0.000878222287 0.00409999862
v 0.000140624121 -0.000814188272 0.00409999862
v 0.000117000192 -0.000757778063 0.00409999862
v 8.66241753e-05 -0.000708784908 0.00409999862
v 4.94997948e-05 -0.000667000189 0.00409999862
v 5.62518835e-06 -0.000632215291 0.00409999862
v -4.49996442e-05 -0.000604221597 0.00409999862
v -0.000102374703 -0.000582812354 0.00409999862
v -0.000166499987 -0.000567777082 0.00409999862
v -0.000237375498 -0.000558909029 0.00409999862
v -0.000315001234 -0.000555999577 0.00409999862
v -0.00038859807 -0.000558892265 0.00409999862
v -0.000462278724 -0.000567639247 0.00409999862
v -0.000535875559 -0.00058234483 0.00409999862
v -0.0006092228 -0.000603111461 0.00409999862
v -0.000682152808 -0.00063004531 0.00409999862
v -0.000754499808 -0.000663250685 0.00409999862
v -0.000826098025 -0.000702830032 0.00409999862
v -0.000896777958 -0.000748889521 0.00409999862
v -0.000966375694 -0.000801531598 0.00409999862
v -0.00103472173 -0.000860860571 0.00409999862
v -0.00110165216 -0.000926982611 0.00409999862
v -0.0011670012 -0.00100000016 0.00409999862
v -0.0011670012 -0.000417999923 0.00409999862
v -0.00111274235 -0.00035912171 0.00409999862
v -0.00105494447 -0.000305471942 0.00409999862
v -0.000993562862 -0.000257031992 0.00409999862
v -0.000928556547 -0.000213777646 0.00409999862
v -0.000859882683 -0.000175690278 0.00409999862
v -0.000787500292 -0.000142749399 0.00409999862
v -0.000711368397 -0.000114934519 0.00409999862
v -0.000631444156 -9.2221424e-05 0.00409999862
v -0.000547688454 -7.45933503e-05 0.00409999862
v -0.000460056588 -6.20279461e-05 0.00409999862
v -0.000368507579 -5.45028597e-05 0.00409999862
v -0.000273000449 -5.19994646e-05 0.00409999862
v -0.000139059499 -5.77848405e-05 0.00409999862
v -1.09728426e-05 -7.52769411e-05 0.00409999862
v 0.000110156834 -0.000104688108 0.00409999862
v 0.000223221257 -0.00014622137 0.00409999862
v 0.000327121466 -0.00020009093 0.00409999862
v 0.000420749187 -0.000266499817 0.00409999862
v 0.000503003597 -0.000345660374 0.00409999862
v 0.000572778285 -0.000437777489 0.00409999862
v 0.000628968701 -0.000543063506 0.00409999862
v 0.00067047216 -0.000661723316 0.00409999862
v 0.000696184114 -0.000793965533 0.00409999862
v 0.000705000013 -0.000940000638 0.00409999862
v 0.000705000013 -0.00232600048 0.00409999862
v 0.000705746934 -0.00235014223 0.00409999862
v 0.000707970932 -0.00237163901 0.00409999862
v 0.000711655244 -0.00239059329 0.00409999862
v 0.000716777518 -0.00240711123 0.00409999862
v 0.000723315403 -0.00242129527 0.00409999862
v 0.000731250271 -0.00243324973 0.00409999862
v 0.000740557909 -0.00244308077 0.00409999862
v 0.000751221552 -0.00245088898 0.00409999862
v 0.00076321885 -0.00245678052 0.00409999862
v 0.000776527449 -0.00246086158 0.00409999862
v 0.000791128725 -0.00246323273 0.00409999862
v 0.000807000324 -0.00246400014 0.00409999862
v 0.000821599737 -0.00246288627 0.00409999862
v 0.000838305801 -0.0024595838 0.00409999862
v 0.000856967643 -0.00245415606 0.00409999862
v 0.000877443701 -0.00244666636 0.00409999862
v 0.000899586827 -0.00243717805 0.00409999862
v 0.000923249871 -0.00242575072 0.00409999862
v 0.000948287547 -0.00241244771 0.00409999862
v 0.000974554569 -0.0023973342 0.00409999862
v 0.00100190565 -0.00238046981 0.00409999862
v 0.00103019364 -0.00236191601 0.00409999862
v 0.00105927326 -0.00234173983 0.00409999862
v 0.00108899921 -0.0023200009 0.00409999862
v 0.00108899921 -0.00264400057 0.00409999862
v 5.84442168e-05 -0.00150709413 0.00409999862
v -5.04441559e-05 -0.00154674985 0.00409999862
v -0.000154500827 -0.0015875306 0.00409999862
v -0.000252556056 -0.00163000077 0.00409999862
v -0.000343443826 -0.00167471915 0.00409999862
v -0.000425999984 -0.00172225013 0.00409999862
v -0.000499056652 -0.00177315623 0.00409999862
v -0.000561444089 -0.00182799995 0.00409999862
v -0.000612000003 -0.00188734382 0.00409999862
v -0.000649556518 -0.00195175037 0.00409999862
v -0.00067294389 -0.0020217821 0.00409999862
v -0.00068099983 -0.00209799968 0.00409999862
v -0.000677684322 -0.00215207227 0.00409999862
v -0.00066797249 -0.00220308267 0.00409999862
v -0.000652218238 -0.00225071982 0.00409999862
v -0.000630777329 -0.00229466707 0.00409999862
v -0.000604003668 -0.00233461522 0.00409999862
v -0.000572251156 -0.00237024948 0.00409999862
v -0.000535871834 -0.00240126066 0.00409999862
v -0.000495223328 -0.00242733397 0.00409999862
v -0.000450655818 -0.00244815648 0.00409999862
v -0.000402528793 -0.00246341713 0.00409999862
v -0.000351190567 -0.002472803 0.00409999862
v -0.000297000632 -0.0024759993 0.00409999862
v -0.000255249441 -0.00247426704 0.00409999862
v -0.000214001164 -0.00246913917 0.00409999862
v -0.000173250213 -0.00246071815 0.00409999862
v -0.000133000314 -0.00244911201 0.00409999862
v -9.32496041e-05 -0.00243441947 0.00409999862
v -5.39999455e-05 -0.00241675042 0.00409999862
v -1.52494758e-05 -0.00239620544 0.00409999862
v 2.29999423e-05 -0.00237288885 0.00409999862
v 6.07501715e-05 -0.00234690681 0.00409999862
v 9.79993492e-05 -0.00231836177 0.00409999862
v 0.000134749338 -0.00228735805 0.00409999862
v 0.000171000138 -0.00225399993 0.00409999862
v 0.000171000138 -0.00146800093 0.00409999862
v -0.00403500162 -0.00418000109 0.00409999862
v -0.00403500162 -0.00010599941 0.00409999862
v -0.00311099924 -0.00010599941 0.00409999862
v -0.00287442468 -0.000115957111 0.00409999862
v -0.00265688822 -0.000145666301 0.00409999862
v -0.00245868787 -0.000194875523 0.00409999862
v -0.00228011049 -0.000263333321 0.00409999862
v -0.00212145224 -0.000350791961 0.00409999862
v -0.00198299997 -0.000456999987 0.00409999862
v -0.00186504796 -0.000581707805 0.00409999862
v -0.00176788867 -0.000724665821 0.00409999862
v -0.00169181265 -0.000885624439 0.00409999862
v -0.00163711049 -0.00106433406 0.00409999862
v -0.00160407647 -0.00126054138 0.00409999862
v -0.00159299932 -0.00147400051 0.00409999862
v -0.00160467625 -0.00167130865 0.00409999862
v -0.00163891725 -0.00185747258 0.00409999862
v -0.00169453211 -0.00203134492 0.00409999862
v -0.00177033432 -0.00219177827 0.00409999862
v -0.00186513551 -0.00233762898 0.00409999862
v -0.00197775103 -0.00246774964 0.00409999862
v -0.0021069888 -0.0025809966 0.00409999862
v -0.00225166604 -0.00267622247 0.00409999862
v -0.00241059437 -0.00275228173 0.00409999862
v -0.00258258358 -0.00280802883 0.00409999862
v -0.002766449 -0.0028423164 0.00409999862
v -0.00296100043 -0.00285400078 0.00409999862
v -0.00300428085 -0.00285324268 0.00409999862
v -0.00304725021 -0.00285094418 0.00409999862
v -0.00309009291 -0.00284706242 0.00409999862
v -0.00313300081 -0.00284155644 0.00409999862
v -0.00317615643 -0.00283438154 0.00409999862
v -0.00321974978 -0.00282550044 0.00409999862
v -0.00326396897 -0.00281486847 0.00409999862
v -0.00330900028 -0.00280244462 0.00409999862
v -0.00335503183 -0.00278818794 0.00409999862
v -0.00340224989 -0.00277205557 0.00409999862
v -0.00345084444 -0.00275400653 0.00409999862
v -0.00350099988 -0.00273399986 0.00409999862
v -0.00350099988 -0.00418000109 0.00409999862
v -0.00346026011 -0.00227274746 0.00409999862
v -0.00341908447 -0.0022899732 0.00409999862
v -0.00337753072 -0.00230565667 0.00409999862
v -0.00333566777 -0.00231977738 0.00409999862
v -0.0032935515 -0.00233231671 0.00409999862
v -0.00325125083 -0.00234325044 0.00409999862
v -0.0032088235 -0.00235255994 0.00409999862
v -0.00316633284 -0.00236022286 0.00409999862
v -0.00312384404 -0.00236621872 0.00409999862
v -0.00308141671 -0.00237052888 0.00409999862
v -0.00303911418 -0.00237312913 0.00409999862
v -0.00299699977 -0.00237400085 0.00409999862
v -0.00287550315 -0.00236614235 0.00409999862
v -0.00276052766 -0.00234313868 0.00409999862
v -0.00265284441 -0.0023058448 0.00409999862
v -0.0025532227 -0.00225511193 0.00409999862
v -0.00246243365 -0.00219179504 0.00409999862
v -0.00238125026 -0.00211675093 0.00409999862
v -0.00231044181 -0.00203083083 0.00409999862
v -0.00225077756 -0.0019348897 0.00409999862
v -0.00220303051 -0.00182978064 0.00409999862
v -0.0021679718 -0.00171636045 0.00409999862
v -0.00214637257 -0.00159548223 0.00409999862
v -0.00213900022 -0.00146800093 0.00409999862
v -0.00214512274 -0.00133342668 0.00409999862
v -0.00216347352 -0.00120891631 0.00409999862
v -0.00219403207 -0.00109478086 0.00409999862
v -0.00223677792 -0.000991333276 0.00409999862
v -0.00229169242 -0.000898884609 0.00409999862
v -0.00235875137 -0.000817749649 0.00409999862
v -0.00243793428 -0.000748239458 0.00409999862
v -0.00252922252 -0.000690666959 0.00409999862
v -0.00263259374 -0.000645343214 0.00409999862
v -0.00274802744 -0.000612583011 0.00409999862
v -0.00287550315 -0.000592697412 0.00409999862
v -0.00301500037 -0.00058599934 0.00409999862
v -0.00350099988 -0.00058599934 0.00409999862
v -0.00350099988 -0.00225399993 0.00409999862
v -0.00481758639 -0.000754857436 0.00409999862
v -0.0048911944 -0.000712361187 0.00409999862
v -0.00496359356 -0.000674406067 0.00409999862
v -0.00503455475 -0.00064088963 0.00409999862
v -0.00510385074 -0.000611705706 0.00409999862
v -0.00517124869 -0.000586749986 0.00409999862
v -0.00523652323 -0.000565920025 0.00409999862
v -0.00529944338 -0.000549111515 0.00409999862
v -0.00535978191 -0.000536218286 0.00409999862
v -0.00541730598 -0.000527139753 0.00409999862
v -0.00547178835 -0.000521767884 0.00409999862
v -0.00552299991 -0.000520000234 0.00409999862
v -0.00557534024 -0.000522090122 0.00409999862
v -0.00562422164 -0.00052822195 0.00409999862
v -0.00566943735 -0.000538187101 0.00409999862
v -0.00571077876 -0.000551778823 0.00409999862
v -0.00574803539 -0.000568784773 0.00409999862
v -0.00578100048 -0.000589000061 0.00409999862
v -0.00580946542 -0.00061221607 0.00409999862
v -0.00583322346 -0.000638222322 0.00409999862
v -0.00585206412 -0.000666812062 0.00409999862
v -0.00586577877 -0.000697778538 0.00409999862
v -0.00587416068 -0.000730909407 0.00409999862
v -0.00587700121 -0.000765999779 0.00409999862
v -0.00587318279 -0.000796562061 0.00409999862
v -0.00586147234 -0.000828500837 0.00409999862
v -0.00584146939 -0.000862186775 0.00409999862
v -0.00581277721 -0.000897999853 0.00409999862
v -0.00577500276 -0.000936312601 0.00409999862
v -0.00572774932 -0.000977499411 0.00409999862
v -0.00567062199 -0.0010219384 0.00409999862
v -0.00560322218 -0.00107000023 0.00409999862
v -0.00552515686 -0.00112206303 0.00409999862
v -0.00543602742 -0.00117849931 0.00409999862
v -0.00533544086 -0.0012396872 0.00409999862
v -0.00522300042 -0.0013060011 0.00409999862
v -0.00511780567 -0.00137736462 0.00409999862
v -0.00502394512 -0.00144491717 0.00409999862
v -0.00494099967 -0.00150934421 0.00409999862
v -0.00486855581 -0.00157133304 0.00409999862
v -0.00480619445 -0.00163157284 0.00409999862
v -0.00475350022 -0.00169075094 0.00409999862
v -0.00471005589 -0.00174955279 0.00409999862
v -0.00467544422 -0.00180866756 0.00409999862
v -0.00464924984 -0.0018687807 0.00409999862
v -0.00463105552 -0.00193058327 0.00409999862
v -0.00462044403 -0.00199476071 0.00409999862
v -0.004617 -0.00206200033 0.00409999862
v -0.0046247337 -0.00217715651 0.00409999862
v -0.00464736111 -0.00228524953 0.00409999862
v -0.00468403287 -0.00238571875 0.00409999862
v -0.00473388843 -0.00247799978 0.00409999862
v -0.00479608029 -0.00256153196 0.00409999862
v -0.00486974977 -0.00263575092 0.00409999862
v -0.00495404564 -0.00270009413 0.00409999862
v -0.00504811108 -0.00275400095 0.00409999862
v -0.00515109487 -0.00279690698 0.00409999862
v -0.00526213832 -0.00282824971 0.00409999862
v -0.00538039207 -0.00284746848 0.00409999862
v -0.00550500117 -0.00285400078 0.00409999862
v -0.00558609329 -0.00285259821 0.00409999862
v -0.00566474907 -0.00284827873 0.00409999862
v -0.00574153103 -0.00284087472 0.00409999862
v -0.00581699982 -0.00283022225 0.00409999862
v -0.00589171983 -0.00281615369 0.00409999862
v -0.00596624985 -0.00279849954 0.00409999862
v -0.00604115613 -0.00277709775 0.00409999862
v -0.00611699931 -0.00275177881 0.00409999862
v -0.00619434379 -0.00272237509 0.00409999862
v -0.00627375022 -0.00268872268 0.00409999862
v -0.00635578111 -0.00265065208 0.00409999862
v -0.00644100085 -0.00260799937 0.00409999862
v -0.00644100085 -0.00203200057 0.00409999862
v -0.00635466725 -0.00208938122 0.00409999862
v -0.00626983307 -0.00214155577 0.00409999862
v -0.00618674979 -0.00218856335 0.00409999862
v -0.00610566698 -0.00223044492 0.00409999862
v -0.00602683425 -0.00226724334 0.00409999862
v -0.00595050119 -0.00229899958 0.00409999862
v -0.00587691739 -0.00232575648 0.00409999862
v -0.00580633245 -0.00234755501 0.00409999862
v -0.00573899969 -0.00236443803 0.00409999862
v -0.00567516685 -0.00237644464 0.00409999862
v -0.0056150835 -0.00238361768 0.00409999862
v -0.00555899926 -0.00238600001 0.00409999862
v -0.00550583191 -0.00238112547 0.00409999862
v -0.00545466691 -0.00237249956 0.00409999862
v -0.00540599972 -0.002360126 0.00409999862
v -0.00536033325 -0.00234400108 0.00409999862
v -0.00531816669 -0.0023241248 0.00409999862
v -0.00528000109 -0.00230050087 0.00409999862
v -0.00524633378 -0.00227312557 0.00409999862
v -0.00521766581 -0.00224200077 0.00409999862
v -0.00519450009 -0.00220712461 0.00409999862
v -0.00517733395 -0.0021685008 0.00409999862
v -0.00516666658 -0.00212612562 0.00409999862
v -0.0051630009 -0.00208000094 0.00409999862
v -0.0051877927 -0.00199021772 0.00409999862
v -0.00525633432 -0.00190524943 0.00409999862
v -0.00535987504 -0.00182265602 0.00409999862
v -0.00548966788 -0.00173999928 0.00409999862
v -0.00563695841 -0.00165484287 0.00409999862
v -0.00579299964 -0.00156475045 0.00409999862
v -0.00594904274 -0.00146728195 0.00409999862
v -0.00609633327 -0.00135999918 0.00409999862
v -0.00622612424 -0.00124046952 0.00409999862
v -0.00632966682 -0.00110625103 0.00409999862
v -0.00639820844 -0.000954905525 0.00409999862
v -0.00642300025 -0.000784000382 0.00409999862
v -0.0064158421 -0.000673806295 0.00409999862
v -0.00639472343 -0.000571444631 0.00409999862
v -0.00636018813 -0.000477250665 0.00409999862
v -0.00631277822 -0.00039155595 0.00409999862
v -0.00625303574 -0.000314693898 0.00409999862
v -0.00618150085 -0.000246999785 0.00409999862
v -0.00609871559 -0.000188805163 0.00409999862
v -0.00600522198 -0.000140445307 0.00409999862
v -0.00590156205 -0.000102249905 0.00409999862
v -0.00578827783 -7.45560974e-05 0.00409999862
v -0.0056659095 -5.76935709e-05 0.00409999862
v -0.00553500094 -5.19994646e-05 0.00409999862
v -0.00547186472 -5.35044819e-05 0.00409999862
v -0.00540841743 -5.8028847e-05 0.00409999862
v -0.0053445939 -6.55930489e-05 0.00409999862
v -0.00528033264 -7.62231648e-05 0.00409999862
v -0.00521557219 -8.99340957e-05 0.00409999862
v -0.00515024923 -0.000106750056 0.00409999862
v -0.00508430228 -0.000126691535 0.00409999862
v -0.00501766615 -0.000149777159 0.00409999862
v -0.00495028123 -0.000176031142 0.00409999862
v -0.00488208421 -0.000205472112 0.00409999862
v -0.00481300987 -0.000238122419 0.00409999862
v -0.00474300049 -0.000274000689 0.00409999862
v -0.00474300049 -0.000802000985 0.00409999862
v -0.00481758639 -0.000754857436 0.00409999862
v -0.00481758639 -0.000754857436 0.00450000539
v -0.0048911944 -0.000712361187 0.00409999862
v -0.0048911944 -0.000712361187 0.00450000539
v -0.00496359356 -0.000674406067 0.00409999862
v -0.00496359356 -0.000674406067 0.00450000539
v -0.00503455475 -0.00064088963 0.00409999862
v -0.00503455475 -0.00064088963 0.00450000539
v -0.00510385074 -0.000611705706 0.00409999862
v -0.00510385074 -0.000611705706 0.00450000539
v -0.00517124869 -0.000586749986 0.00409999862
v -0.00517124869 -0.000586749986 0.00450000539
v -0.00523652323 -0.000565920025 0.00409999862
v -0.00523652323 -0.000565920025 0.00450000539
v -0.00529944338 -0.000549111515 0.00409999862
v -0.00529944338 -0.000549111515 0.00450000539
v -0.00535978191 -0.000536218286 0.00409999862
v -0.00535978191 -0.000536218286 0.00450000539
v -0.00541730598 -0.000527139753 0.00409999862
v -0.00541730598 -0.000527139753 0.00450000539
v -0.00547178835 -0.000521767884 0.00409999862
v -0.00547178835 -0.000521767884 0.00450000539
v -0.00552299991 -0.000520000234 0.00409999862
v -0.00552299991 -0.000520000234 0.00450000539
v -0.00557534024 -0.000522090122 0.00409999862
v -0.00557534024 -0.000522090122 0.00450000539
v -0.00562422164 -0.00052822195 0.00409999862
v -0.00562422164 -0.00052822195 0.00450000539
v -0.00566943735 -0.000538187101 0.00409999862
v -0.00566943735 -0.000538187101 0.00450000539
v -0.00571077876 -0.000551778823 0.00409999862
v -0.00571077876 -0.000551778823 0.00450000539
v -0.00574803539 -0.000568784773 0.00409999862
v -0.00574803539 -0.000568784773 0.00450000539
v -0.00578100048 -0.000589000061 0.00409999862
v -0.00578100048 -0.000589000061 0.00450000539
v -0.00580946542 -0.00061221607 0.00409999862
v -0.00580946542 -0.00061221607 0.00450000539
v -0.00583322346 -0.000638222322 0.00409999862
v -0.00583322346 -0.000638222322 0.00450000539
v -0.00585206412 -0.000666812062 0.00409999862
v -0.00585206412 -0.000666812062 0.00450000539
v -0.00586577877 -0.000697778538 0.00409999862
v -0.00586577877 -0.000697778538 0.00450000539
v -0.00587416068 -0.000730909407 0.00409999862
v -0.00587416068 -0.000730909407 0.00450000539
v -0.00587700121 -0.000765999779 0.00409999862
v -0.00587700121 -0.000765999779 0.00450000539
v -0.00587318279 -0.000796562061 0.00409999862
v -0.00587318279 -0.000796562061 0.00450000539
v -0.00586147234 -0.000828500837 0.00409999862
v -0.00586147234 -0.000828500837 0.00450000539
v -0.00584146939 -0.000862186775 0.00409999862
v -0.00584146939 -0.000862186775 0.00450000539
v -0.00581277721 -0.000897999853 0.00409999862
v -0.00581277721 -0.000897999853 0.00450000539
v -0.00577500276 -0.000936312601 0.00409999862
v -0.00577500276 -0.000936312601 0.00450000539
v -0.00572774932 -0.000977499411 0.00409999862
v -0.00572774932 -0.000977499411 0.00450000539
v -0.00567062199 -0.0010219384 0.00409999862
v -0.00567062199 -0.0010219384 0.00450000539
v -0.00560322218 -0.00107000023 0.00409999862
v -0.00560322218 -0.00107000023 0.00450000539
v -0.00552515686 -0.00112206303 0.00409999862
v -0.00552515686 -0.00112206303 0.00450000539
v -0.00543602742 -0.00117849931 0.00409999862
v -0.00543602742 -0.00117849931 0.00450000539
v -0.00533544086 -0.0012396872 0.00409999862
v -0.00533544086 -0.0012396872 0.00450000539
v -0.00522300042 -0.0013060011 0.00409999862
v -0.00522300042 -0.0013060011 0.00450000539
v -0.00511780567 -0.00137736462 0.00409999862
v -0.00511780567 -0.00137736462 0.00450000539
v -0.00502394512 -0.00144491717 0.00409999862
v -0.00502394512 -0.00144491717 0.00450000539
v -0.00494099967 -0.00150934421 0.00409999862
v -0.00494099967 -0.00150934421 0.00450000539
v -0.00486855581 -0.00157133304 0.00409999862
v -0.00486855581 -0.00157133304 0.00450000539
v -0.00480619445 -0.00163157284 0.00409999862
v -0.00480619445 -0.00163157284 0.00450000539
v -0.00475350022 -0.00169075094 0.00409999862
v -0.00475350022 -0.00169075094 0.00450000539
v -0.00471005589 -0.00174955279 0.00409999862
v -0.00471005589 -0.00174955279 0.00450000539
v -0.00467544422 -0.00180866756 0.00409999862
v -0.00467544422 -0.00180866756 0.00450000539
v -0.00464924984 -0.0018687807 0.00409999862
v -0.00464924984 -0.0018687807 0.00450000539
v -0.00463105552 -0.00193058327 0.00409999862
v -0.00463105552 -0.00193058327 0.00450000539
v -0.00462044403 -0.00199476071 0.00409999862
v -0.00462044403 -0.00199476071 0.00450000539
v -0.004617 -0.00206200033 0.00409999862
v -0.004617 -0.00206200033 0.00450000539
v -0.0046247337 -0.00217715651 0.00409999862
v -0.0046247337 -0.00217715651 0.00450000539
v -0.00464736111 -0.00228524953 0.00409999862
v -0.00464736111 -0.00228524953 0.00450000539
v -0.00468403287 -0.00238571875 0.00409999862
v -0.00468403287 -0.00238571875 0.00450000539
v -0.00473388843 -0.00247799978 0.00409999862
v -0.00473388843 -0.00247799978 0.00450000539
v -0.00479608029 -0.00256153196 0.00409999862
v -0.00479608029 -0.00256153196 0.00450000539
v -0.00486974977 -0.00263575092 0.00409999862
v -0.00486974977 -0.00263575092 0.00450000539
v -0.00495404564 -0.00270009413 0.00409999862
v -0.00495404564 -0.00270009413 0.00450000539
v -0.00504811108 -0.00275400095 0.00409999862
v -0.00504811108 -0.00275400095 0.00450000539
v -0.00515109487 -0.00279690698 0.00409999862
v -0.00515109487 -0.00279690698 0.00450000539
v -0.00526213832 -0.00282824971 0.00409999862
v -0.00526213832 -0.00282824971 0.00450000539
v -0.00538039207 -0.00284746848 0.00409999862
v -0.00538039207 -0.00284746848 0.00450000539
v -0.00550500117 -0.00285400078 0.00409999862
v -0.00550500117 -0.00285400078 0.00450000539
v -0.00558609329 -0.00285259821 0.00409999862
v -0.00558609329 -0.00285259821 0.00450000539
v -0.00566474907 -0.00284827873 0.00409999862
v -0.00566474907 -0.00284827873 0.00450000539
v -0.00574153103 -0.00284087472 0.00409999862
v -0.00574153103 -0.00284087472 0.00450000539
v -0.00581699982 -0.00283022225 0.00409999862
v -0.00581699982 -0.00283022225 0.00450000539
v -0.00589171983 -0.00281615369 0.00409999862
v -0.00589171983 -0.00281615369 0.00450000539
v -0.00596624985 -0.00279849954 0.00409999862
v -0.00596624985 -0.00279849954 0.00450000539
v -0.00604115613 -0.00277709775 0.00409999862
v -0.00604115613 -0.00277709775 0.00450000539
v -0.00611699931 -0.00275177881 0.00409999862
v -0.00611699931 -0.00275177881 0.00450000539
v -0.00619434379 -0.00272237509 0.00409999862
v -0.00619434379 -0.00272237509 0.00450000539
v -0.00627375022 -0.00268872268 0.00409999862
v -0.00627375022 -0.00268872268 0.00450000539
v -0.00635578111 -0.00265065208 0.00409999862
v -0.00635578111 -0.00265065208 0.00450000539
v -0.00644100085 -0.00260799937 0.00409999862
v -0.00644100085 -0.00260799937 0.00450000539
v -0.00644100085 -0.00203200057 0.00409999862
v -0.00644100085 -0.00203200057 0.00450000539
v -0.00635466725 -0.00208938122 0.00409999862
v -0.00635466725 -0.00208938122 0.00450000539
v -0.00626983307 -0.00214155577 0.00409999862
v -0.00626983307 -0.00214155577 0.00450000539
v -0.00618674979 -0.00218856335 0.00409999862
v -0.00618674979 -0.00218856335 0.00450000539
v -0.00610566698 -0.00223044492 0.00409999862
v -0.00610566698 -0.00223044492 0.00450000539
v -0.00602683425 -0.00226724334 0.00409999862
v -0.00602683425 -0.00226724334 0.00450000539
v -0.00595050119 -0.00229899958 0.00409999862
v -0.00595050119 -0.00229899958 0.00450000539
v -0.00587691739 -0.00232575648 0.00409999862
v -0.00587691739 -0.00232575648 0.00450000539
v -0.00580633245 -0.00234755501 0.00409999862
v -0.00580633245 -0.00234755501 0.00450000539
v -0.00573899969 -0.00236443803 0.00409999862
v -0.00573899969 -0.00236443803 0.00450000539
v -0.00567516685 -0.00237644464 0.00409999862
v -0.00567516685 -0.00237644464 0.00450000539
v -0.0056150835 -0.00238361768 0.00409999862
v -0.0056150835 -0.00238361768 0.00450000539
v -0.00555899926 -0.00238600001 0.00409999862
v -0.00555899926 -0.00238600001 0.00450000539
v -0.00550583191 -0.00238112547 0.00409999862
v -0.00550583191 -0.00238112547 0.00450000539
v -0.00545466691 -0.00237249956 0.00409999862
v -0.00545466691 -0.00237249956 0.00450000539
v -0.00540599972 -0.002360126 0.00409999862
v -0.00540599972 -0.002360126 0.00450000539
v -0.00536033325 -0.00234400108 0.00409999862
v -0.00536033325 -0.00234400108 0.00450000539
v -0.00531816669 -0.0023241248 0.00409999862
v -0.00531816669 -0.0023241248 0.00450000539
v -0.00528000109 -0.00230050087 0.00409999862
v -0.00528000109 -0.00230050087 0.00450000539
v -0.00524633378 -0.00227312557 0.00409999862
v -0.00524633378 -0.00227312557 0.00450000539
v -0.00521766581 -0.00224200077 0.00409999862
v -0.00521766581 -0.00224200077 0.00450000539
v -0.00519450009 -0.00220712461 0.00409999862
v -0.00519450009 -0.00220712461 0.00450000539
v -0.00517733395 -0.0021685008 0.00409999862
v -0.00517733395 -0.0021685008 0.00450000539
v -0.00516666658 -0.00212612562 0.00409999862
v -0.00516666658 -0.00212612562 0.00450000539
v -0.0051630009 -0.00208000094 0.00409999862
v -0.0051630009 -0.00208000094 0.00450000539
v -0.0051877927 -0.00199021772 0.00409999862
v -0.0051877927 -0.00199021772 0.00450000539
v -0.00525633432 -0.00190524943 0.00409999862
v -0.00525633432 -0.00190524943 0.00450000539
v -0.00535987504 -0.00182265602 0.00409999862
v -0.00535987504 -0.00182265602 0.00450000539
v -0.00548966788 -0.00173999928 0.00409999862
v -0.00548966788 -0.00173999928 0.00450000539
v -0.00563695841 -0.00165484287 0.00409999862
v -0.00563695841 -0.00165484287 0.00450000539
v -0.00579299964 -0.00156475045 0.00409999862
v -0.00579299964 -0.00156475045 0.00450000539
v -0.00594904274 -0.00146728195 0.00409999862
v -0.00594904274 -0.00146728195 0.00450000539
v -0.00609633327 -0.00135999918 0.00409999862
v -0.00609633327 -0.00135999918 0.00450000539
v -0.00622612424 -0.00124046952 0.00409999862
v -0.00622612424 -0.00124046952 0.00450000539
v -0.00632966682 -0.00110625103 0.00409999862
v -0.00632966682 -0.00110625103 0.00450000539
v -0.00639820844 -0.000954905525 0.00409999862
v -0.00639820844 -0.000954905525 0.00450000539
v -0.00642300025 -0.000784000382 0.00409999862
v -0.00642300025 -0.000784000382 0.00450000539
v -0.0064158421 -0.000673806295 0.00409999862
v -0.0064158421 -0.000673806295 0.00450000539
v -0.00639472343 -0.000571444631 0.00409999862
v -0.00639472343 -0.000571444631 0.00450000539
v -0.00636018813 -0.000477250665 0.00409999862
v -0.00636018813 -0.000477250665 0.00450000539
v -0.00631277822 -0.00039155595 0.00409999862
v -0.00631277822 -0.00039155595 0.00450000539
v -0.00625303574 -0.000314693898 0.00409999862
v -0.00625303574 -0.000314693898 0.00450000539
v -0.00618150085 -0.000246999785 0.00409999862
v -0.00618150085 -0.000246999785 0.00450000539
v -0.00609871559 -0.000188805163 0.00409999862
v -0.00609871559 -0.000188805163 0.00450000539
v -0.00600522198 -0.000140445307 0.00409999862
v -0.00600522198 -0.000140445307 0.00450000539
v -0.00590156205 -0.000102249905 0.00409999862
v -0.00590156205 -0.000102249905 0.00450000539
v -0.00578827783 -7.45560974e-05 0.00409999862
v -0.00578827783 -7.45560974e-05 0.00450000539
v -0.0056659095 -5.76935709e-05 0.00409999862
v -0.0056659095 -5.76935709e-05 0.00450000539
v -0.00553500094 -5.19994646e-05 0.00409999862
v -0.00553500094 -5.19994646e-05 0.00450000539
v -0.00547186472 -5.35044819e-05 0.00409999862
v -0.00547186472 -5.35044819e-05 0.00450000539
v -0.00540841743 -5.8028847e-05 0.00409999862
v -0.00540841743 -5.8028847e-05 0.00450000539
v -0.0053445939 -6.55930489e-05 0.00409999862
v -0.0053445939 -6.55930489e-05 0.00450000539
v -0.00528033264 -7.62231648e-05 0.00409999862
v -0.00528033264 -7.62231648e-05 0.00450000539
v -0.00521557219 -8.99340957e-05 0.00409999862
v -0.00521557219 -8.99340957e-05 0.00450000539
v -0.00515024923 -0.000106750056 0.00409999862
v -0.00515024923 -0.000106750056 0.00450000539
v -0.00508430228 -0.000126691535 0.00409999862
v -0.00508430228 -0.000126691535 0.00450000539
v -0.00501766615 -0.000149777159 0.00409999862
v -0.00501766615 -0.000149777159 0.00450000539
v -0.00495028123 -0.000176031142 0.00409999862
v -0.00495028123 -0.000176031142 0.00450000539
v -0.00488208421 -0.000205472112 0.00409999862
v -0.00488208421 -0.000205472112 0.00450000539
v -0.00481300987 -0.000238122419 0.00409999862
v -0.00481300987 -0.000238122419 0.00450000539
v -0.00474300049 -0.000274000689 0.00409999862
v -0.00474300049 -0.000274000689 0.00450000539
v -0.00474300049 -0.000802000985 0.00409999862
v -0.00474300049 -0.000802000985 0.00450000539
v -0.00403500162 -0.00418000109 0.00409999862
v -0.00403500162 -0.00418000109 0.00450000539
v -0.00403500162 -0.00010599941 0.00409999862
v -0.00403500162 -0.00010599941 0.00450000539
v -0.00311099924 -0.00010599941 0.00409999862
v -0.00311099924 -0.00010599941 0.00450000539
v -0.00287442468 -0.000115957111 0.00409999862
v -0.00287442468 -0.000115957111 0.00450000539
v -0.00265688822 -0.000145666301 0.00409999862
v -0.00265688822 -0.000145666301 0.00450000539
v -0.00245868787 -0.000194875523 0.00409999862
v -0.00245868787 -0.000194875523 0.00450000539
v -0.00228011049 -0.000263333321 0.00409999862
v -0.00228011049 -0.000263333321 0.00450000539
v -0.00212145224 -0.000350791961 0.00409999862
v -0.00212145224 -0.000350791961 0.00450000539
v -0.00198299997 -0.000456999987 0.00409999862
v -0.00198299997 -0.000456999987 0.00450000539
v -0.00186504796 -0.000581707805 0.00409999862
v -0.00186504796 -0.000581707805 0.00450000539
v -0.00176788867 -0.000724665821 0.00409999862
v -0.00176788867 -0.000724665821 0.00450000539
v -0.00169181265 -0.000885624439 0.00409999862
v -0.00169181265 -0.000885624439 0.00450000539
v -0.00163711049 -0.00106433406 0.00409999862
v -0.00163711049 -0.00106433406 0.00450000539
v -0.00160407647 -0.00126054138 0.00409999862
v -0.00160407647 -0.00126054138 0.00450000539
v -0.00159299932 -0.00147400051 0.00409999862
v -0.00159299932 -0.00147400051 0.00450000539
v -0.00160467625 -0.00167130865 0.00409999862
v -0.00160467625 -0.00167130865 0.00450000539
v -0.00163891725 -0.00185747258 0.00409999862
v -0.00163891725 -0.00185747258 0.00450000539
v -0.00169453211 -0.00203134492 0.00409999862
v -0.00169453211 -0.00203134492 0.00450000539
v -0.00177033432 -0.00219177827 0.00409999862
v -0.00177033432 -0.00219177827 0.00450000539
v -0.00186513551 -0.00233762898 0.00409999862
v -0.00186513551 -0.00233762898 0.00450000539
v -0.00197775103 -0.00246774964 0.00409999862
v -0.00197775103 -0.00246774964 0.00450000539
v -0.0021069888 -0.0025809966 0.00409999862
v -0.0021069888 -0.0025809966 0.00450000539
v -0.00225166604 -0.00267622247 0.00409999862
v -0.00225166604 -0.00267622247 0.00450000539
v -0.00241059437 -0.00275228173 0.00409999862
v -0.00241059437 -0.00275228173 0.00450000539
v -0.00258258358 -0.00280802883 0.00409999862
v -0.00258258358 -0.00280802883 0.00450000539
v -0.002766449 -0.0028423164 0.00409999862
v -0.002766449 -0.0028423164 0.00450000539
v -0.00296100043 -0.00285400078 0.00409999862
v -0.00296100043 -0.00285400078 0.00450000539
v -0.00300428085 -0.00285324268 0.00409999862
v -0.00300428085 -0.00285324268 0.00450000539
v -0.00304725021 -0.00285094418 0.00409999862
v -0.00304725021 -0.00285094418 0.00450000539
v -0.00309009291 -0.00284706242 0.00409999862
v -0.00309009291 -0.00284706242 0.00450000539
v -0.00313300081 -0.00284155644 0.00409999862
v -0.00313300081 -0.00284155644 0.00450000539
v -0.00317615643 -0.00283438154 0.00409999862
v -0.00317615643 -0.00283438154 0.00450000539
v -0.00321974978 -0.00282550044 0.00409999862
v -0.00321974978 -0.00282550044 0.00450000539
v -0.00326396897 -0.00281486847 0.00409999862
v -0.00326396897 -0.00281486847 0.00450000539
v -0.00330900028 -0.00280244462 0.00409999862
v -0.00330900028 -0.00280244462 0.00450000539
v -0.00335503183 -0.00278818794 0.00409999862
v -0.00335503183 -0.00278818794 0.00450000539
v -0.00340224989 -0.00277205557 0.00409999862
v -0.00340224989 -0.00277205557 0.00450000539
v -0.00345084444 -0.00275400653 0.00409999862
v -0.00345084444 -0.00275400653 0.00450000539
v -0.00350099988 -0.00273399986 0.00409999862
v -0.00350099988 -0.00273399986 0.00450000539
v -0.00350099988 -0.00418000109 0.00409999862
v -0.00350099988 -0.00418000109 0.00450000539
v -0.00346026011 -0.00227274746 0.00409999862
v -0.00346026011 -0.00227274746 0.00450000539
v -0.00341908447 -0.0022899732 0.00409999862
v -0.00341908447 -0.0022899732 0.00450000539
v -0.00337753072 -0.00230565667 0.00409999862
v -0.00337753072 -0.00230565667 0.00450000539
v -0.00333566777 -0.00231977738 0.00409999862
v -0.00333566777 -0.00231977738 0.00450000539
v -0.0032935515 -0.00233231671 0.00409999862
v -0.0032935515 -0.00233231671 0.00450000539
v -0.00325125083 -0.00234325044 0.00409999862
v -0.00325125083 -0.00234325044 0.00450000539
v -0.0032088235 -0.00235255994 0.00409999862
v -0.0032088235 -0.00235255994 0.00450000539
v -0.00316633284 -0.00236022286 0.00409999862
v -0.00316633284 -0.00236022286 0.00450000539
v -0.00312384404 -0.00236621872 0.00409999862
v -0.00312384404 -0.00236621872 0.00450000539
v -0.00308141671 -0.00237052888 0.00409999862
v -0.00308141671 -0.00237052888 0.00450000539
v -0.00303911418 -0.00237312913 0.00409999862
v -0.00303911418 -0.00237312913 0.00450000539
v -0.00299699977 -0.00237400085 0.00409999862
v -0.00299699977 -0.00237400085 0.00450000539
v -0.00287550315 -0.00236614235 0.00409999862
v -0.00287550315 -0.00236614235 0.00450000539
v -0.00276052766 -0.00234313868 0.00409999862
v -0.00276052766 -0.00234313868 0.00450000539
v -0.00265284441 -0.0023058448 0.00409999862
v -0.00265284441 -0.0023058448 0.00450000539
v -0.0025532227 -0.00225511193 0.00409999862
v -0.0025532227 -0.00225511193 0.00450000539
v -0.00246243365 -0.00219179504 0.00409999862
v -0.00246243365 -0.00219179504 0.00450000539
v -0.00238125026 -0.00211675093 0.00409999862
v -0.00238125026 -0.00211675093 0.00450000539
v -0.00231044181 -0.00203083083 0.00409999862
v -0.00231044181 -0.00203083083 0.00450000539
v -0.00225077756 -0.0019348897 0.00409999862
v -0.00225077756 -0.0019348897 0.00450000539
v -0.00220303051 -0.00182978064 0.00409999862
v -0.00220303051 -0.00182978064 0.00450000539
v -0.0021679718 -0.00171636045 0.00409999862
v -0.0021679718 -0.00171636045 0.00450000539
v -0.00214637257 -0.00159548223 0.00409999862
v -0.00214637257 -0.00159548223 0.00450000539
v -0.00213900022 -0.00146800093 0.00409999862
v -0.00213900022 -0.00146800093 0.00450000539
v -0.00214512274 -0.00133342668 0.00409999862
v -0.00214512274 -0.00133342668 0.00450000539
v -0.00216347352 -0.00120891631 0.00409999862
v -0.00216347352 -0.00120891631 0.00450000539
v -0.00219403207 -0.00109478086 0.00409999862
v -0.00219403207 -0.00109478086 0.00450000539
v -0.00223677792 -0.000991333276 0.00409999862
v -0.00223677792 -0.000991333276 0.00450000539
v -0.00229169242 -0.000898884609 0.00409999862
v -0.00229169242 -0.000898884609 0.00450000539
v -0.00235875137 -0.000817749649 0.00409999862
v -0.00235875137 -0.000817749649 0.00450000539
v -0.00243793428 -0.000748239458 0.00409999862
v -0.00243793428 -0.000748239458 0.00450000539
v -0.00252922252 -0.000690666959 0.00409999862
v -0.00252922252 -0.000690666959 0.00450000539
v -0.00263259374 -0.000645343214 0.00409999862
v -0.00263259374 -0.000645343214 0.00450000539
v -0.00274802744 -0.000612583011 0.00409999862
v -0.00274802744 -0.000612583011 0.00450000539
v -0.00287550315 -0.000592697412 0.00409999862
v -0.00287550315 -0.000592697412 0.00450000539
v -0.00301500037 -0.00058599934 0.00409999862
v -0.00301500037 -0.00058599934 0.00450000539
v -0.00350099988 -0.00058599934 0.00409999862
v -0.00350099988 -0.00058599934 0.00450000539
v -0.00350099988 -0.00225399993 0.00409999862
v -0.00350099988 -0.00225399993 0.00450000539
v 0.00103037804 -0.00268216431 0.00409999862
v 0.00103037804 -0.00268216431 0.00450000539
v 0.000977028161 -0.00271580555 0.00409999862
v 0.000977028161 -0.00271580555 0.00450000539
v 0.000928217545 -0.00274515711 0.00409999862
v 0.000928217545 -0.00274515711 0.00450000539
v 0.000883221626 -0.00277044438 0.00409999862
v 0.000883221626 -0.00277044438 0.00450000539
v 0.000841308385 -0.00279190019 0.00409999862
v 0.000841308385 -0.00279190019 0.00450000539
v 0.000801749527 -0.00280974992 0.00409999862
v 0.000801749527 -0.00280974992 0.00450000539
v 0.000763814896 -0.00282422639 0.00409999862
v 0.000763814896 -0.00282422639 0.00450000539
v 0.00072677806 -0.00283555686 0.00409999862
v 0.00072677806 -0.00283555686 0.00450000539
v 0.000689905137 -0.00284396857 0.00409999862
v 0.000689905137 -0.00284396857 0.00450000539
v 0.000652471557 -0.00284969434 0.00409999862
v 0.000652471557 -0.00284969434 0.00450000539
v 0.000613747165 -0.00285296142 0.00409999862
v 0.000613747165 -0.00285296142 0.00450000539
v 0.000572999939 -0.00285400078 0.00409999862
v 0.000572999939 -0.00285400078 0.00450000539
v 0.000516733155 -0.00285223685 0.00409999862
v 0.000516733155 -0.00285223685 0.00450000539
v 0.00046486035 -0.0028468892 0.00409999862
v 0.00046486035 -0.0028468892 0.00450000539
v 0.000417280942 -0.00283787586 0.00409999862
v 0.000417280942 -0.00283787586 0.00450000539
v 0.000373888761 -0.00282511115 0.00409999862
v 0.000373888761 -0.00282511115 0.00450000539
v 0.000334579498 -0.00280851498 0.00409999862
v 0.000334579498 -0.00280851498 0.00450000539
v 0.000299248844 -0.00278799981 0.00409999862
v 0.000299248844 -0.00278799981 0.00450000539
v 0.000267794356 -0.0027634874 0.00409999862
v 0.000267794356 -0.0027634874 0.00450000539
v 0.000240111724 -0.00273488835 0.00409999862
v 0.000240111724 -0.00273488835 0.00450000539
v 0.000216092914 -0.00270212442 0.00409999862
v 0.000216092914 -0.00270212442 0.00450000539
v 0.000195639208 -0.0026651118 0.00409999862
v 0.000195639208 -0.0026651118 0.00450000539
v 0.000178642571 -0.0026237648 0.00409999862
v 0.000178642571 -0.0026237648 0.00450000539
v 0.000165000558 -0.00257799961 0.00409999862
v 0.000165000558 -0.00257799961 0.00450000539
v 0.000106256455 -0.00262250379 0.00409999862
v 0.000106256455 -0.00262250379 0.00450000539
v 4.70560044e-05 -0.0026630275 0.00409999862
v 4.70560044e-05 -0.0026630275 0.00450000539
v -1.25635415e-05 -0.00269959308 0.00409999862
v -1.25635415e-05 -0.00269959308 0.00450000539
v -7.25556165e-05 -0.0027322229 0.00409999862
v -7.25556165e-05 -0.0027322229 0.00450000539
v -0.000132882968 -0.00276093371 0.00409999862
v -0.000132882968 -0.00276093371 0.00450000539
v -0.000193500891 -0.00278574973 0.00409999862
v -0.000193500891 -0.00278574973 0.00450000539
v -0.00025436841 -0.00280669145 0.00409999862
v -0.00025436841 -0.00280669145 0.00450000539
v -0.000315444544 -0.0028237775 0.00409999862
v -0.000315444544 -0.0028237775 0.00450000539
v -0.000376688316 -0.00283703208 0.00409999862
v -0.000376688316 -0.00283703208 0.00450000539
v -0.000438055024 -0.00284647197 0.00409999862
v -0.000438055024 -0.00284647197 0.00450000539
v -0.000499507412 -0.00285212137 0.00409999862
v -0.000499507412 -0.00285212137 0.00450000539
v -0.000561000779 -0.00285400078 0.00409999862
v -0.000561000779 -0.00285400078 0.00450000539
v -0.000657174736 -0.00284766033 0.00409999862
v -0.000657174736 -0.00284766033 0.00450000539
v -0.000747388229 -0.00282927789 0.00409999862
v -0.000747388229 -0.00282927789 0.00450000539
v -0.000831188634 -0.0027998127 0.00409999862
v -0.000831188634 -0.0027998127 0.00450000539
v -0.000908112153 -0.00276022218 0.00409999862
v -0.000908112153 -0.00276022218 0.00450000539
v -0.000977702439 -0.00271146558 0.00409999862
v -0.000977702439 -0.00271146558 0.00450000539
v -0.00103949942 -0.00265450031 0.00409999862
v -0.00103949942 -0.00265450031 0.00450000539
v -0.0010930486 -0.00259028561 0.00409999862
v -0.0010930486 -0.00259028561 0.00450000539
v -0.00113788992 -0.00251977891 0.00409999862
v -0.00113788992 -0.00251977891 0.00450000539
v -0.0011735633 -0.00244393758 0.00409999862
v -0.0011735633 -0.00244393758 0.00450000539
v -0.00119961239 -0.00236372277 0.00409999862
v -0.00119961239 -0.00236372277 0.00450000539
v -0.00121557713 -0.00228009 0.00409999862
v -0.00121557713 -0.00228009 0.00450000539
v -0.00122100115 -0.00219400041 0.00409999862
v -0.00122100115 -0.00219400041 0.00450000539
v -0.00121118873 -0.00206803903 0.00409999862
v -0.00121118873 -0.00206803903 0.00450000539
v -0.00118300132 -0.0019563064 0.00409999862
v -0.00118300132 -0.0019563064 0.00450000539
v -0.00113831274 -0.00185753219 0.00409999862
v -0.00113831274 -0.00185753219 0.00450000539
v -0.00107900053 -0.00177044421 0.00409999862
v -0.00107900053 -0.00177044421 0.00450000539
v -0.00100693852 -0.00169377401 0.00409999862
v -0.00100693852 -0.00169377401 0.00450000539
v -0.000924000517 -0.0016262494 0.00409999862
v -0.000924000517 -0.0016262494 0.00450000539
v -0.000832062215 -0.00156660005 0.00409999862
v -0.000832062215 -0.00156660005 0.00450000539
v -0.000733001158 -0.00151355565 0.00409999862
v -0.000733001158 -0.00151355565 0.00450000539
v -0.000628687441 -0.00146584399 0.00409999862
v -0.000628687441 -0.00146584399 0.00450000539
v -0.000521000475 -0.00142219476 0.00409999862
v -0.000521000475 -0.00142219476 0.00450000539
v -0.000411812216 -0.00138133764 0.00409999862
v -0.000411812216 -0.00138133764 0.00450000539
v -0.000303000212 -0.00134200044 0.00409999862
v -0.000303000212 -0.00134200044 0.00450000539
v 0.000171000138 -0.00117399916 0.00409999862
v 0.000171000138 -0.00117399916 0.00450000539
v 0.000171000138 -0.00102999993 0.00409999862
v 0.000171000138 -0.00102999993 0.00450000539
v 0.000167625025 -0.000950090587 0.00409999862
v 0.000167625025 -0.000950090587 0.00450000539
v 0.000157499686 -0.000878222287 0.00409999862
v 0.000157499686 -0.000878222287 0.00450000539
v 0.000140624121 -0.000814188272 0.00409999862
v 0.000140624121 -0.000814188272 0.00450000539
v 0.000117000192 -0.000757778063 0.00409999862
v 0.000117000192 -0.000757778063 0.00450000539
v 8.66241753e-05 -0.000708784908 0.00409999862
v 8.66241753e-05 -0.000708784908 0.00450000539
v 4.94997948e-05 -0.000667000189 0.00409999862
v 4.94997948e-05 -0.000667000189 0.00450000539
v 5.62518835e-06 -0.000632215291 0.00409999862
v 5.62518835e-06 -0.000632215291 0.00450000539
v -4.49996442e-05 -0.000604221597 0.00409999862
v -4.49996442e-05 -0.000604221597 0.00450000539
v -0.000102374703 -0.000582812354 0.00409999862
v -0.000102374703 -0.000582812354 0.00450000539
v -0.000166499987 -0.000567777082 0.00409999862
v -0.000166499987 -0.000567777082 0.00450000539
v -0.000237375498 -0.000558909029 0.00409999862
v -0.000237375498 -0.000558909029 0.00450000539
v -0.000315001234 -0.000555999577 0.00409999862
v -0.000315001234 -0.000555999577 0.00450000539
v -0.00038859807 -0.000558892265 0.00409999862
v -0.00038859807 -0.000558892265 0.00450000539
v -0.000462278724 -0.000567639247 0.00409999862
v -0.000462278724 -0.000567639247 0.00450000539
v -0.000535875559 -0.00058234483 0.00409999862
v -0.000535875559 -0.00058234483 0.00450000539
v -0.0006092228 -0.000603111461 0.00409999862
v -0.0006092228 -0.000603111461 0.00450000539
v -0.000682152808 -0.00063004531 0.00409999862
v -0.000682152808 -0.00063004531 0.00450000539
v -0.000754499808 -0.000663250685 0.00409999862
v -0.000754499808 -0.000663250685 0.00450000539
v -0.000826098025 -0.000702830032 0.00409999862
v -0.000826098025 -0.000702830032 0.00450000539
v -0.000896777958 -0.000748889521 0.00409999862
v -0.000896777958 -0.000748889521 0.00450000539
v -0.000966375694 -0.000801531598 0.00409999862
v -0.000966375694 -0.000801531598 0.00450000539
v -0.00103472173 -0.000860860571 0.00409999862
v -0.00103472173 -0.000860860571 0.00450000539
v -0.00110165216 -0.000926982611 0.00409999862
v -0.00110165216 -0.000926982611 0.00450000539
v -0.0011670012 -0.00100000016 0.00409999862
v -0.0011670012 -0.00100000016 0.00450000539
v -0.0011670012 -0.000417999923 0.00409999862
v -0.0011670012 -0.000417999923 0.00450000539
v -0.00111274235 -0.00035912171 0.00409999862
v -0.00111274235 -0.00035912171 0.00450000539
v -0.00105494447 -0.000305471942 0.00409999862
v -0.00105494447 -0.000305471942 0.00450000539
v -0.000993562862 -0.000257031992 0.00409999862
v -0.000993562862 -0.000257031992 0.00450000539
v -0.000928556547 -0.000213777646 0.00409999862
v -0.000928556547 -0.000213777646 0.00450000539
v -0.000859882683 -0.000175690278 0.00409999862
v -0.000859882683 -0.000175690278 0.00450000539
v -0.000787500292 -0.000142749399 0.00409999862
v -0.000787500292 -0.000142749399 0.00450000539
v -0.000711368397 -0.000114934519 0.00409999862
v -0.000711368397 -0.000114934519 0.00450000539
v -0.000631444156 -9.2221424e-05 0.00409999862
v -0.000631444156 -9.2221424e-05 0.00450000539
v -0.000547688454 -7.45933503e-05 0.00409999862
v -0.000547688454 -7.45933503e-05 0.00450000539
v -0.000460056588 -6.20279461e-05 0.00409999862
v -0.000460056588 -6.20279461e-05 0.00450000539
v -0.000368507579 -5.45028597e-05 0.00409999862
v -0.000368507579 -5.45028597e-05 0.00450000539
v -0.000273000449 -5.19994646e-05 0.00409999862
v -0.000273000449 -5.19994646e-05 0.00450000539
v -0.000139059499 -5.77848405e-05 0.00409999862
v -0.000139059499 -5.77848405e-05 0.00450000539
v -1.09728426e-05 -7.52769411e-05 0.00409999862
v -1.09728426e-05 -7.52769411e-05 0.00450000539
v 0.000110156834 -0.000104688108 0.00409999862
v 0.000110156834 -0.000104688108 0.00450000539
v 0.000223221257 -0.00014622137 0.00409999862
v 0.000223221257 -0.00014622137 0.00450000539
v 0.000327121466 -0.00020009093 0.00409999862
v 0.000327121466 -0.00020009093 0.00450000539
v 0.000420749187 -0.000266499817 0.00409999862
v 0.000420749187 -0.000266499817 0.00450000539
v 0.000503003597 -0.000345660374 0.00409999862
v 0.000503003597 -0.000345660374 0.00450000539
v 0.000572778285 -0.000437777489 0.00409999862
v 0.000572778285 -0.000437777489 0.00450000539
v 0.000628968701 -0.000543063506 0.00409999862
v 0.000628968701 -0.000543063506 0.00450000539
v 0.00067047216 -0.000661723316 0.00409999862
v 0.00067047216 -0.000661723316 0.00450000539
v 0.000696184114 -0.000793965533 0.00409999862
v 0.000696184114 -0.000793965533 0.00450000539
v 0.000705000013 -0.000940000638 0.00409999862
v 0.000705000013 -0.000940000638 0.00450000539
v 0.000705000013 -0.00232600048 0.00409999862
v 0.000705000013 -0.00232600048 0.00450000539
v 0.000705746934 -0.00235014223 0.00409999862
v 0.000705746934 -0.00235014223 0.00450000539
v 0.000707970932 -0.00237163901 0.00409999862
v 0.000707970932 -0.00237163901 0.00450000539
v 0.000711655244 -0.00239059329 0.00409999862
v 0.000711655244 -0.00239059329 0.00450000539
v 0.000716777518 -0.00240711123 0.00409999862
v 0.000716777518 -0.00240711123 0.00450000539
v 0.000723315403 -0.00242129527 0.00409999862
v 0.000723315403 -0.00242129527 0.00450000539
v 0.000731250271 -0.00243324973 0.00409999862
v 0.000731250271 -0.00243324973 0.00450000539
v 0.000740557909 -0.00244308077 0.00409999862
v 0.000740557909 -0.00244308077 0.00450000539
v 0.000751221552 -0.00245088898 0.00409999862
v 0.000751221552 -0.00245088898 0.00450000539
v 0.00076321885 -0.00245678052 0.00409999862
v 0.00076321885 -0.00245678052 0.00450000539
v 0.000776527449 -0.00246086158 0.00409999862
v 0.000776527449 -0.00246086158 0.00450000539
v 0.000791128725 -0.00246323273 0.00409999862
v 0.000791128725 -0.00246323273 0.00450000539
v 0.000807000324 -0.00246400014 0.00409999862
v 0.000807000324 -0.00246400014 0.00450000539
v 0.000821599737 -0.00246288627 0.00409999862
v 0.000821599737 -0.00246288627 0.00450000539
v 0.000838305801 -0.0024595838 0.00409999862
v 0.000838305801 -0.0024595838 0.00450000539
v 0.000856967643 -0.00245415606 0.00409999862
v 0.000856967643 -0.00245415606 0.00450000539
v 0.000877443701 -0.00244666636 0.00409999862
v 0.000877443701 -0.00244666636 0.00450000539
v 0.000899586827 -0.00243717805 0.00409999862
v 0.000899586827 -0.00243717805 0.00450000539
v 0.000923249871 -0.00242575072 0.00409999862
v 0.000923249871 -0.00242575072 0.00450000539
v 0.000948287547 -0.00241244771 0.00409999862
v 0.000948287547 -0.00241244771 0.00450000539
v 0.000974554569 -0.0023973342 0.00409999862
v 0.000974554569 -0.0023973342 0.00450000539
v 0.00100190565 -0.00238046981 0.00409999862
v 0.00100190565 -0.00238046981 0.00450000539
v 0.00103019364 -0.00236191601 0.00409999862
v 0.00103019364 -0.00236191601 0.00450000539
v 0.00105927326 -0.00234173983 0.00409999862
v 0.00105927326 -0.00234173983 0.00450000539
v 0.00108899921 -0.0023200009 0.00409999862
v 0.00108899921 -0.0023200009 0.00450000539
v 0.00108899921 -0.00264400057 0.00409999862
v 0.00108899921 -0.00264400057 0.00450000539
v 5.84442168e-05 -0.00150709413 0.00409999862
v 5.84442168e-05 -0.00150709413 0.00450000539
v -5.04441559e-05 -0.00154674985 0.00409999862
v -5.04441559e-05 -0.00154674985 0.00450000539
v -0.000154500827 -0.0015875306 0.00409999862
v -0.000154500827 -0.0015875306 0.00450000539
v -0.000252556056 -0.00163000077 0.00409999862
v -0.000252556056 -0.00163000077 0.00450000539
v -0.000343443826 -0.00167471915 0.00409999862
v -0.000343443826 -0.00167471915 0.00450000539
v -0.000425999984 -0.00172225013 0.00409999862
v -0.000425999984 -0.00172225013 0.00450000539
v -0.000499056652 -0.00177315623 0.00409999862
v -0.000499056652 -0.00177315623 0.00450000539
v -0.000561444089 -0.00182799995 0.00409999862
v -0.000561444089 -0.00182799995 0.00450000539
v -0.000612000003 -0.00188734382 0.00409999862
v -0.000612000003 -0.00188734382 0.00450000539
v -0.000649556518 -0.00195175037 0.00409999862
v -0.000649556518 -0.00195175037 0.00450000539
v -0.00067294389 -0.0020217821 0.00409999862
v -0.00067294389 -0.0020217821 0.00450000539
v -0.00068099983 -0.00209799968 0.00409999862
v -0.00068099983 -0.00209799968 0.00450000539
v -0.000677684322 -0.00215207227 0.00409999862
v -0.000677684322 -0.00215207227 0.00450000539
v -0.00066797249 -0.00220308267 0.00409999862
v -0.00066797249 -0.00220308267 0.00450000539
v -0.000652218238 -0.00225071982 0.00409999862
v -0.000652218238 -0.00225071982 0.00450000539
v -0.000630777329 -0.00229466707 0.00409999862
v -0.000630777329 -0.00229466707 0.00450000539
v -0.000604003668 -0.00233461522 0.00409999862
v -0.000604003668 -0.00233461522 0.00450000539
v -0.000572251156 -0.00237024948 0.00409999862
v -0.000572251156 -0.00237024948 0.00450000539
v -0.000535871834 -0.00240126066 0.00409999862
v -0.000535871834 -0.00240126066 0.00450000539
v -0.000495223328 -0.00242733397 0.00409999862
v -0.000495223328 -0.00242733397 0.00450000539
v -0.000450655818 -0.00244815648 0.00409999862
v -0.000450655818 -0.00244815648 0.00450000539
v -0.000402528793 -0.00246341713 0.00409999862
v -0.000402528793 -0.00246341713 0.00450000539
v -0.000351190567 -0.002472803 0.00409999862
v -0.000351190567 -0.002472803 0.00450000539
v -0.000297000632 -0.0024759993 0.00409999862
v -0.000297000632 -0.0024759993 0.00450000539
v -0.000255249441 -0.00247426704 0.00409999862
v -0.000255249441 -0.00247426704 0.00450000539
v -0.000214001164 -0.00246913917 0.00409999862
v -0.000214001164 -0.00246913917 0.00450000539
v -0.000173250213 -0.00246071815 0.00409999862
v -0.000173250213 -0.00246071815 0.00450000539
v -0.000133000314 -0.00244911201 0.00409999862
v -0.000133000314 -0.00244911201 0.00450000539
v -9.32496041e-05 -0.00243441947 0.00409999862
v -9.32496041e-05 -0.00243441947 0.00450000539
v -5.39999455e-05 -0.00241675042 0.00409999862
v -5.39999455e-05 -0.00241675042 0.00450000539
v -1.52494758e-05 -0.00239620544 0.00409999862
v -1.52494758e-05 -0.00239620544 0.00450000539
v 2.29999423e-05 -0.00237288885 0.00409999862
v 2.29999423e-05 -0.00237288885 0.00450000539
v 6.07501715e-05 -0.00234690681 0.00409999862
v 6.07501715e-05 -0.00234690681 0.00450000539
v 9.79993492e-05 -0.00231836177 0.00409999862
v 9.79993492e-05 -0.00231836177 0.00450000539
v 0.000134749338 -0.00228735805 0.00409999862
v 0.000134749338 -0.00228735805 0.00450000539
v 0.000171000138 -0.00225399993 0.00409999862
v 0.000171000138 -0.00225399993 0.00450000539
v 0.000171000138 -0.00146800093 0.00409999862
v 0.000171000138 -0.00146800093 0.00450000539
v 0.00346854888 -0.00075995177 0.00409999862
v 0.00346854888 -0.00075995177 0.00450000539
v 0.00339788944 -0.000717611983 0.00409999862
v 0.00339788944 -0.000717611983 0.00450000539
v 0.00333056226 -0.000680686906 0.00409999862
v 0.00333056226 -0.000680686906 0.00450000539
v 0.00326611102 -0.000648889691 0.00409999862
v 0.00326611102 -0.000648889691 0.00450000539
v 0.00320407655 -0.000621924177 0.00409999862
v 0.00320407655 -0.000621924177 0.00450000539
v 0.00314399973 -0.000599499792 0.00409999862
v 0.00314399973 -0.000599499792 0.00450000539
v 0.00308542326 -0.000581325963 0.00409999862
v 0.00308542326 -0.000581325963 0.00450000539
v 0.00302788895 -0.000567112118 0.00409999862
v 0.00302788895 -0.000567112118 0.00450000539
v 0.00297093764 -0.000556562096 0.00409999862
v 0.00297093764 -0.000556562096 0.00450000539
v 0.00291411113 -0.000549389049 0.00409999862
v 0.00291411113 -0.000549389049 0.00450000539
v 0.00285695121 -0.000545298681 0.00409999862
v 0.00285695121 -0.000545298681 0.00450000539
v 0.00279900059 -0.000544000417 0.00409999862
v 0.00279900059 -0.000544000417 0.00450000539
v 0.00268073194 -0.000551518053 0.00409999862
v 0.00268073194 -0.000551518053 0.00450000539
v 0.00256936066 -0.000573638827 0.00409999862
v 0.00256936066 -0.000573638827 0.00450000539
v 0.00246553123 -0.000609718263 0.00409999862
v 0.00246553123 -0.000609718263 0.00450000539
v 0.00236988813 -0.000659111887 0.00409999862
v 0.00236988813 -0.000659111887 0.00450000539
v 0.00228307955 -0.000721169636 0.00409999862
v 0.00228307955 -0.000721169636 0.00450000539
v 0.00220574997 -0.000795250759 0.00409999862
v 0.00220574997 -0.000795250759 0.00450000539
v 0.00213854481 -0.000880705193 0.00409999862
v 0.00213854481 -0.000880705193 0.00450000539
v 0.00208211131 -0.000976888463 0.00409999862
v 0.00208211131 -0.000976888463 0.00450000539
v 0.00203709304 -0.00108315609 0.00409999862
v 0.00203709304 -0.00108315609 0.00450000539
v 0.00200413913 -0.00119886175 0.00409999862
v 0.00200413913 -0.00119886175 0.00450000539
v 0.00198389217 -0.00132335722 0.00409999862
v 0.00198389217 -0.00132335722 0.00450000539
v 0.00197700039 -0.00145599991 0.00409999862
v 0.00197700039 -0.00145599991 0.00450000539
v 0.00198440254 -0.00159080885 0.00409999862
v 0.00198440254 -0.00159080885 0.00450000539
v 0.00200622156 -0.00171597302 0.00409999862
v 0.00200622156 -0.00171597302 0.00450000539
v 0.00204187445 -0.0018310938 0.00409999862
v 0.00204187445 -0.0018310938 0.00450000539
v 0.00209077727 -0.00193577819 0.00409999862
v 0.00209077727 -0.00193577819 0.00450000539
v 0.00215234701 -0.00202962942 0.00409999862
v 0.00215234701 -0.00202962942 0.00450000539
v 0.00222599972 -0.00211225078 0.00409999862
v 0.00222599972 -0.00211225078 0.00450000539
v 0.00231115241 -0.00218324736 0.00409999862
v 0.00231115241 -0.00218324736 0.00450000539
v 0.00240722205 -0.00224222243 0.00409999862
v 0.00240722205 -0.00224222243 0.00450000539
v 0.00251362473 -0.00228878111 0.00409999862
v 0.00251362473 -0.00228878111 0.00450000539
v 0.00262977742 -0.00232252851 0.00409999862
v 0.00262977742 -0.00232252851 0.00450000539
v 0.00275509711 -0.00234306604 0.00409999862
v 0.00275509711 -0.00234306604 0.00450000539
v 0.00288899988 -0.00235000066 0.00409999862
v 0.00288899988 -0.00235000066 0.00450000539
v 0.0029457882 -0.00234875083 0.00409999862
v 0.0029457882 -0.00234875083 0.00450000539
v 0.00300230552 -0.00234499946 0.00409999862
v 0.00300230552 -0.00234499946 0.00450000539
v 0.00305878185 -0.00233875029 0.00409999862
v 0.00305878185 -0.00233875029 0.00450000539
v 0.00311544444 -0.00232999958 0.00409999862
v 0.00311544444 -0.00232999958 0.00450000539
v 0.00317252427 -0.00231875107 0.00409999862
v 0.00317252427 -0.00231875107 0.00450000539
v 0.00323025044 -0.00230500102 0.00409999862
v 0.00323025044 -0.00230500102 0.00450000539
v 0.00328885112 -0.00228874944 0.00409999862
v 0.00328885112 -0.00228874944 0.00450000539
v 0.00334855542 -0.00227000006 0.00409999862
v 0.00334855542 -0.00227000006 0.00450000539
v 0.0034095943 -0.002248751 0.00409999862
v 0.0034095943 -0.002248751 0.00450000539
v 0.00347219408 -0.00222500041 0.00409999862
v 0.00347219408 -0.00222500041 0.00450000539
v 0.00353658665 -0.00219875015 0.00409999862
v 0.00353658665 -0.00219875015 0.00450000539
v 0.00360300019 -0.00217000023 0.00409999862
v 0.00360300019 -0.00217000023 0.00450000539
v 0.00360300019 -0.00269800052 0.00409999862
v 0.00360300019 -0.00269800052 0.00450000539
v 0.00355475396 -0.002718715 0.00409999862
v 0.00355475396 -0.002718715 0.00450000539
v 0.0035005277 -0.00273872167 0.00409999862
v 0.0035005277 -0.00273872167 0.00450000539
v 0.00344109349 -0.00275781192 0.00409999862
v 0.00344109349 -0.00275781192 0.00450000539
v 0.00337722246 -0.00277577713 0.00409999862
v 0.00337722246 -0.00277577713 0.00450000539
v 0.00330968387 -0.00279241055 0.00409999862
v 0.00330968387 -0.00279241055 0.00450000539
v 0.00323924981 -0.00280749984 0.00409999862
v 0.00323924981 -0.00280749984 0.00450000539
v 0.0031666914 -0.00282084011 0.00409999862
v 0.0031666914 -0.00282084011 0.00450000539
v 0.00309277792 -0.00283222273 0.00409999862
v 0.00309277792 -0.00283222273 0.00450000539
v 0.00301828142 -0.00284143724 0.00409999862
v 0.00301828142 -0.00284143724 0.00450000539
v 0.00294397213 -0.00284827873 0.00409999862
v 0.00294397213 -0.00284827873 0.00450000539
v 0.00287062116 -0.00285253488 0.00409999862
v 0.00287062116 -0.00285253488 0.00450000539
v 0.00279900059 -0.00285400078 0.00409999862
v 0.00279900059 -0.00285400078 0.00450000539
v 0.00260318723 -0.00284256227 0.00409999862
v 0.00260318723 -0.00284256227 0.00450000539
v 0.00241849944 -0.00280899927 0.00409999862
v 0.00241849944 -0.00280899927 0.00450000539
v 0.00224606227 -0.00275443867 0.00409999862
v 0.00224606227 -0.00275443867 0.00450000539
v 0.00208699983 -0.00267999992 0.00409999862
v 0.00208699983 -0.00267999992 0.00450000539
v 0.00194243714 -0.00258681178 0.00409999862
v 0.00194243714 -0.00258681178 0.00450000539
v 0.00181349926 -0.0024759993 0.00409999862
v 0.00181349926 -0.0024759993 0.00450000539
v 0.00170131214 -0.0023486875 0.00409999862
v 0.00170131214 -0.0023486875 0.00450000539
v 0.00160699897 -0.00220599957 0.00409999862
v 0.00160699897 -0.00220599957 0.00450000539
v 0.00153168663 -0.0020490624 0.00409999862
v 0.00153168663 -0.0020490624 0.00450000539
v 0.00147650018 -0.00187900104 0.00409999862
v 0.00147650018 -0.00187900104 0.00450000539
v 0.00144256279 -0.00169693679 0.00409999862
v 0.00144256279 -0.00169693679 0.00450000539
v 0.00143099949 -0.00150400028 0.00409999862
v 0.00143099949 -0.00150400028 0.00450000539
v 0.00144162588 -0.00128888898 0.00409999862
v 0.00144162588 -0.00128888898 0.00450000539
v 0.00147300027 -0.00108811073 0.00409999862
v 0.00147300027 -0.00108811073 0.00450000539
v 0.00152437575 -0.000902500004 0.00409999862
v 0.00152437575 -0.000902500004 0.00450000539
v 0.00159499981 -0.000732889399 0.00409999862
v 0.00159499981 -0.000732889399 0.00450000539
v 0.00168412551 -0.000580111519 0.00409999862
v 0.00168412551 -0.000580111519 0.00450000539
v 0.00179100037 -0.000445000827 0.00409999862
v 0.00179100037 -0.000445000827 0.00450000539
v 0.00191487558 -0.000328388065 0.00409999862
v 0.00191487558 -0.000328388065 0.00450000539
v 0.00205500051 -0.000231111422 0.00409999862
v 0.00205500051 -0.000231111422 0.00450000539
v 0.00221062452 -0.000153999776 0.00409999862
v 0.00221062452 -0.000153999776 0.00450000539
v 0.00238099974 -9.78894532e-05 0.00409999862
v 0.00238099974 -9.78894532e-05 0.00450000539
v 0.0025653746 -6.36111945e-05 0.00409999862
v 0.0025653746 -6.36111945e-05 0.00450000539
v 0.00276300032 -5.19994646e-05 0.00409999862
v 0.00276300032 -5.19994646e-05 0.00450000539
v 0.00283896178 -5.34821302e-05 0.00409999862
v 0.00283896178 -5.34821302e-05 0.00450000539
v 0.00291119516 -5.78612089e-05 0.00409999862
v 0.00291119516 -5.78612089e-05 0.00450000539
v 0.0029802192 -6.50305301e-05 0.00409999862
v 0.0029802192 -6.50305301e-05 0.00450000539
v 0.00304655544 -7.48895109e-05 0.00409999862
v 0.00304655544 -7.48895109e-05 0.00450000539
v 0.00311072543 -8.73301178e-05 0.00409999862
v 0.00311072543 -8.73301178e-05 0.00450000539
v 0.00317325071 -0.000102249905 0.00409999862
v 0.00317325071 -0.000102249905 0.00450000539
v 0.00323464908 -0.000119544566 0.00409999862
v 0.00323464908 -0.000119544566 0.00450000539
v 0.00329544488 -0.000139111653 0.00409999862
v 0.00329544488 -0.000139111653 0.00450000539
v 0.00335615687 -0.000160843134 0.00409999862
v 0.00335615687 -0.000160843134 0.00450000539
v 0.00341730565 -0.000184638426 0.00409999862
v 0.00341730565 -0.000184638426 0.00450000539
v 0.00347941369 -0.00021039322 0.00409999862
v 0.00347941369 -0.00021039322 0.00450000539
v 0.00354299974 -0.000237999484 0.00409999862
v 0.00354299974 -0.000237999484 0.00450000539
v 0.00354299974 -0.000808000565 0.00409999862
v 0.00354299974 -0.000808000565 0.00450000539
v 0.00636051409 -0.00258763134 0.00409999862
v 0.00636051409 -0.00258763134 0.00450000539
v 0.00628061034 -0.0026345551 0.00409999862
v 0.00628061034 -0.0026345551 0.00450000539
v 0.00620062463 -0.00267681293 0.00409999862
v 0.00620062463 -0.00267681293 0.00450000539
v 0.00611988828 -0.00271444395 0.00409999862
v 0.00611988828 -0.00271444395 0.00450000539
v 0.00603773631 -0.00274749286 0.00409999862
v 0.00603773631 -0.00274749286 0.00450000539
v 0.00595350005 -0.00277600065 0.00409999862
v 0.00595350005 -0.00277600065 0.00450000539
v 0.00586651359 -0.00280000828 0.00409999862
v 0.00586651359 -0.00280000828 0.00450000539
v 0.00577611104 -0.00281955674 0.00409999862
v 0.00577611104 -0.00281955674 0.00450000539
v 0.00568162464 -0.00283468887 0.00409999862
v 0.00568162464 -0.00283468887 0.00450000539
v 0.00558238849 -0.00284544565 0.00409999862
v 0.00558238849 -0.00284544565 0.00450000539
v 0.00547773577 -0.00285186805 0.00409999862
v 0.00547773577 -0.00285186805 0.00450000539
v 0.00536699966 -0.00285400078 0.00409999862
v 0.00536699966 -0.00285400078 0.00450000539
v 0.0051648058 -0.00283999369 0.00409999862
v 0.0051648058 -0.00283999369 0.00450000539
v 0.00497844443 -0.0027994439 0.00409999862
v 0.00497844443 -0.0027994439 0.00450000539
v 0.00480824988 -0.00273456238 0.00409999862
v 0.00480824988 -0.00273456238 0.00450000539
v 0.00465455558 -0.00264755636 0.00409999862
v 0.00465455558 -0.00264755636 0.00450000539
v 0.00451769494 -0.00254063122 0.00409999862
v 0.00451769494 -0.00254063122 0.00450000539
v 0.0043979995 -0.00241599977 0.00409999862
v 0.0043979995 -0.00241599977 0.00450000539
v 0.00429580547 -0.00227586739 0.00409999862
v 0.00429580547 -0.00227586739 0.00450000539
v 0.00421144441 -0.00212244503 0.00409999862
v 0.00421144441 -0.00212244503 0.00450000539
v 0.00414524972 -0.00195793808 0.00409999862
v 0.00414524972 -0.00195793808 0.00450000539
v 0.00409755576 -0.00178455561 0.00409999862
v 0.00409755576 -0.00178455561 0.00450000539
v 0.00406869501 -0.00160450675 0.00409999862
v 0.00406869501 -0.00160450675 0.00450000539
v 0.00405899994 -0.00142000057 0.00409999862
v 0.00405899994 -0.00142000057 0.00450000539
v 0.00406958349 -0.00122166611 0.00409999862
v 0.00406958349 -0.00122166611 0.00450000539
v 0.00410066731 -0.00103533268 0.00409999862
v 0.00410066731 -0.00103533268 0.00450000539
v 0.00415125024 -0.00086200051 0.00409999862
v 0.00415125024 -0.00086200051 0.00450000539
v 0.00422033295 -0.000702666119 0.00409999862
v 0.00422033295 -0.000702666119 0.00450000539
v 0.00430691615 -0.000558333471 0.00409999862
v 0.00430691615 -0.000558333471 0.00450000539
v 0.00441000052 -0.000429999083 0.00409999862
v 0.00441000052 -0.000429999083 0.00450000539
v 0.00452858396 -0.00031866692 0.00409999862
v 0.00452858396 -0.00031866692 0.00450000539
v 0.00466166623 -0.000225333497 0.00409999862
v 0.00466166623 -0.000225333497 0.00450000539
v 0.00480824988 -0.000151000917 0.00409999862
v 0.00480824988 -0.000151000917 0.00450000539
v 0.00496733375 -9.6667558e-05 0.00409999862
v 0.00496733375 -9.6667558e-05 0.00450000539
v 0.00513791665 -6.33336604e-05 0.00409999862
v 0.00513791665 -6.33336604e-05 0.00450000539
v 0.00531900022 -5.19994646e-05 0.00409999862
v 0.00531900022 -5.19994646e-05 0.00450000539
v 0.00549201109 -6.21397048e-05 0.00409999862
v 0.00549201109 -6.21397048e-05 0.00450000539
v 0.00565358344 -9.26107168e-05 0.00409999862
v 0.00565358344 -9.26107168e-05 0.00450000539
v 0.00580303185 -0.000143500045 0.00409999862
v 0.00580303185 -0.000143500045 0.00450000539
v 0.00593966618 -0.000214889646 0.00409999862
v 0.00593966618 -0.000214889646 0.00450000539
v 0.00606280193 -0.000306861475 0.00409999862
v 0.00606280193 -0.000306861475 0.00450000539
v 0.0061717499 -0.000419499353 0.00409999862
v 0.0061717499 -0.000419499353 0.00450000539
v 0.0062658228 -0.00055288896 0.00409999862
v 0.0062658228 -0.00055288896 0.00450000539
v 0.00634433329 -0.000707112253 0.00409999862
v 0.00634433329 -0.000707112253 0.00450000539
v 0.00640659407 -0.000882249326 0.00409999862
v 0.00640659407 -0.000882249326 0.00450000539
v 0.00645191595 -0.00107838959 0.00409999862
v 0.00645191595 -0.00107838959 0.00450000539
v 0.00647961441 -0.00129561126 0.00409999862
v 0.00647961441 -0.00129561126 0.00450000539
v 0.00648899935 -0.00153400004 0.00409999862
v 0.00648899935 -0.00153400004 0.00450000539
v 0.00459299982 -0.00153400004 0.00409999862
v 0.00459299982 -0.00153400004 0.00450000539
v 0.00461861864 -0.00166211464 0.00409999862
v 0.00461861864 -0.00166211464 0.00450000539
v 0.00465344451 -0.00177941658 0.00409999862
v 0.00465344451 -0.00177941658 0.00450000539
v 0.0046974374 -0.00188584439 0.00409999862
v 0.0046974374 -0.00188584439 0.00450000539
v 0.00475055538 -0.0019813329 0.00409999862
v 0.00475055538 -0.0019813329 0.00450000539
v 0.00481275655 -0.00206582248 0.00409999862
v 0.00481275655 -0.00206582248 0.00450000539
v 0.004883999 -0.00213924982 0.00409999862
v 0.004883999 -0.00213924982 0.00450000539
v 0.00496424269 -0.00220155157 0.00409999862
v 0.00496424269 -0.00220155157 0.00450000539
v 0.00505344383 -0.00225266628 0.00409999862
v 0.00505344383 -0.00225266628 0.00450000539
v 0.00515156239 -0.00229253061 0.00409999862
v 0.00515156239 -0.00229253061 0.00450000539
v 0.00525855552 -0.0023210831 0.00409999862
v 0.00525855552 -0.0023210831 0.00450000539
v 0.00537438132 -0.00233826041 0.00409999862
v 0.00537438132 -0.00233826041 0.00450000539
v 0.00549899973 -0.00234400108 0.00409999862
v 0.00549899973 -0.00234400108 0.00450000539
v 0.00557963923 -0.0023415219 0.00409999862
v 0.00557963923 -0.0023415219 0.00450000539
v 0.00565961096 -0.00233416632 0.00409999862
v 0.00565961096 -0.00233416632 0.00450000539
v 0.00573899969 -0.00232206285 0.00409999862
v 0.00573899969 -0.00232206285 0.00450000539
v 0.0058178883 -0.00230533443 0.00409999862
v 0.0058178883 -0.00230533443 0.00450000539
v 0.00589636154 -0.002284104 0.00409999862
v 0.00589636154 -0.002284104 0.00450000539
v 0.00597449951 -0.00225850008 0.00409999862
v 0.00597449951 -0.00225850008 0.00450000539
v 0.00605238881 -0.00222864561 0.00409999862
v 0.00605238881 -0.00222864561 0.00450000539
v 0.00613011047 -0.00219466724 0.00409999862
v 0.00613011047 -0.00219466724 0.00450000539
v 0.00620774925 -0.0021566879 0.00409999862
v 0.00620774925 -0.0021566879 0.00450000539
v 0.00628538802 -0.00211483426 0.00409999862
v 0.00628538802 -0.00211483426 0.00450000539
v 0.00636311062 -0.00206922926 0.00409999862
v 0.00636311062 -0.00206922926 0.00450000539
v 0.00644099899 -0.00201999955 0.00409999862
v 0.00644099899 -0.00201999955 0.00450000539
v 0.00644099899 -0.00253600068 0.00409999862
v 0.00644099899 -0.00253600068 0.00450000539
v 0.0059520416 -0.00108118728 0.00409999862
v 0.0059520416 -0.00108118728 0.00450000539
v 0.00593433343 -0.000988999382 0.00409999862
v 0.00593433343 -0.000988999382 0.00450000539
v 0.00590812508 -0.000903813168 0.00409999862
v 0.00590812508 -0.000903813168 0.00450000539
v 0.00587366708 -0.000825999305 0.00409999862
v 0.00587366708 -0.000825999305 0.00450000539
v 0.00583120808 -0.00075593777 0.00409999862
v 0.00583120808 -0.00075593777 0.00450000539
v 0.00578099955 -0.000693999231 0.00409999862
v 0.00578099955 -0.000693999231 0.00450000539
v 0.00572329108 -0.000640561804 0.00409999862
v 0.00572329108 -0.000640561804 0.00450000539
v 0.00565833226 -0.000595999882 0.00409999862
v 0.00565833226 -0.000595999882 0.00450000539
v 0.00558637455 -0.000560687855 0.00409999862
v 0.00558637455 -0.000560687855 0.00450000539
v 0.00550766662 -0.000535000116 0.00409999862
v 0.00550766662 -0.000535000116 0.00450000539
v 0.00542245805 -0.000519312918 0.00409999862
v 0.00542245805 -0.000519312918 0.00450000539
v 0.00533100031 -0.000514000654 0.00409999862
v 0.00533100031 -0.000514000654 0.00450000539
v 0.00523238163 -0.000518968329 0.00409999862
v 0.00523238163 -0.000518968329 0.00450000539
v 0.00514055509 -0.000533750281 0.00409999862
v 0.00514055509 -0.000533750281 0.00450000539
v 0.00505556166 -0.00055815652 0.00409999862
v 0.00505556166 -0.00055815652 0.00450000539
v 0.00497744419 -0.000592000782 0.00409999862
v 0.00497744419 -0.000592000782 0.00450000539
v 0.00490624271 -0.000635093078 0.00409999862
v 0.00490624271 -0.000635093078 0.00450000539
v 0.00484200008 -0.000687250867 0.00409999862
v 0.00484200008 -0.000687250867 0.00450000539
v 0.00478475634 -0.000748280436 0.00409999862
v 0.00478475634 -0.000748280436 0.00450000539
v 0.00473455526 -0.000817999244 0.00409999862
v 0.00473455526 -0.000817999244 0.00450000539
v 0.00469143689 -0.000896219164 0.00409999862
v 0.00469143689 -0.000896219164 0.00450000539
v 0.00465544313 -0.000982750207 0.00409999862
v 0.00465544313 -0.000982750207 0.00450000539
v 0.00462661684 -0.00107740611 0.00409999862
v 0.00462661684 -0.00107740611 0.00450000539
v 0.00460499898 -0.0011800006 0.00409999862
v 0.00460499898 -0.0011800006 0.00450000539
v 0.00596099999 -0.0011800006 0.00409999862
v 0.00596099999 -0.0011800006 0.00450000539
usemtl screen_white_text_003
f 187 189 188
f 187 190 189
f 186 190 187
f 186 191 190
f 185 191 186
f 185 192 191
f 184 192 185
f 184 193 192
f 183 193 184
f 183 194 193
f 182 194 183
f 182 195 194
f 181 238 182
f 238 195 182
f 181 239 238
f 237 195 238
f 181 240 239
f 236 195 237
f 181 241 240
f 235 195 236
f 235 196 195
f 181 242 241
f 180 242 181
f 234 196 235
f 180 243 242
f 233 196 234
f 180 244 243
f 232 196 233
f 180 245 244
f 231 196 232
f 179 245 180
f 231 197 196
f 179 246 245
f 230 197 231
f 179 247 246
f 229 197 230
f 178 247 179
f 229 198 197
f 178 248 247
f 228 198 229
f 178 249 248
f 227 198 228
f 177 249 178
f 177 250 249
f 227 199 198
f 251 199 227
f 177 251 250
f 177 199 251
f 176 199 177
f 176 200 199
f 175 201 176
f 201 200 176
f 175 202 201
f 174 202 175
f 174 203 202
f 174 204 203
f 173 204 174
f 173 205 204
f 172 205 173
f 172 206 205
f 224 226 225
f 172 207 206
f 223 226 224
f 222 226 223
f 171 207 172
f 171 208 207
f 221 226 222
f 220 226 221
f 171 209 208
f 219 226 220
f 171 210 209
f 218 226 219
f 170 210 171
f 217 226 218
f 170 211 210
f 216 226 217
f 170 212 211
f 215 226 216
f 214 226 215
f 170 213 212
f 213 226 214
f 170 226 213
f 169 226 170
f 169 153 226
f 168 153 169
f 168 154 153
f 168 155 154
f 167 155 168
f 167 156 155
f 167 157 156
f 166 157 167
f 166 158 157
f 166 159 158
f 165 159 166
f 165 160 159
f 165 161 160
f 165 162 161
f 164 162 165
f 164 163 162
f 335 337 336
f 335 338 337
f 335 339 338
f 334 339 335
f 334 340 339
f 334 341 340
f 334 342 341
f 333 342 334
f 333 343 342
f 333 344 343
f 333 345 344
f 332 345 333
f 332 346 345
f 332 347 346
f 332 348 347
f 331 348 332
f 331 259 348
f 259 258 348
f 258 257 348
f 257 256 348
f 256 255 348
f 255 254 348
f 254 253 348
f 253 252 348
f 252 349 348
f 330 261 331
f 261 260 331
f 260 259 331
f 329 263 330
f 263 262 330
f 262 261 330
f 329 264 263
f 329 265 264
f 329 266 265
f 328 266 329
f 328 267 266
f 328 268 267
f 328 269 268
f 327 269 328
f 327 270 269
f 327 271 270
f 326 271 327
f 326 272 271
f 326 273 272
f 325 273 326
f 325 274 273
f 324 274 325
f 324 275 274
f 324 276 275
f 323 276 324
f 323 277 276
f 322 277 323
f 322 278 277
f 322 279 278
f 321 279 322
f 321 280 279
f 321 281 280
f 320 281 321
f 320 282 281
f 298 300 299
f 320 283 282
f 297 300 298
f 319 283 320
f 296 300 297
f 319 284 283
f 295 300 296
f 294 300 295
f 293 300 294
f 319 285 284
f 292 300 293
f 291 300 292
f 319 286 285
f 290 300 291
f 289 300 290
f 319 287 286
f 288 300 289
f 318 287 319
f 287 300 288
f 318 300 287
f 317 300 318
f 316 300 317
f 315 300 316
f 315 301 300
f 315 302 301
f 315 303 302
f 314 303 315
f 314 304 303
f 314 305 304
f 314 306 305
f 314 307 306
f 313 307 314
f 313 308 307
f 313 309 308
f 313 310 309
f 312 310 313
f 312 311 310
f 447 449 448
f 446 449 447
f 446 450 449
f 445 450 446
f 444 450 445
f 444 451 450
f 443 451 444
f 443 452 451
f 442 452 443
f 441 452 442
f 441 453 452
f 440 453 441
f 440 454 453
f 439 454 440
f 438 454 439
f 438 455 454
f 437 455 438
f 437 456 455
f 436 456 437
f 435 434 436
f 434 433 436
f 433 432 436
f 432 431 436
f 431 430 436
f 430 429 436
f 429 428 436
f 428 427 436
f 427 426 436
f 426 425 436
f 425 456 436
f 425 424 456
f 424 423 456
f 423 457 456
f 423 422 457
f 422 458 457
f 421 458 422
f 420 458 421
f 419 458 420
f 418 458 419
f 417 458 418
f 417 459 458
f 416 459 417
f 415 459 416
f 414 459 415
f 414 460 459
f 413 460 414
f 412 460 413
f 412 461 460
f 411 461 412
f 410 461 411
f 409 523 410
f 523 461 410
f 408 523 409
f 407 523 408
f 406 523 407
f 405 523 406
f 405 487 523
f 522 461 523
f 405 488 487
f 404 488 405
f 404 489 488
f 403 489 404
f 403 490 489
f 402 490 403
f 402 491 490
f 402 492 491
f 401 492 402
f 401 493 492
f 400 493 401
f 400 494 493
f 400 495 494
f 399 495 400
f 399 496 495
f 399 497 496
f 398 497 399
f 398 498 497
f 397 498 398
f 397 499 498
f 397 500 499
f 396 500 397
f 396 501 500
f 396 502 501
f 521 461 522
f 395 502 396
f 520 461 521
f 395 503 502
f 519 461 520
f 484 486 485
f 519 462 461
f 395 504 503
f 483 486 484
f 518 462 519
f 518 463 462
f 482 486 483
f 394 504 395
f 394 505 504
f 518 464 463
f 517 464 518
f 481 486 482
f 517 465 464
f 516 465 517
f 480 486 481
f 394 506 505
f 516 466 465
f 479 486 480
f 515 466 516
f 515 467 466
f 478 486 479
f 394 507 506
f 515 468 467
f 514 468 515
f 477 486 478
f 514 469 468
f 393 507 394
f 476 486 477
f 393 508 507
f 513 469 514
f 513 470 469
f 475 486 476
f 513 471 470
f 474 486 475
f 512 471 513
f 512 472 471
f 473 486 474
f 512 473 472
f 393 509 508
f 512 486 473
f 511 486 512
f 393 510 509
f 510 486 511
f 393 373 510
f 373 486 510
f 392 373 393
f 392 374 373
f 372 486 373
f 391 374 392
f 391 375 374
f 371 486 372
f 371 350 486
f 390 375 391
f 390 376 375
f 370 350 371
f 370 351 350
f 390 377 376
f 369 351 370
f 389 377 390
f 369 352 351
f 389 378 377
f 368 352 369
f 368 353 352
f 388 378 389
f 388 379 378
f 367 353 368
f 367 354 353
f 388 380 379
f 366 354 367
f 366 355 354
f 387 380 388
f 387 381 380
f 365 355 366
f 365 356 355
f 387 382 381
f 365 357 356
f 364 357 365
f 386 382 387
f 364 358 357
f 386 383 382
f 363 358 364
f 363 359 358
f 386 384 383
f 362 359 363
f 385 384 386
f 362 360 359
f 361 360 362
f 524 600 525
f 600 526 525
f 600 527 526
f 600 528 527
f 600 529 528
f 600 530 529
f 600 531 530
f 600 532 531
f 600 533 532
f 600 599 533
f 599 598 533
f 598 534 533
f 524 601 600
f 597 534 598
f 596 534 597
f 595 534 596
f 594 534 595
f 594 535 534
f 593 535 594
f 592 535 593
f 592 536 535
f 591 536 592
f 590 536 591
f 590 537 536
f 589 537 590
f 588 537 589
f 588 538 537
f 587 538 588
f 586 538 587
f 586 539 538
f 585 539 586
f 585 540 539
f 584 540 585
f 583 540 584
f 583 541 540
f 582 541 583
f 581 541 582
f 581 542 541
f 580 542 581
f 580 543 542
f 579 543 580
f 524 564 601
f 578 543 579
f 524 565 564
f 524 566 565
f 524 562 566
f 562 567 566
f 577 543 578
f 562 568 567
f 562 569 568
f 577 544 543
f 576 544 577
f 562 570 569
f 562 571 570
f 562 572 571
f 575 544 576
f 562 573 572
f 562 574 573
f 562 575 574
f 562 544 575
f 562 545 544
f 562 546 545
f 562 547 546
f 524 563 562
f 561 547 562
f 561 548 547
f 560 548 561
f 559 548 560
f 558 548 559
f 557 548 558
f 557 549 548
f 556 549 557
f 555 549 556
f 554 549 555
f 553 549 554
f 553 550 549
f 552 550 553
f 551 550 552
f 721 723 722
f 721 724 723
f 720 724 721
f 720 725 724
f 720 726 725
f 719 726 720
f 719 727 726
f 719 728 727
f 718 728 719
f 718 729 728
f 718 730 729
f 717 730 718
f 717 731 730
f 717 732 731
f 716 732 717
f 716 733 732
f 716 734 733
f 715 734 716
f 715 609 734
f 609 608 734
f 608 607 734
f 607 606 734
f 606 605 734
f 605 604 734
f 604 603 734
f 603 602 734
f 602 735 734
f 714 611 715
f 611 610 715
f 610 609 715
f 713 612 714
f 612 611 714
f 712 614 713
f 614 613 713
f 613 612 713
f 712 615 614
f 712 616 615
f 712 617 616
f 712 618 617
f 712 619 618
f 711 619 712
f 711 620 619
f 711 621 620
f 711 622 621
f 711 623 622
f 710 623 711
f 710 624 623
f 710 625 624
f 710 626 625
f 709 626 710
f 709 627 626
f 709 628 627
f 709 629 628
f 709 630 629
f 709 631 630
f 708 631 709
f 708 632 631
f 708 633 632
f 708 634 633
f 707 634 708
f 707 635 634
f 707 636 635
f 707 637 636
f 706 637 707
f 706 638 637
f 705 638 706
f 705 639 638
f 705 640 639
f 704 640 705
f 704 641 640
f 703 641 704
f 703 642 641
f 703 643 642
f 702 643 703
f 702 644 643
f 701 644 702
f 701 645 644
f 701 646 645
f 700 646 701
f 700 647 646
f 699 647 700
f 699 648 647
f 698 648 699
f 698 649 648
f 673 675 674
f 698 650 649
f 697 650 698
f 673 676 675
f 696 650 697
f 673 677 676
f 695 650 696
f 695 651 650
f 673 678 677
f 694 651 695
f 673 679 678
f 693 651 694
f 673 680 679
f 692 651 693
f 692 652 651
f 673 681 680
f 691 652 692
f 690 652 691
f 673 682 681
f 689 652 690
f 673 683 682
f 688 652 689
f 673 684 683
f 687 652 688
f 673 685 684
f 686 652 687
f 673 686 685
f 686 653 652
f 673 653 686
f 673 654 653
f 673 655 654
f 672 655 673
f 672 656 655
f 671 656 672
f 670 656 671
f 670 657 656
f 669 657 670
f 668 657 669
f 668 658 657
f 667 658 668
f 667 659 658
f 666 659 667
f 665 659 666
f 665 660 659
f 664 660 665
f 663 660 664
f 663 661 660
f 662 661 663
f 770 771 772
f 770 772 773
f 769 770 773
f 769 773 774
f 768 769 774
f 768 774 775
f 767 768 775
f 767 775 776
f 766 767 776
f 766 776 777
f 765 766 777
f 765 777 778
f 764 765 821
f 821 765 778
f 764 821 822
f 820 821 778
f 764 822 823
f 819 820 778
f 764 823 824
f 818 819 778
f 818 778 779
f 764 824 825
f 763 764 825
f 817 818 779
f 763 825 826
f 816 817 779
f 763 826 827
f 815 816 779
f 763 827 828
f 814 815 779
f 762 763 828
f 814 779 780
f 762 828 829
f 813 814 780
f 762 829 830
f 812 813 780
f 761 762 830
f 812 780 781
f 761 830 831
f 811 812 781
f 761 831 832
f 810 811 781
f 760 761 832
f 760 832 833
f 810 781 782
f 834 810 782
f 760 833 834
f 760 834 782
f 759 760 782
f 759 782 783
f 758 759 784
f 784 759 783
f 758 784 785
f 757 758 785
f 757 785 786
f 757 786 787
f 756 757 787
f 756 787 788
f 755 756 788
f 755 788 789
f 807 808 809
f 755 789 790
f 806 807 809
f 805 806 809
f 754 755 790
f 754 790 791
f 804 805 809
f 803 804 809
f 754 791 792
f 802 803 809
f 754 792 793
f 801 802 809
f 753 754 793
f 800 801 809
f 753 793 794
f 799 800 809
f 753 794 795
f 798 799 809
f 797 798 809
f 753 795 796
f 796 797 809
f 753 796 809
f 752 753 809
f 752 809 736
f 751 752 736
f 751 736 737
f 751 737 738
f 750 751 738
f 750 738 739
f 750 739 740
f 749 750 740
f 749 740 741
f 749 741 742
f 748 749 742
f 748 742 743
f 748 743 744
f 748 744 745
f 747 748 745
f 747 745 746
f 918 919 920
f 918 920 921
f 918 921 922
f 917 918 922
f 917 922 923
f 917 923 924
f 917 924 925
f 916 917 925
f 916 925 926
f 916 926 927
f 916 927 928
f 915 916 928
f 915 928 929
f 915 929 930
f 915 930 931
f 914 915 931
f 914 931 842
f 842 931 841
f 841 931 840
f 840 931 839
f 839 931 838
f 838 931 837
f 837 931 836
f 836 931 835
f 835 931 932
f 913 914 844
f 844 914 843
f 843 914 842
f 912 913 846
f 846 913 845
f 845 913 844
f 912 846 847
f 912 847 848
f 912 848 849
f 911 912 849
f 911 849 850
f 911 850 851
f 911 851 852
f 910 911 852
f 910 852 853
f 910 853 854
f 909 910 854
f 909 854 855
f 909 855 856
f 908 909 856
f 908 856 857
f 907 908 857
f 907 857 858
f 907 858 859
f 906 907 859
f 906 859 860
f 905 906 860
f 905 860 861
f 905 861 862
f 904 905 862
f 904 862 863
f 904 863 864
f 903 904 864
f 903 864 865
f 881 882 883
f 903 865 866
f 880 881 883
f 902 903 866
f 879 880 883
f 902 866 867
f 878 879 883
f 877 878 883
f 876 877 883
f 902 867 868
f 875 876 883
f 874 875 883
f 902 868 869
f 873 874 883
f 872 873 883
f 902 869 870
f 871 872 883
f 901 902 870
f 870 871 883
f 901 870 883
f 900 901 883
f 899 900 883
f 898 899 883
f 898 883 884
f 898 884 885
f 898 885 886
f 897 898 886
f 897 886 887
f 897 887 888
f 897 888 889
f 897 889 890
f 896 897 890
f 896 890 891
f 896 891 892
f 896 892 893
f 895 896 893
f 895 893 894
f 1030 1031 1032
f 1029 1030 1032
f 1029 1032 1033
f 1028 1029 1033
f 1027 1028 1033
f 1027 1033 1034
f 1026 1027 1034
f 1026 1034 1035
f 1025 1026 1035
f 1024 1025 1035
f 1024 1035 1036
f 1023 1024 1036
f 1023 1036 1037
f 1022 1023 1037
f 1021 1022 1037
f 1021 1037 1038
f 1020 1021 1038
f 1020 1038 1039
f 1019 1020 1039
f 1018 1019 1017
f 1017 1019 1016
f 1016 1019 1015
f 1015 1019 1014
f 1014 1019 1013
f 1013 1019 1012
f 1012 1019 1011
f 1011 1019 1010
f 1010 1019 1009
f 1009 1019 1008
f 1008 1019 1039
f 1008 1039 1007
f 1007 1039 1006
f 1006 1039 1040
f 1006 1040 1005
f 1005 1040 1041
f 1004 1005 1041
f 1003 1004 1041
f 1002 1003 1041
f 1001 1002 1041
f 1000 1001 1041
f 1000 1041 1042
f 999 1000 1042
f 998 999 1042
f 997 998 1042
f 997 1042 1043
f 996 997 1043
f 995 996 1043
f 995 1043 1044
f 994 995 1044
f 993 994 1044
f 992 993 1106
f 1106 993 1044
f 991 992 1106
f 990 991 1106
f 989 990 1106
f 988 989 1106
f 988 1106 1070
f 1105 1106 1044
f 988 1070 1071
f 987 988 1071
f 987 1071 1072
f 986 987 1072
f 986 1072 1073
f 985 986 1073
f 985 1073 1074
f 985 1074 1075
f 984 985 1075
f 984 1075 1076
f 983 984 1076
f 983 1076 1077
f 983 1077 1078
f 982 983 1078
f 982 1078 1079
f 982 1079 1080
f 981 982 1080
f 981 1080 1081
f 980 981 1081
f 980 1081 1082
f 980 1082 1083
f 979 980 1083
f 979 1083 1084
f 979 1084 1085
f 1104 1105 1044
f 978 979 1085
f 1103 1104 1044
f 978 1085 1086
f 1102 1103 1044
f 1067 1068 1069
f 1102 1044 1045
f 978 1086 1087
f 1066 1067 1069
f 1101 1102 1045
f 1101 1045 1046
f 1065 1066 1069
f 977 978 1087
f 977 1087 1088
f 1101 1046 1047
f 1100 1101 1047
f 1064 1065 1069
f 1100 1047 1048
f 1099 1100 1048
f 1063 1064 1069
f 977 1088 1089
f 1099 1048 1049
f 1062 1063 1069
f 1098 1099 1049
f 1098 1049 1050
f 1061 1062 1069
f 977 1089 1090
f 1098 1050 1051
f 1097 1098 1051
f 1060 1061 1069
f 1097 1051 1052
f 976 977 1090
f 1059 1060 1069
f 976 1090 1091
f 1096 1097 1052
f 1096 1052 1053
f 1058 1059 1069
f 1096 1053 1054
f 1057 1058 1069
f 1095 1096 1054
f 1095 1054 1055
f 1056 1057 1069
f 1095 1055 1056
f 976 1091 1092
f 1095 1056 1069
f 1094 1095 1069
f 976 1092 1093
f 1093 1094 1069
f 976 1093 956
f 956 1093 1069
f 975 976 956
f 975 956 957
f 955 956 1069
f 974 975 957
f 974 957 958
f 954 955 1069
f 954 1069 933
f 973 974 958
f 973 958 959
f 953 954 933
f 953 933 934
f 973 959 960
f 952 953 934
f 972 973 960
f 952 934 935
f 972 960 961
f 951 952 935
f 951 935 936
f 971 972 961
f 971 961 962
f 950 951 936
f 950 936 937
f 971 962 963
f 949 950 937
f 949 937 938
f 970 971 963
f 970 963 964
f 948 949 938
f 948 938 939
f 970 964 965
f 948 939 940
f 947 948 940
f 969 970 965
f 947 940 941
f 969 965 966
f 946 947 941
f 946 941 942
f 969 966 967
f 945 946 942
f 968 969 967
f 945 942 943
f 944 945 943
f 1107 1108 1183
f 1183 1108 1109
f 1183 1109 1110
f 1183 1110 1111
f 1183 1111 1112
f 1183 1112 1113
f 1183 1113 1114
f 1183 1114 1115
f 1183 1115 1116
f 1183 1116 1182
f 1182 1116 1181
f 1181 1116 1117
f 1107 1183 1184
f 1180 1181 1117
f 1179 1180 1117
f 1178 1179 1117
f 1177 1178 1117
f 1177 1117 1118
f 1176 1177 1118
f 1175 1176 1118
f 1175 1118 1119
f 1174 1175 1119
f 1173 1174 1119
f 1173 1119 1120
f 1172 1173 1120
f 1171 1172 1120
f 1171 1120 1121
f 1170 1171 1121
f 1169 1170 1121
f 1169 1121 1122
f 1168 1169 1122
f 1168 1122 1123
f 1167 1168 1123
f 1166 1167 1123
f 1166 1123 1124
f 1165 1166 1124
f 1164 1165 1124
f 1164 1124 1125
f 1163 1164 1125
f 1163 1125 1126
f 1162 1163 1126
f 1107 1184 1147
f 1161 1162 1126
f 1107 1147 1148
f 1107 1148 1149
f 1107 1149 1145
f 1145 1149 1150
f 1160 1161 1126
f 1145 1150 1151
f 1145 1151 1152
f 1160 1126 1127
f 1159 1160 1127
f 1145 1152 1153
f 1145 1153 1154
f 1145 1154 1155
f 1158 1159 1127
f 1145 1155 1156
f 1145 1156 1157
f 1145 1157 1158
f 1145 1158 1127
f 1145 1127 1128
f 1145 1128 1129
f 1145 1129 1130
f 1107 1145 1146
f 1144 1145 1130
f 1144 1130 1131
f 1143 1144 1131
f 1142 1143 1131
f 1141 1142 1131
f 1140 1141 1131
f 1140 1131 1132
f 1139 1140 1132
f 1138 1139 1132
f 1137 1138 1132
f 1136 1137 1132
f 1136 1132 1133
f 1135 1136 1133
f 1134 1135 1133
f 1304 1305 1306
f 1304 1306 1307
f 1303 1304 1307
f 1303 1307 1308
f 1303 1308 1309
f 1302 1303 1309
f 1302 1309 1310
f 1302 1310 1311
f 1301 1302 1311
f 1301 1311 1312
f 1301 1312 1313
f 1300 1301 1313
f 1300 1313 1314
f 1300 1314 1315
f 1299 1300 1315
f 1299 1315 1316
f 1299 1316 1317
f 1298 1299 1317
f 1298 1317 1192
f 1192 1317 1191
f 1191 1317 1190
f 1190 1317 1189
f 1189 1317 1188
f 1188 1317 1187
f 1187 1317 1186
f 1186 1317 1185
f 1185 1317 1318
f 1297 1298 1194
f 1194 1298 1193
f 1193 1298 1192
f 1296 1297 1195
f 1195 1297 1194
f 1295 1296 1197
f 1197 1296 1196
f 1196 1296 1195
f 1295 1197 1198
f 1295 1198 1199
f 1295 1199 1200
f 1295 1200 1201
f 1295 1201 1202
f 1294 1295 1202
f 1294 1202 1203
f 1294 1203 1204
f 1294 1204 1205
f 1294 1205 1206
f 1293 1294 1206
f 1293 1206 1207
f 1293 1207 1208
f 1293 1208 1209
f 1292 1293 1209
f 1292 1209 1210
f 1292 1210 1211
f 1292 1211 1212
f 1292 1212 1213
f 1292 1213 1214
f 1291 1292 1214
f 1291 1214 1215
f 1291 1215 1216
f 1291 1216 1217
f 1290 1291 1217
f 1290 1217 1218
f 1290 1218 1219
f 1290 1219 1220
f 1289 1290 1220
f 1289 1220 1221
f 1288 1289 1221
f 1288 1221 1222
f 1288 1222 1223
f 1287 1288 1223
f 1287 1223 1224
f 1286 1287 1224
f 1286 1224 1225
f 1286 1225 1226
f 1285 1286 1226
f 1285 1226 1227
f 1284 1285 1227
f 1284 1227 1228
f 1284 1228 1229
f 1283 1284 1229
f 1283 1229 1230
f 1282 1283 1230
f 1282 1230 1231
f 1281 1282 1231
f 1281 1231 1232
f 1256 1257 1258
f 1281 1232 1233
f 1280 1281 1233
f 1256 1258 1259
f 1279 1280 1233
f 1256 1259 1260
f 1278 1279 1233
f 1278 1233 1234
f 1256 1260 1261
f 1277 1278 1234
f 1256 1261 1262
f 1276 1277 1234
f 1256 1262 1263
f 1275 1276 1234
f 1275 1234 1235
f 1256 1263 1264
f 1274 1275 1235
f 1273 1274 1235
f 1256 1264 1265
f 1272 1273 1235
f 1256 1265 1266
f 1271 1272 1235
f 1256 1266 1267
f 1270 1271 1235
f 1256 1267 1268
f 1269 1270 1235
f 1256 1268 1269
f 1269 1235 1236
f 1256 1269 1236
f 1256 1236 1237
f 1256 1237 1238
f 1255 1256 1238
f 1255 1238 1239
f 1254 1255 1239
f 1253 1254 1239
f 1253 1239 1240
f 1252 1253 1240
f 1251 1252 1240
f 1251 1240 1241
f 1250 1251 1241
f 1250 1241 1242
f 1249 1250 1242
f 1248 1249 1242
f 1248 1242 1243
f 1247 1248 1243
f 1246 1247 1243
f 1246 1243 1244
f 1245 1246 1244
f 1320 1322 1321 1319
f 1322 1324 1323 1321
f 1324 1326 1325 1323
f 1326 1328 1327 1325
f 1328 1330 1329 1327
f 1330 1332 1331 1329
f 1332 1334 1333 1331
f 1334 1336 1335 1333
f 1336 1338 1337 1335
f 1338 1340 1339 1337
f 1340 1342 1341 1339
f 1342 1344 1343 1341
f 1344 1346 1345 1343
f 1346 1348 1347 1345
f 1348 1350 1349 1347
f 1350 1352 1351 1349
f 1352 1354 1353 1351
f 1354 1356 1355 1353
f 1356 1358 1357 1355
f 1358 1360 1359 1357
f 1360 1362 1361 1359
f 1362 1364 1363 1361
f 1364 1366 1365 1363
f 1366 1368 1367 1365
f 1368 1370 1369 1367
f 1370 1372 1371 1369
f 1372 1374 1373 1371
f 1374 1376 1375 1373
f 1376 1378 1377 1375
f 1378 1380 1379 1377
f 1380 1382 1381 1379
f 1382 1384 1383 1381
f 1384 1386 1385 1383
f 1386 1388 1387 1385
f 1388 1390 1389 1387
f 1390 1392 1391 1389
f 1392 1394 1393 1391
f 1394 1396 1395 1393
f 1396 1398 1397 1395
f 1398 1400 1399 1397
f 1400 1402 1401 1399
f 1402 1404 1403 1401
f 1404 1406 1405 1403
f 1406 1408 1407 1405
f 1408 1410 1409 1407
f 1410 1412 1411 1409
f 1412 1414 1413 1411
f 1414 1416 1415 1413
f 1416 1418 1417 1415
f 1418 1420 1419 1417
f 1420 1422 1421 1419
f 1422 1424 1423 1421
f 1424 1426 1425 1423
f 1426 1428 1427 1425
f 1428 1430 1429 1427
f 1430 1432 1431 1429
f 1432 1434 1433 1431
f 1434 1436 1435 1433
f 1436 1438 1437 1435
f 1438 1440 1439 1437
f 1440 1442 1441 1439
f 1442 1444 1443 1441
f 1444 1446 1445 1443
f 1446 1448 1447 1445
f 1448 1450 1449 1447
f 1450 1452 1451 1449
f 1452 1454 1453 1451
f 1454 1456 1455 1453
f 1456 1458 1457 1455
f 1458 1460 1459 1457
f 1460 1462 1461 1459
f 1462 1464 1463 1461
f 1464 1466 1465 1463
f 1466 1468 1467 1465
f 1468 1470 1469 1467
f 1470 1472 1471 1469
f 1472 1474 1473 1471
f 1474 1476 1475 1473
f 1476 1478 1477 1475
f 1478 1480 1479 1477
f 1480 1482 1481 1479
f 1482 1484 1483 1481
f 1484 1486 1485 1483
f 1486 1488 1487 1485
f 1488 1490 1489 1487
f 1490 1492 1491 1489
f 1492 1494 1493 1491
f 1494 1496 1495 1493
f 1496 1498 1497 1495
f 1498 1500 1499 1497
f 1500 1502 1501 1499
f 1502 1504 1503 1501
f 1504 1506 1505 1503
f 1506 1508 1507 1505
f 1508 1510 1509 1507
f 1510 1512 1511 1509
f 1512 1514 1513 1511
f 1514 1516 1515 1513
f 1516 1518 1517 1515
f 1518 1520 1519 1517
f 1520 1522 1521 1519
f 1522 1524 1523 1521
f 1524 1526 1525 1523
f 1526 1528 1527 1525
f 1528 1530 1529 1527
f 1530 1532 1531 1529
f 1532 1534 1533 1531
f 1534 1536 1535 1533
f 1536 1538 1537 1535
f 1538 1540 1539 1537
f 1540 1542 1541 1539
f 1542 1544 1543 1541
f 1544 1546 1545 1543
f 1546 1548 1547 1545
f 1548 1550 1549 1547
f 1550 1552 1551 1549
f 1552 1554 1553 1551
f 1554 1556 1555 1553
f 1556 1558 1557 1555
f 1558 1560 1559 1557
f 1560 1562 1561 1559
f 1562 1564 1563 1561
f 1564 1566 1565 1563
f 1566 1568 1567 1565
f 1568 1570 1569 1567
f 1570 1572 1571 1569
f 1572 1574 1573 1571
f 1574 1576 1575 1573
f 1576 1578 1577 1575
f 1578 1580 1579 1577
f 1580 1582 1581 1579
f 1582 1584 1583 1581
f 1584 1586 1585 1583
f 1586 1320 1319 1585
f 1588 1590 1589 1587
f 1590 1592 1591 1589
f 1592 1594 1593 1591
f 1594 1596 1595 1593
f 1596 1598 1597 1595
f 1598 1600 1599 1597
f 1600 1602 1601 1599
f 1602 1604 1603 1601
f 1604 1606 1605 1603
f 1606 1608 1607 1605
f 1608 1610 1609 1607
f 1610 1612 1611 1609
f 1612 1614 1613 1611
f 1614 1616 1615 1613
f 1616 1618 1617 1615
f 1618 1620 1619 1617
f 1620 1622 1621 1619
f 1622 1624 1623 1621
f 1624 1626 1625 1623
f 1626 1628 1627 1625
f 1628 1630 1629 1627
f 1630 1632 1631 1629
f 1632 1634 1633 1631
f 1634 1636 1635 1633
f 1636 1638 1637 1635
f 1638 1640 1639 1637
f 1640 1642 1641 1639
f 1642 1644 1643 1641
f 1644 1646 1645 1643
f 1646 1648 1647 1645
f 1648 1650 1649 1647
f 1650 1652 1651 1649
f 1652 1654 1653 1651
f 1654 1656 1655 1653
f 1656 1658 1657 1655
f 1658 1660 1659 1657
f 1660 1662 1661 1659
f 1662 1664 1663 1661
f 1664 1666 1665 1663
f 1666 1588 1587 1665
f 1668 1670 1669 1667
f 1670 1672 1671 1669
f 1672 1674 1673 1671
f 1674 1676 1675 1673
f 1676 1678 1677 1675
f 1678 1680 1679 1677
f 1680 1682 1681 1679
f 1682 1684 1683 1681
f 1684 1686 1685 1683
f 1686 1688 1687 1685
f 1688 1690 1689 1687
f 1690 1692 1691 1689
f 1692 1694 1693 1691
f 1694 1696 1695 1693
f 1696 1698 1697 1695
f 1698 1700 1699 1697
f 1700 1702 1701 1699
f 1702 1704 1703 1701
f 1704 1706 1705 1703
f 1706 1708 1707 1705
f 1708 1710 1709 1707
f 1710 1712 1711 1709
f 1712 1714 1713 1711
f 1714 1716 1715 1713
f 1716 1718 1717 1715
f 1718 1720 1719 1717
f 1720 1722 1721 1719
f 1722 1724 1723 1721
f 1724 1726 1725 1723
f 1726 1728 1727 1725
f 1728 1730 1729 1727
f 1730 1732 1731 1729
f 1732 1734 1733 1731
f 1734 1736 1735 1733
f 1736 1738 1737 1735
f 1738 1740 1739 1737
f 1740 1742 1741 1739
f 1742 1668 1667 1741
f 1744 1746 1745 1743
f 1746 1748 1747 1745
f 1748 1750 1749 1747
f 1750 1752 1751 1749
f 1752 1754 1753 1751
f 1754 1756 1755 1753
f 1756 1758 1757 1755
f 1758 1760 1759 1757
f 1760 1762 1761 1759
f 1762 1764 1763 1761
f 1764 1766 1765 1763
f 1766 1768 1767 1765
f 1768 1770 1769 1767
f 1770 1772 1771 1769
f 1772 1774 1773 1771
f 1774 1776 1775 1773
f 1776 1778 1777 1775
f 1778 1780 1779 1777
f 1780 1782 1781 1779
f 1782 1784 1783 1781
f 1784 1786 1785 1783
f 1786 1788 1787 1785
f 1788 1790 1789 1787
f 1790 1792 1791 1789
f 1792 1794 1793 1791
f 1794 1796 1795 1793
f 1796 1798 1797 1795
f 1798 1800 1799 1797
f 1800 1802 1801 1799
f 1802 1804 1803 1801
f 1804 1806 1805 1803
f 1806 1808 1807 1805
f 1808 1810 1809 1807
f 1810 1812 1811 1809
f 1812 1814 1813 1811
f 1814 1816 1815 1813
f 1816 1818 1817 1815
f 1818 1820 1819 1817
f 1820 1822 1821 1819
f 1822 1824 1823 1821
f 1824 1826 1825 1823
f 1826 1828 1827 1825
f 1828 1830 1829 1827
f 1830 1832 1831 1829
f 1832 1834 1833 1831
f 1834 1836 1835 1833
f 1836 1838 1837 1835
f 1838 1840 1839 1837
f 1840 1842 1841 1839
f 1842 1844 1843 1841
f 1844 1846 1845 1843
f 1846 1848 1847 1845
f 1848 1850 1849 1847
f 1850 1852 1851 1849
f 1852 1854 1853 1851
f 1854 1856 1855 1853
f 1856 1858 1857 1855
f 1858 1860 1859 1857
f 1860 1862 1861 1859
f 1862 1864 1863 1861
f 1864 1866 1865 1863
f 1866 1868 1867 1865
f 1868 1870 1869 1867
f 1870 1872 1871 1869
f 1872 1874 1873 1871
f 1874 1876 1875 1873
f 1876 1878 1877 1875
f 1878 1880 1879 1877
f 1880 1882 1881 1879
f 1882 1884 1883 1881
f 1884 1886 1885 1883
f 1886 1888 1887 1885
f 1888 1890 1889 1887
f 1890 1892 1891 1889
f 1892 1894 1893 1891
f 1894 1896 1895 1893
f 1896 1898 1897 1895
f 1898 1900 1899 1897
f 1900 1902 1901 1899
f 1902 1904 1903 1901
f 1904 1906 1905 1903
f 1906 1908 1907 1905
f 1908 1910 1909 1907
f 1910 1912 1911 1909
f 1912 1914 1913 1911
f 1914 1916 1915 1913
f 1916 1918 1917 1915
f 1918 1920 1919 1917
f 1920 1922 1921 1919
f 1922 1924 1923 1921
f 1924 1926 1925 1923
f 1926 1928 1927 1925
f 1928 1930 1929 1927
f 1930 1932 1931 1929
f 1932 1934 1933 1931
f 1934 1936 1935 1933
f 1936 1938 1937 1935
f 1938 1940 1939 1937
f 1940 1942 1941 1939
f 1942 1944 1943 1941
f 1944 1946 1945 1943
f 1946 1948 1947 1945
f 1948 1950 1949 1947
f 1950 1952 1951 1949
f 1952 1954 1953 1951
f 1954 1956 1955 1953
f 1956 1958 1957 1955
f 1958 1960 1959 1957
f 1960 1962 1961 1959
f 1962 1964 1963 1961
f 1964 1966 1965 1963
f 1966 1968 1967 1965
f 1968 1970 1969 1967
f 1970 1972 1971 1969
f 1972 1974 1973 1971
f 1974 1976 1975 1973
f 1976 1978 1977 1975
f 1978 1980 1979 1977
f 1980 1982 1981 1979
f 1982 1984 1983 1981
f 1984 1986 1985 1983
f 1986 1988 1987 1985
f 1988 1990 1989 1987
f 1990 1992 1991 1989
f 1992 1994 1993 1991
f 1994 1996 1995 1993
f 1996 1998 1997 1995
f 1998 2000 1999 1997
f 2000 2002 2001 1999
f 2002 2004 2003 2001
f 2004 2006 2005 2003
f 2006 2008 2007 2005
f 2008 2010 2009 2007
f 2010 2012 2011 2009
f 2012 2014 2013 2011
f 2014 2016 2015 2013
f 2016 1744 1743 2015
f 2018 2020 2019 2017
f 2020 2022 2021 2019
f 2022 2024 2023 2021
f 2024 2026 2025 2023
f 2026 2028 2027 2025
f 2028 2030 2029 2027
f 2030 2032 2031 2029
f 2032 2034 2033 2031
f 2034 2036 2035 2033
f 2036 2038 2037 2035
f 2038 2040 2039 2037
f 2040 2042 2041 2039
f 2042 2044 2043 2041
f 2044 2046 2045 2043
f 2046 2048 2047 2045
f 2048 2050 2049 2047
f 2050 2052 2051 2049
f 2052 2054 2053 2051
f 2054 2056 2055 2053
f 2056 2058 2057 2055
f 2058 2060 2059 2057
f 2060 2062 2061 2059
f 2062 2064 2063 2061
f 2064 2066 2065 2063
f 2066 2068 2067 2065
f 2068 2070 2069 2067
f 2070 2072 2071 2069
f 2072 2074 2073 2071
f 2074 2076 2075 2073
f 2076 2078 2077 2075
f 2078 2080 2079 2077
f 2080 2082 2081 2079
f 2082 2084 2083 2081
f 2084 2086 2085 2083
f 2086 2088 2087 2085
f 2088 2090 2089 2087
f 2090 2018 2017 2089
f 2092 2094 2093 2091
f 2094 2096 2095 2093
f 2096 2098 2097 2095
f 2098 2100 2099 2097
f 2100 2102 2101 2099
f 2102 2104 2103 2101
f 2104 2106 2105 2103
f 2106 2108 2107 2105
f 2108 2110 2109 2107
f 2110 2112 2111 2109
f 2112 2114 2113 2111
f 2114 2116 2115 2113
f 2116 2118 2117 2115
f 2118 2120 2119 2117
f 2120 2122 2121 2119
f 2122 2124 2123 2121
f 2124 2126 2125 2123
f 2126 2128 2127 2125
f 2128 2130 2129 2127
f 2130 2132 2131 2129
f 2132 2134 2133 2131
f 2134 2136 2135 2133
f 2136 2138 2137 2135
f 2138 2140 2139 2137
f 2140 2142 2141 2139
f 2142 2144 2143 2141
f 2144 2146 2145 2143
f 2146 2148 2147 2145
f 2148 2150 2149 2147
f 2150 2152 2151 2149
f 2152 2154 2153 2151
f 2154 2156 2155 2153
f 2156 2158 2157 2155
f 2158 2160 2159 2157
f 2160 2162 2161 2159
f 2162 2164 2163 2161
f 2164 2166 2165 2163
f 2166 2168 2167 2165
f 2168 2170 2169 2167
f 2170 2172 2171 2169
f 2172 2174 2173 2171
f 2174 2176 2175 2173
f 2176 2178 2177 2175
f 2178 2180 2179 2177
f 2180 2182 2181 2179
f 2182 2184 2183 2181
f 2184 2186 2185 2183
f 2186 2188 2187 2185
f 2188 2190 2189 2187
f 2190 2192 2191 2189
f 2192 2194 2193 2191
f 2194 2196 2195 2193
f 2196 2198 2197 2195
f 2198 2200 2199 2197
f 2200 2202 2201 2199
f 2202 2204 2203 2201
f 2204 2206 2205 2203
f 2206 2208 2207 2205
f 2208 2210 2209 2207
f 2210 2212 2211 2209
f 2212 2214 2213 2211
f 2214 2216 2215 2213
f 2216 2218 2217 2215
f 2218 2220 2219 2217
f 2220 2222 2221 2219
f 2222 2224 2223 2221
f 2224 2226 2225 2223
f 2226 2228 2227 2225
f 2228 2230 2229 2227
f 2230 2232 2231 2229
f 2232 2234 2233 2231
f 2234 2236 2235 2233
f 2236 2238 2237 2235
f 2238 2240 2239 2237
f 2240 2242 2241 2239
f 2242 2244 2243 2241
f 2244 2246 2245 2243
f 2246 2248 2247 2245
f 2248 2250 2249 2247
f 2250 2252 2251 2249
f 2252 2254 2253 2251
f 2254 2256 2255 2253
f 2256 2258 2257 2255
f 2258 2260 2259 2257
f 2260 2262 2261 2259
f 2262 2264 2263 2261
f 2264 2266 2265 2263
f 2266 2268 2267 2265
f 2268 2270 2269 2267
f 2270 2272 2271 2269
f 2272 2274 2273 2271
f 2274 2276 2275 2273
f 2276 2278 2277 2275
f 2278 2280 2279 2277
f 2280 2282 2281 2279
f 2282 2284 2283 2281
f 2284 2286 2285 2283
f 2286 2092 2091 2285
f 2288 2290 2289 2287
f 2290 2292 2291 2289
f 2292 2294 2293 2291
f 2294 2296 2295 2293
f 2296 2298 2297 2295
f 2298 2300 2299 2297
f 2300 2302 2301 2299
f 2302 2304 2303 2301
f 2304 2306 2305 2303
f 2306 2308 2307 2305
f 2308 2310 2309 2307
f 2310 2312 2311 2309
f 2312 2314 2313 2311
f 2314 2316 2315 2313
f 2316 2318 2317 2315
f 2318 2320 2319 2317
f 2320 2322 2321 2319
f 2322 2324 2323 2321
f 2324 2326 2325 2323
f 2326 2328 2327 2325
f 2328 2330 2329 2327
f 2330 2332 2331 2329
f 2332 2334 2333 2331
f 2334 2336 2335 2333
f 2336 2338 2337 2335
f 2338 2340 2339 2337
f 2340 2342 2341 2339
f 2342 2344 2343 2341
f 2344 2346 2345 2343
f 2346 2348 2347 2345
f 2348 2350 2349 2347
f 2350 2352 2351 2349
f 2352 2354 2353 2351
f 2354 2356 2355 2353
f 2356 2358 2357 2355
f 2358 2360 2359 2357
f 2360 2362 2361 2359
f 2362 2364 2363 2361
f 2364 2366 2365 2363
f 2366 2368 2367 2365
f 2368 2370 2369 2367
f 2370 2372 2371 2369
f 2372 2374 2373 2371
f 2374 2376 2375 2373
f 2376 2378 2377 2375
f 2378 2380 2379 2377
f 2380 2382 2381 2379
f 2382 2384 2383 2381
f 2384 2386 2385 2383
f 2386 2388 2387 2385
f 2388 2390 2389 2387
f 2390 2392 2391 2389
f 2392 2394 2393 2391
f 2394 2396 2395 2393
f 2396 2398 2397 2395
f 2398 2400 2399 2397
f 2400 2402 2401 2399
f 2402 2404 2403 2401
f 2404 2406 2405 2403
f 2406 2408 2407 2405
f 2408 2410 2409 2407
f 2410 2412 2411 2409
f 2412 2414 2413 2411
f 2414 2416 2415 2413
f 2416 2418 2417 2415
f 2418 2420 2419 2417
f 2420 2422 2421 2419
f 2422 2424 2423 2421
f 2424 2426 2425 2423
f 2426 2428 2427 2425
f 2428 2430 2429 2427
f 2430 2432 2431 2429
f 2432 2434 2433 2431
f 2434 2288 2287 2433
f 2436 2438 2437 2435
f 2438 2440 2439 2437
f 2440 2442 2441 2439
f 2442 2444 2443 2441
f 2444 2446 2445 2443
f 2446 2448 2447 2445
f 2448 2450 2449 2447
f 2450 2452 2451 2449
f 2452 2454 2453 2451
f 2454 2456 2455 2453
f 2456 2458 2457 2455
f 2458 2460 2459 2457
f 2460 2462 2461 2459
f 2462 2464 2463 2461
f 2464 2466 2465 2463
f 2466 2468 2467 2465
f 2468 2470 2469 2467
f 2470 2472 2471 2469
f 2472 2474 2473 2471
f 2474 2476 2475 2473
f 2476 2478 2477 2475
f 2478 2480 2479 2477
f 2480 2482 2481 2479
f 2482 2484 2483 2481
f 2484 2436 2435 2483
