mtllib base_link.mtl
o base_link
g tabletop_slab
v -1.465 -0.395 0.7395
v -1.465 -0.43 0.7745
v -1.5 -0.395 0.7745
v -1.465 -0.405818 0.741214
v -1.465 -0.415569 0.746182
v -1.47582 -0.395 0.741214
v -1.4761 -0.406167 0.743243
v -1.47574 -0.415095 0.747933
v -1.48557 -0.395 0.746182
v -1.48511 -0.40577 0.747958
v -1.48352 -0.413519 0.751282
v -1.47582 -0.428286 0.7745
v -1.48557 -0.423318 0.7745
v -1.465 -0.428286 0.763682
v -1.47617 -0.426257 0.763396
v -1.4851 -0.421567 0.763758
v -1.465 -0.423318 0.753931
v -1.47577 -0.421542 0.754387
v -1.48352 -0.418218 0.755981
v -1.49829 -0.395 0.763682
v -1.49332 -0.395 0.753931
v -1.49829 -0.405818 0.7745
v -1.49626 -0.406104 0.763333
v -1.49157 -0.405742 0.754405
v -1.49332 -0.415569 0.7745
v -1.49154 -0.415113 0.76373
v -1.48822 -0.413519 0.755981
v -1.465 -0.43 0.7895
v -1.465 -0.395 0.8245
v -1.5 -0.395 0.7895
v -1.465 -0.428286 0.800318
v -1.465 -0.423318 0.810069
v -1.47582 -0.428286 0.7895
v -1.4761 -0.426257 0.800667
v -1.47574 -0.421567 0.809595
v -1.48557 -0.423318 0.7895
v -1.48511 -0.421542 0.80027
v -1.48352 -0.418218 0.808019
v -1.47582 -0.395 0.822786
v -1.48557 -0.395 0.817818
v -1.465 -0.405818 0.822786
v -1.47617 -0.406104 0.820757
v -1.4851 -0.405742 0.816067
v -1.465 -0.415569 0.817818
v -1.47577 -0.415113 0.816042
v -1.48352 -0.413519 0.812718
v -1.49829 -0.405818 0.7895
v -1.49332 -0.415569 0.7895
v -1.49829 -0.395 0.800318
v -1.49626 -0.406167 0.800604
v -1.49157 -0.415095 0.800242
v -1.49332 -0.395 0.810069
v -1.49154 -0.40577 0.809613
v -1.48822 -0.413519 0.808019
v -1.465 0.395 0.7395
v -1.5 0.395 0.7745
v -1.465 0.43 0.7745
v -1.47582 0.395 0.741214
v -1.48557 0.395 0.746182
v -1.465 0.405818 0.741214
v -1.47617 0.406104 0.743243
v -1.4851 0.405742 0.747933
v -1.465 0.415569 0.746182
v -1.47577 0.415113 0.747958
v -1.48352 0.413519 0.751282
v -1.49829 0.405818 0.7745
v -1.49332 0.415569 0.7745
v -1.49829 0.395 0.763682
v -1.49626 0.406167 0.763396
v -1.49157 0.415095 0.763758
v -1.49332 0.395 0.753931
v -1.49154 0.40577 0.754387
v -1.48822 0.413519 0.755981
v -1.465 0.428286 0.763682
v -1.465 0.423318 0.753931
v -1.47582 0.428286 0.7745
v -1.4761 0.426257 0.763333
v -1.47574 0.421567 0.754405
v -1.48557 0.423318 0.7745
v -1.48511 0.421542 0.76373
v -1.48352 0.418218 0.755981
v -1.465 0.395 0.8245
v -1.465 0.43 0.7895
v -1.5 0.395 0.7895
v -1.465 0.405818 0.822786
v -1.465 0.415569 0.817818
v -1.47582 0.395 0.822786
v -1.4761 0.406167 0.820757
v -1.47574 0.415095 0.816067
v -1.48557 0.395 0.817818
v -1.48511 0.40577 0.816042
v -1.48352 0.413519 0.812718
v -1.47582 0.428286 0.7895
v -1.48557 0.423318 0.7895
v -1.465 0.428286 0.800318
v -1.47617 0.426257 0.800604
v -1.4851 0.421567 0.800242
v -1.465 0.423318 0.810069
v -1.47577 0.421542 0.809613
v -1.48352 0.418218 0.808019
v -1.49829 0.395 0.800318
v -1.49332 0.395 0.810069
v -1.49829 0.405818 0.7895
v -1.49626 0.406104 0.800667
v -1.49157 0.405742 0.809595
v -1.49332 0.415569 0.7895
v -1.49154 0.415113 0.80027
v -1.48822 0.413519 0.808019
v 1.465 -0.395 0.7395
v 1.5 -0.395 0.7745
v 1.465 -0.43 0.7745
v 1.47582 -0.395 0.741214
v 1.48557 -0.395 0.746182
v 1.465 -0.405818 0.741214
v 1.47617 -0.406104 0.743243
v 1.4851 -0.405742 0.747933
v 1.465 -0.415569 0.746182
v 1.47577 -0.415113 0.747958
v 1.48352 -0.413519 0.751282
v 1.49829 -0.405818 0.7745
v 1.49332 -0.415569 0.7745
v 1.49829 -0.395 0.763682
v 1.49626 -0.406167 0.763396
v 1.49157 -0.415095 0.763758
v 1.49332 -0.395 0.753931
v 1.49154 -0.40577 0.754387
v 1.48822 -0.413519 0.755981
v 1.465 -0.428286 0.763682
v 1.465 -0.423318 0.753931
v 1.47582 -0.428286 0.7745
v 1.4761 -0.426257 0.763333
v 1.47574 -0.421567 0.754405
v 1.48557 -0.423318 0.7745
v 1.48511 -0.421542 0.76373
v 1.48352 -0.418218 0.755981
v 1.465 -0.395 0.8245
v 1.465 -0.43 0.7895
v 1.5 -0.395 0.7895
v 1.465 -0.405818 0.822786
v 1.465 -0.415569 0.817818
v 1.47582 -0.395 0.822786
v 1.4761 -0.406167 0.820757
v 1.47574 -0.415095 0.816067
v 1.48557 -0.395 0.817818
v 1.48511 -0.40577 0.816042
v 1.48352 -0.413519 0.812718
v 1.47582 -0.428286 0.7895
v 1.48557 -0.423318 0.7895
v 1.465 -0.428286 0.800318
v 1.47617 -0.426257 0.800604
v 1.4851 -0.421567 0.800242
v 1.465 -0.423318 0.810069
v 1.47577 -0.421542 0.809613
v 1.48352 -0.418218 0.808019
v 1.49829 -0.395 0.800318
v 1.49332 -0.395 0.810069
v 1.49829 -0.405818 0.7895
v 1.49626 -0.406104 0.800667
v 1.49157 -0.405742 0.809595
v 1.49332 -0.415569 0.7895
v 1.49154 -0.415113 0.80027
v 1.48822 -0.413519 0.808019
v 1.465 0.395 0.7395
v 1.465 0.43 0.7745
v 1.5 0.395 0.7745
v 1.465 0.405818 0.741214
v 1.465 0.415569 0.746182
v 1.47582 0.395 0.741214
v 1.4761 0.406167 0.743243
v 1.47574 0.415095 0.747933
v 1.48557 0.395 0.746182
v 1.48511 0.40577 0.747958
v 1.48352 0.413519 0.751282
v 1.47582 0.428286 0.7745
v 1.48557 0.423318 0.7745
v 1.465 0.428286 0.763682
v 1.47617 0.426257 0.763396
v 1.4851 0.421567 0.763758
v 1.465 0.423318 0.753931
v 1.47577 0.421542 0.754387
v 1.48352 0.418218 0.755981
v 1.49829 0.395 0.763682
v 1.49332 0.395 0.753931
v 1.49829 0.405818 0.7745
v 1.49626 0.406104 0.763333
v 1.49157 0.405742 0.754405
v 1.49332 0.415569 0.7745
v 1.49154 0.415113 0.76373
v 1.48822 0.413519 0.755981
v 1.465 0.395 0.8245
v 1.5 0.395 0.7895
v 1.465 0.43 0.7895
v 1.47582 0.395 0.822786
v 1.48557 0.395 0.817818
v 1.465 0.405818 0.822786
v 1.47617 0.406104 0.820757
v 1.4851 0.405742 0.816067
v 1.465 0.415569 0.817818
v 1.47577 0.415113 0.816042
v 1.48352 0.413519 0.812718
v 1.49829 0.405818 0.7895
v 1.49332 0.415569 0.7895
v 1.49829 0.395 0.800318
v 1.49626 0.406167 0.800604
v 1.49157 0.415095 0.800242
v 1.49332 0.395 0.810069
v 1.49154 0.40577 0.809613
v 1.48822 0.413519 0.808019
v 1.465 0.428286 0.800318
v 1.465 0.423318 0.810069
v 1.47582 0.428286 0.7895
v 1.4761 0.426257 0.800667
v 1.47574 0.421567 0.809595
v 1.48557 0.423318 0.7895
v 1.48511 0.421542 0.80027
v 1.48352 0.418218 0.808019
usemtl warm_light_gray_plastic_003
f 111 137 28 2
f 165 191 138 110
f 190 82 29 136
f 3 30 84 56
f 57 83 192 164
f 1 4 7 6
f 4 5 8 7
f 5 17 18 8
f 6 7 10 9
f 7 8 11 10
f 8 18 19 11
f 2 12 15 14
f 12 13 16 15
f 13 25 26 16
f 14 15 18 17
f 15 16 19 18
f 16 26 27 19
f 3 20 23 22
f 20 21 24 23
f 21 9 10 24
f 22 23 26 25
f 23 24 27 26
f 24 10 11 27
f 11 19 27
f 28 31 34 33
f 31 32 35 34
f 32 44 45 35
f 33 34 37 36
f 34 35 38 37
f 35 45 46 38
f 29 39 42 41
f 39 40 43 42
f 40 52 53 43
f 41 42 45 44
f 42 43 46 45
f 43 53 54 46
f 30 47 50 49
f 47 48 51 50
f 48 36 37 51
f 49 50 53 52
f 50 51 54 53
f 51 37 38 54
f 38 46 54
f 55 58 61 60
f 58 59 62 61
f 59 71 72 62
f 60 61 64 63
f 61 62 65 64
f 62 72 73 65
f 56 66 69 68
f 66 67 70 69
f 67 79 80 70
f 68 69 72 71
f 69 70 73 72
f 70 80 81 73
f 57 74 77 76
f 74 75 78 77
f 75 63 64 78
f 76 77 80 79
f 77 78 81 80
f 78 64 65 81
f 65 73 81
f 82 85 88 87
f 85 86 89 88
f 86 98 99 89
f 87 88 91 90
f 88 89 92 91
f 89 99 100 92
f 83 93 96 95
f 93 94 97 96
f 94 106 107 97
f 95 96 99 98
f 96 97 100 99
f 97 107 108 100
f 84 101 104 103
f 101 102 105 104
f 102 90 91 105
f 103 104 107 106
f 104 105 108 107
f 105 91 92 108
f 92 100 108
f 109 112 115 114
f 112 113 116 115
f 113 125 126 116
f 114 115 118 117
f 115 116 119 118
f 116 126 127 119
f 110 120 123 122
f 120 121 124 123
f 121 133 134 124
f 122 123 126 125
f 123 124 127 126
f 124 134 135 127
f 111 128 131 130
f 128 129 132 131
f 129 117 118 132
f 130 131 134 133
f 131 132 135 134
f 132 118 119 135
f 119 127 135
f 136 139 142 141
f 139 140 143 142
f 140 152 153 143
f 141 142 145 144
f 142 143 146 145
f 143 153 154 146
f 137 147 150 149
f 147 148 151 150
f 148 160 161 151
f 149 150 153 152
f 150 151 154 153
f 151 161 162 154
f 138 155 158 157
f 155 156 159 158
f 156 144 145 159
f 157 158 161 160
f 158 159 162 161
f 159 145 146 162
f 146 154 162
f 163 166 169 168
f 166 167 170 169
f 167 179 180 170
f 168 169 172 171
f 169 170 173 172
f 170 180 181 173
f 164 174 177 176
f 174 175 178 177
f 175 187 188 178
f 176 177 180 179
f 177 178 181 180
f 178 188 189 181
f 165 182 185 184
f 182 183 186 185
f 183 171 172 186
f 184 185 188 187
f 185 186 189 188
f 186 172 173 189
f 173 181 189
f 190 193 196 195
f 193 194 197 196
f 194 206 207 197
f 195 196 199 198
f 196 197 200 199
f 197 207 208 200
f 191 201 204 203
f 201 202 205 204
f 202 214 215 205
f 203 204 207 206
f 204 205 208 207
f 205 215 216 208
f 192 209 212 211
f 209 210 213 212
f 210 198 199 213
f 211 212 215 214
f 212 213 216 215
f 213 199 200 216
f 200 208 216
f 55 1 6 58
f 58 6 9 59
f 59 9 21 71
f 71 21 20 68
f 68 20 3 56
f 2 28 33 12
f 12 33 36 13
f 13 36 48 25
f 25 48 47 22
f 22 47 30 3
f 29 82 87 39
f 39 87 90 40
f 40 90 102 52
f 52 102 101 49
f 49 101 84 30
f 83 57 76 93
f 93 76 79 94
f 94 79 67 106
f 106 67 66 103
f 103 66 56 84
f 163 55 60 166
f 166 60 63 167
f 167 63 75 179
f 179 75 74 176
f 176 74 57 164
f 82 190 195 85
f 85 195 198 86
f 86 198 210 98
f 98 210 209 95
f 95 209 192 83
f 191 165 184 201
f 201 184 187 202
f 202 187 175 214
f 214 175 174 211
f 211 174 164 192
f 109 163 168 112
f 112 168 171 113
f 113 171 183 125
f 125 183 182 122
f 122 182 165 110
f 190 136 141 193
f 193 141 144 194
f 194 144 156 206
f 206 156 155 203
f 203 155 138 191
f 137 111 130 147
f 147 130 133 148
f 148 133 121 160
f 160 121 120 157
f 157 120 110 138
f 1 109 114 4
f 4 114 117 5
f 5 117 129 17
f 17 129 128 14
f 14 128 111 2
f 136 29 41 139
f 139 41 44 140
f 140 44 32 152
f 152 32 31 149
f 149 31 28 137
f 55 163 109 1
g left_waterfall_side_panel
v -1.44 -0.3625 0
v -1.44 -0.41 0.0475
v -1.4875 -0.3625 0.0475
v -1.44 -0.371767 0.000912726
v -1.44 -0.380677 0.00361574
v -1.44 -0.38889 0.00800523
v -1.44 -0.396088 0.0139124
v -1.44927 -0.3625 0.000912726
v -1.44955 -0.37217 0.00198597
v -1.44957 -0.381153 0.00487596
v -1.44948 -0.388922 0.00918236
v -1.44943 -0.395398 0.0145614
v -1.45818 -0.3625 0.00361574
v -1.45863 -0.372172 0.00488845
v -1.45839 -0.380932 0.00777131
v -1.45783 -0.388054 0.0116495
v -1.45751 -0.393716 0.0162738
v -1.46639 -0.3625 0.00800523
v -1.46647 -0.37204 0.00922829
v -1.46556 -0.380358 0.0116675
v -1.46427 -0.38677 0.0146637
v -1.46358 -0.391657 0.0183434
v -1.46742 -0.389924 0.0200759
v -1.44927 -0.409087 0.0475
v -1.45818 -0.406384 0.0475
v -1.46639 -0.401995 0.0475
v -1.47359 -0.396088 0.0475
v -1.44 -0.409087 0.0382332
v -1.44967 -0.408014 0.0379493
v -1.45865 -0.405124 0.0379347
v -1.46642 -0.400818 0.0380181
v -1.4729 -0.395439 0.0380655
v -1.44 -0.406384 0.0293226
v -1.44967 -0.405112 0.0288735
v -1.45843 -0.402229 0.0291115
v -1.46555 -0.398351 0.0296676
v -1.47122 -0.393726 0.0299867
v -1.44 -0.401995 0.0211104
v -1.44954 -0.400772 0.0210328
v -1.45786 -0.398333 0.0219387
v -1.46427 -0.395336 0.0232305
v -1.46916 -0.391657 0.0239196
v -1.48659 -0.3625 0.0382332
v -1.48388 -0.3625 0.0293226
v -1.47949 -0.3625 0.0211104
v -1.47359 -0.3625 0.0139124
v -1.48659 -0.371767 0.0475
v -1.48551 -0.372051 0.0378302
v -1.48262 -0.372065 0.0288468
v -1.47832 -0.371982 0.0210785
v -1.47294 -0.371935 0.0146019
v -1.48388 -0.380677 0.0475
v -1.48261 -0.381126 0.0378276
v -1.47973 -0.380888 0.0290679
v -1.47585 -0.380332 0.0219463
v -1.47123 -0.380013 0.0162837
v -1.47949 -0.38889 0.0475
v -1.47827 -0.388967 0.03796
v -1.47583 -0.388061 0.0296424
v -1.47284 -0.38677 0.0232305
v -1.46916 -0.38608 0.0183434
v -1.44 -0.41 0.7325
v -1.44 -0.3625 0.78
v -1.4875 -0.3625 0.7325
v -1.44 -0.409087 0.741767
v -1.44 -0.406384 0.750677
v -1.44 -0.401995 0.75889
v -1.44 -0.396088 0.766088
v -1.44927 -0.409087 0.7325
v -1.44955 -0.408014 0.74217
v -1.44957 -0.405124 0.751153
v -1.44948 -0.400818 0.758922
v -1.44943 -0.395439 0.765398
v -1.45818 -0.406384 0.7325
v -1.45863 -0.405112 0.742172
v -1.45839 -0.402229 0.750932
v -1.45783 -0.398351 0.758054
v -1.45751 -0.393726 0.763716
v -1.46639 -0.401995 0.7325
v -1.46647 -0.400772 0.74204
v -1.46556 -0.398333 0.750358
v -1.46427 -0.395336 0.75677
v -1.46358 -0.391657 0.761657
v -1.46742 -0.389924 0.759924
v -1.44927 -0.3625 0.779087
v -1.45818 -0.3625 0.776384
v -1.46639 -0.3625 0.771995
v -1.47359 -0.3625 0.766088
v -1.44 -0.371767 0.779087
v -1.44967 -0.372051 0.778014
v -1.45865 -0.372065 0.775124
v -1.46642 -0.371982 0.770818
v -1.4729 -0.371935 0.765439
v -1.44 -0.380677 0.776384
v -1.44967 -0.381126 0.775112
v -1.45843 -0.380888 0.772229
v -1.46555 -0.380332 0.76835
v -1.47122 -0.380013 0.763726
v -1.44 -0.38889 0.771995
v -1.44954 -0.388967 0.770772
v -1.45786 -0.388061 0.768332
v -1.46427 -0.38677 0.765336
v -1.46916 -0.38608 0.761657
v -1.48659 -0.371767 0.7325
v -1.48388 -0.380677 0.7325
v -1.47949 -0.38889 0.7325
v -1.47359 -0.396088 0.7325
v -1.48659 -0.3625 0.741767
v -1.48551 -0.37217 0.742051
v -1.48262 -0.381153 0.742065
v -1.47832 -0.388922 0.741982
v -1.47294 -0.395398 0.741935
v -1.48388 -0.3625 0.750677
v -1.48261 -0.372172 0.751126
v -1.47973 -0.380932 0.750888
v -1.47585 -0.388054 0.750332
v -1.47123 -0.393716 0.750013
v -1.47949 -0.3625 0.75889
v -1.47827 -0.37204 0.758967
v -1.47583 -0.380358 0.758061
v -1.47284 -0.38677 0.75677
v -1.46916 -0.391657 0.75608
v -1.44 0.3625 0
v -1.4875 0.3625 0.0475
v -1.44 0.41 0.0475
v -1.44927 0.3625 0.000912726
v -1.45818 0.3625 0.00361574
v -1.46639 0.3625 0.00800523
v -1.47359 0.3625 0.0139124
v -1.44 0.371767 0.000912726
v -1.44967 0.372051 0.00198597
v -1.45865 0.372065 0.00487596
v -1.46642 0.371982 0.00918236
v -1.4729 0.371935 0.0145614
v -1.44 0.380677 0.00361574
v -1.44967 0.381126 0.00488845
v -1.45843 0.380888 0.00777131
v -1.46555 0.380332 0.0116495
v -1.47122 0.380013 0.0162738
v -1.44 0.38889 0.00800523
v -1.44954 0.388967 0.00922829
v -1.45786 0.388061 0.0116675
v -1.46427 0.38677 0.0146637
v -1.46916 0.38608 0.0183434
v -1.46742 0.389924 0.0200759
v -1.48659 0.371767 0.0475
v -1.48388 0.380677 0.0475
v -1.47949 0.38889 0.0475
v -1.47359 0.396088 0.0475
v -1.48659 0.3625 0.0382332
v -1.48551 0.37217 0.0379493
v -1.48262 0.381153 0.0379347
v -1.47832 0.388922 0.0380181
v -1.47294 0.395398 0.0380655
v -1.48388 0.3625 0.0293226
v -1.48261 0.372172 0.0288735
v -1.47973 0.380932 0.0291115
v -1.47585 0.388054 0.0296676
v -1.47123 0.393716 0.0299867
v -1.47949 0.3625 0.0211104
v -1.47827 0.37204 0.0210328
v -1.47583 0.380358 0.0219387
v -1.47284 0.38677 0.0232305
v -1.46916 0.391657 0.0239196
v -1.44 0.409087 0.0382332
v -1.44 0.406384 0.0293226
v -1.44 0.401995 0.0211104
v -1.44 0.396088 0.0139124
v -1.44927 0.409087 0.0475
v -1.44955 0.408014 0.0378302
v -1.44957 0.405124 0.0288468
v -1.44948 0.400818 0.0210785
v -1.44943 0.395439 0.0146019
v -1.45818 0.406384 0.0475
v -1.45863 0.405112 0.0378276
v -1.45839 0.402229 0.0290679
v -1.45783 0.398351 0.0219463
v -1.45751 0.393726 0.0162837
v -1.46639 0.401995 0.0475
v -1.46647 0.400772 0.03796
v -1.46556 0.398333 0.0296424
v -1.46427 0.395336 0.0232305
v -1.46358 0.391657 0.0183434
v -1.44 0.3625 0.78
v -1.44 0.41 0.7325
v -1.4875 0.3625 0.7325
v -1.44 0.371767 0.779087
v -1.44 0.380677 0.776384
v -1.44 0.38889 0.771995
v -1.44 0.396088 0.766088
v -1.44927 0.3625 0.779087
v -1.44955 0.37217 0.778014
v -1.44957 0.381153 0.775124
v -1.44948 0.388922 0.770818
v -1.44943 0.395398 0.765439
v -1.45818 0.3625 0.776384
v -1.45863 0.372172 0.775112
v -1.45839 0.380932 0.772229
v -1.45783 0.388054 0.76835
v -1.45751 0.393716 0.763726
v -1.46639 0.3625 0.771995
v -1.46647 0.37204 0.770772
v -1.46556 0.380358 0.768332
v -1.46427 0.38677 0.765336
v -1.46358 0.391657 0.761657
v -1.46742 0.389924 0.759924
v -1.44927 0.409087 0.7325
v -1.45818 0.406384 0.7325
v -1.46639 0.401995 0.7325
v -1.47359 0.396088 0.7325
v -1.44 0.409087 0.741767
v -1.44967 0.408014 0.742051
v -1.45865 0.405124 0.742065
v -1.46642 0.400818 0.741982
v -1.4729 0.395439 0.741935
v -1.44 0.406384 0.750677
v -1.44967 0.405112 0.751126
v -1.45843 0.402229 0.750888
v -1.46555 0.398351 0.750332
v -1.47122 0.393726 0.750013
v -1.44 0.401995 0.75889
v -1.44954 0.400772 0.758967
v -1.45786 0.398333 0.758061
v -1.46427 0.395336 0.75677
v -1.46916 0.391657 0.75608
v -1.48659 0.3625 0.741767
v -1.48388 0.3625 0.750677
v -1.47949 0.3625 0.75889
v -1.47359 0.3625 0.766088
v -1.48659 0.371767 0.7325
v -1.48551 0.372051 0.74217
v -1.48262 0.372065 0.751153
v -1.47832 0.371982 0.758922
v -1.47294 0.371935 0.765398
v -1.48388 0.380677 0.7325
v -1.48261 0.381126 0.742172
v -1.47973 0.380888 0.750932
v -1.47585 0.380332 0.758054
v -1.47123 0.380013 0.763716
v -1.47949 0.38889 0.7325
v -1.47827 0.388967 0.74204
v -1.47583 0.388061 0.750358
v -1.47284 0.38677 0.75677
v -1.46916 0.38608 0.761657
v -1.44 -0.3625 0
v -1.3925 -0.3625 0.0475
v -1.44 -0.41 0.0475
v -1.43073 -0.3625 0.000912726
v -1.42182 -0.3625 0.00361574
v -1.41361 -0.3625 0.00800523
v -1.40641 -0.3625 0.0139124
v -1.44 -0.371767 0.000912726
v -1.43033 -0.372051 0.00198597
v -1.42135 -0.372065 0.00487596
v -1.41358 -0.371982 0.00918236
v -1.4071 -0.371935 0.0145614
v -1.44 -0.380677 0.00361574
v -1.43033 -0.381126 0.00488845
v -1.42157 -0.380888 0.00777131
v -1.41445 -0.380332 0.0116495
v -1.40878 -0.380013 0.0162738
v -1.44 -0.38889 0.00800523
v -1.43046 -0.388967 0.00922829
v -1.42214 -0.388061 0.0116675
v -1.41573 -0.38677 0.0146637
v -1.41084 -0.38608 0.0183434
v -1.41258 -0.389924 0.0200759
v -1.39341 -0.371767 0.0475
v -1.39612 -0.380677 0.0475
v -1.40051 -0.38889 0.0475
v -1.40641 -0.396088 0.0475
v -1.39341 -0.3625 0.0382332
v -1.39449 -0.37217 0.0379493
v -1.39738 -0.381153 0.0379347
v -1.40168 -0.388922 0.0380181
v -1.40706 -0.395398 0.0380655
v -1.39612 -0.3625 0.0293226
v -1.39739 -0.372172 0.0288735
v -1.40027 -0.380932 0.0291115
v -1.40415 -0.388054 0.0296676
v -1.40877 -0.393716 0.0299867
v -1.40051 -0.3625 0.0211104
v -1.40173 -0.37204 0.0210328
v -1.40417 -0.380358 0.0219387
v -1.40716 -0.38677 0.0232305
v -1.41084 -0.391657 0.0239196
v -1.44 -0.409087 0.0382332
v -1.44 -0.406384 0.0293226
v -1.44 -0.401995 0.0211104
v -1.44 -0.396088 0.0139124
v -1.43073 -0.409087 0.0475
v -1.43045 -0.408014 0.0378302
v -1.43043 -0.405124 0.0288468
v -1.43052 -0.400818 0.0210785
v -1.43057 -0.395439 0.0146019
v -1.42182 -0.406384 0.0475
v -1.42137 -0.405112 0.0378276
v -1.42161 -0.402229 0.0290679
v -1.42217 -0.398351 0.0219463
v -1.42249 -0.393726 0.0162837
v -1.41361 -0.401995 0.0475
v -1.41353 -0.400772 0.03796
v -1.41444 -0.398333 0.0296424
v -1.41573 -0.395336 0.0232305
v -1.41642 -0.391657 0.0183434
v -1.44 -0.3625 0.78
v -1.44 -0.41 0.7325
v -1.3925 -0.3625 0.7325
v -1.44 -0.371767 0.779087
v -1.44 -0.380677 0.776384
v -1.44 -0.38889 0.771995
v -1.44 -0.396088 0.766088
v -1.43073 -0.3625 0.779087
v -1.43045 -0.37217 0.778014
v -1.43043 -0.381153 0.775124
v -1.43052 -0.388922 0.770818
v -1.43057 -0.395398 0.765439
v -1.42182 -0.3625 0.776384
v -1.42137 -0.372172 0.775112
v -1.42161 -0.380932 0.772229
v -1.42217 -0.388054 0.76835
v -1.42249 -0.393716 0.763726
v -1.41361 -0.3625 0.771995
v -1.41353 -0.37204 0.770772
v -1.41444 -0.380358 0.768332
v -1.41573 -0.38677 0.765336
v -1.41642 -0.391657 0.761657
v -1.41258 -0.389924 0.759924
v -1.43073 -0.409087 0.7325
v -1.42182 -0.406384 0.7325
v -1.41361 -0.401995 0.7325
v -1.40641 -0.396088 0.7325
v -1.44 -0.409087 0.741767
v -1.43033 -0.408014 0.742051
v -1.42135 -0.405124 0.742065
v -1.41358 -0.400818 0.741982
v -1.4071 -0.395439 0.741935
v -1.44 -0.406384 0.750677
v -1.43033 -0.405112 0.751126
v -1.42157 -0.402229 0.750888
v -1.41445 -0.398351 0.750332
v -1.40878 -0.393726 0.750013
v -1.44 -0.401995 0.75889
v -1.43046 -0.400772 0.758967
v -1.42214 -0.398333 0.758061
v -1.41573 -0.395336 0.75677
v -1.41084 -0.391657 0.75608
v -1.39341 -0.3625 0.741767
v -1.39612 -0.3625 0.750677
v -1.40051 -0.3625 0.75889
v -1.40641 -0.3625 0.766088
v -1.39341 -0.371767 0.7325
v -1.39449 -0.372051 0.74217
v -1.39738 -0.372065 0.751153
v -1.40168 -0.371982 0.758922
v -1.40706 -0.371935 0.765398
v -1.39612 -0.380677 0.7325
v -1.39739 -0.381126 0.742172
v -1.40027 -0.380888 0.750932
v -1.40415 -0.380332 0.758054
v -1.40877 -0.380013 0.763716
v -1.40051 -0.38889 0.7325
v -1.40173 -0.388967 0.74204
v -1.40417 -0.388061 0.750358
v -1.40716 -0.38677 0.75677
v -1.41084 -0.38608 0.761657
v -1.44 0.3625 0
v -1.44 0.41 0.0475
v -1.3925 0.3625 0.0475
v -1.44 0.371767 0.000912726
v -1.44 0.380677 0.00361574
v -1.44 0.38889 0.00800523
v -1.44 0.396088 0.0139124
v -1.43073 0.3625 0.000912726
v -1.43045 0.37217 0.00198597
v -1.43043 0.381153 0.00487596
v -1.43052 0.388922 0.00918236
v -1.43057 0.395398 0.0145614
v -1.42182 0.3625 0.00361574
v -1.42137 0.372172 0.00488845
v -1.42161 0.380932 0.00777131
v -1.42217 0.388054 0.0116495
v -1.42249 0.393716 0.0162738
v -1.41361 0.3625 0.00800523
v -1.41353 0.37204 0.00922829
v -1.41444 0.380358 0.0116675
v -1.41573 0.38677 0.0146637
v -1.41642 0.391657 0.0183434
v -1.41258 0.389924 0.0200759
v -1.43073 0.409087 0.0475
v -1.42182 0.406384 0.0475
v -1.41361 0.401995 0.0475
v -1.40641 0.396088 0.0475
v -1.44 0.409087 0.0382332
v -1.43033 0.408014 0.0379493
v -1.42135 0.405124 0.0379347
v -1.41358 0.400818 0.0380181
v -1.4071 0.395439 0.0380655
v -1.44 0.406384 0.0293226
v -1.43033 0.405112 0.0288735
v -1.42157 0.402229 0.0291115
v -1.41445 0.398351 0.0296676
v -1.40878 0.393726 0.0299867
v -1.44 0.401995 0.0211104
v -1.43046 0.400772 0.0210328
v -1.42214 0.398333 0.0219387
v -1.41573 0.395336 0.0232305
v -1.41084 0.391657 0.0239196
v -1.39341 0.3625 0.0382332
v -1.39612 0.3625 0.0293226
v -1.40051 0.3625 0.0211104
v -1.40641 0.3625 0.0139124
v -1.39341 0.371767 0.0475
v -1.39449 0.372051 0.0378302
v -1.39738 0.372065 0.0288468
v -1.40168 0.371982 0.0210785
v -1.40706 0.371935 0.0146019
v -1.39612 0.380677 0.0475
v -1.39739 0.381126 0.0378276
v -1.40027 0.380888 0.0290679
v -1.40415 0.380332 0.0219463
v -1.40877 0.380013 0.0162837
v -1.40051 0.38889 0.0475
v -1.40173 0.388967 0.03796
v -1.40417 0.388061 0.0296424
v -1.40716 0.38677 0.0232305
v -1.41084 0.38608 0.0183434
v -1.44 0.3625 0.78
v -1.3925 0.3625 0.7325
v -1.44 0.41 0.7325
v -1.43073 0.3625 0.779087
v -1.42182 0.3625 0.776384
v -1.41361 0.3625 0.771995
v -1.40641 0.3625 0.766088
v -1.44 0.371767 0.779087
v -1.43033 0.372051 0.778014
v -1.42135 0.372065 0.775124
v -1.41358 0.371982 0.770818
v -1.4071 0.371935 0.765439
v -1.44 0.380677 0.776384
v -1.43033 0.381126 0.775112
v -1.42157 0.380888 0.772229
v -1.41445 0.380332 0.76835
v -1.40878 0.380013 0.763726
v -1.44 0.38889 0.771995
v -1.43046 0.388967 0.770772
v -1.42214 0.388061 0.768332
v -1.41573 0.38677 0.765336
v -1.41084 0.38608 0.761657
v -1.41258 0.389924 0.759924
v -1.39341 0.371767 0.7325
v -1.39612 0.380677 0.7325
v -1.40051 0.38889 0.7325
v -1.40641 0.396088 0.7325
v -1.39341 0.3625 0.741767
v -1.39449 0.37217 0.742051
v -1.39738 0.381153 0.742065
v -1.40168 0.388922 0.741982
v -1.40706 0.395398 0.741935
v -1.39612 0.3625 0.750677
v -1.39739 0.372172 0.751126
v -1.40027 0.380932 0.750888
v -1.40415 0.388054 0.750332
v -1.40877 0.393716 0.750013
v -1.40051 0.3625 0.75889
v -1.40173 0.37204 0.758967
v -1.40417 0.380358 0.758061
v -1.40716 0.38677 0.75677
v -1.41084 0.391657 0.75608
v -1.44 0.409087 0.741767
v -1.44 0.406384 0.750677
v -1.44 0.401995 0.75889
v -1.44 0.396088 0.766088
v -1.43073 0.409087 0.7325
v -1.43045 0.408014 0.74217
v -1.43043 0.405124 0.751153
v -1.43052 0.400818 0.758922
v -1.43057 0.395439 0.765398
v -1.42182 0.406384 0.7325
v -1.42137 0.405112 0.742172
v -1.42161 0.402229 0.750932
v -1.42217 0.398351 0.758054
v -1.42249 0.393726 0.763716
v -1.41361 0.401995 0.7325
v -1.41353 0.400772 0.74204
v -1.41444 0.398333 0.750358
v -1.41573 0.395336 0.75677
v -1.41642 0.391657 0.761657
f 463 523 278 218
f 585 645 524 462
f 644 400 279 522
f 219 280 402 340
f 341 401 646 584
f 217 220 225 224
f 220 221 226 225
f 221 222 227 226
f 222 223 228 227
f 224 225 230 229
f 225 226 231 230
f 226 227 232 231
f 227 228 233 232
f 229 230 235 234
f 230 231 236 235
f 231 232 237 236
f 232 233 238 237
f 234 235 267 262
f 235 236 272 267
f 236 237 277 272
f 237 238 239 277
f 218 240 245 244
f 240 241 246 245
f 241 242 247 246
f 242 243 248 247
f 244 245 250 249
f 245 246 251 250
f 246 247 252 251
f 247 248 253 252
f 249 250 255 254
f 250 251 256 255
f 251 252 257 256
f 252 253 258 257
f 254 255 228 223
f 255 256 233 228
f 256 257 238 233
f 257 258 239 238
f 219 259 264 263
f 259 260 265 264
f 260 261 266 265
f 261 262 267 266
f 263 264 269 268
f 264 265 270 269
f 265 266 271 270
f 266 267 272 271
f 268 269 274 273
f 269 270 275 274
f 270 271 276 275
f 271 272 277 276
f 273 274 248 243
f 274 275 253 248
f 275 276 258 253
f 276 277 239 258
f 278 281 286 285
f 281 282 287 286
f 282 283 288 287
f 283 284 289 288
f 285 286 291 290
f 286 287 292 291
f 287 288 293 292
f 288 289 294 293
f 290 291 296 295
f 291 292 297 296
f 292 293 298 297
f 293 294 299 298
f 295 296 328 323
f 296 297 333 328
f 297 298 338 333
f 298 299 300 338
f 279 301 306 305
f 301 302 307 306
f 302 303 308 307
f 303 304 309 308
f 305 306 311 310
f 306 307 312 311
f 307 308 313 312
f 308 309 314 313
f 310 311 316 315
f 311 312 317 316
f 312 313 318 317
f 313 314 319 318
f 315 316 289 284
f 316 317 294 289
f 317 318 299 294
f 318 319 300 299
f 280 320 325 324
f 320 321 326 325
f 321 322 327 326
f 322 323 328 327
f 324 325 330 329
f 325 326 331 330
f 326 327 332 331
f 327 328 333 332
f 329 330 335 334
f 330 331 336 335
f 331 332 337 336
f 332 333 338 337
f 334 335 309 304
f 335 336 314 309
f 336 337 319 314
f 337 338 300 319
f 339 342 347 346
f 342 343 348 347
f 343 344 349 348
f 344 345 350 349
f 346 347 352 351
f 347 348 353 352
f 348 349 354 353
f 349 350 355 354
f 351 352 357 356
f 352 353 358 357
f 353 354 359 358
f 354 355 360 359
f 356 357 389 384
f 357 358 394 389
f 358 359 399 394
f 359 360 361 399
f 340 362 367 366
f 362 363 368 367
f 363 364 369 368
f 364 365 370 369
f 366 367 372 371
f 367 368 373 372
f 368 369 374 373
f 369 370 375 374
f 371 372 377 376
f 372 373 378 377
f 373 374 379 378
f 374 375 380 379
f 376 377 350 345
f 377 378 355 350
f 378 379 360 355
f 379 380 361 360
f 341 381 386 385
f 381 382 387 386
f 382 383 388 387
f 383 384 389 388
f 385 386 391 390
f 386 387 392 391
f 387 388 393 392
f 388 389 394 393
f 390 391 396 395
f 391 392 397 396
f 392 393 398 397
f 393 394 399 398
f 395 396 370 365
f 396 397 375 370
f 397 398 380 375
f 398 399 361 380
f 400 403 408 407
f 403 404 409 408
f 404 405 410 409
f 405 406 411 410
f 407 408 413 412
f 408 409 414 413
f 409 410 415 414
f 410 411 416 415
f 412 413 418 417
f 413 414 419 418
f 414 415 420 419
f 415 416 421 420
f 417 418 450 445
f 418 419 455 450
f 419 420 460 455
f 420 421 422 460
f 401 423 428 427
f 423 424 429 428
f 424 425 430 429
f 425 426 431 430
f 427 428 433 432
f 428 429 434 433
f 429 430 435 434
f 430 431 436 435
f 432 433 438 437
f 433 434 439 438
f 434 435 440 439
f 435 436 441 440
f 437 438 411 406
f 438 439 416 411
f 439 440 421 416
f 440 441 422 421
f 402 442 447 446
f 442 443 448 447
f 443 444 449 448
f 444 445 450 449
f 446 447 452 451
f 447 448 453 452
f 448 449 454 453
f 449 450 455 454
f 451 452 457 456
f 452 453 458 457
f 453 454 459 458
f 454 455 460 459
f 456 457 431 426
f 457 458 436 431
f 458 459 441 436
f 459 460 422 441
f 461 464 469 468
f 464 465 470 469
f 465 466 471 470
f 466 467 472 471
f 468 469 474 473
f 469 470 475 474
f 470 471 476 475
f 471 472 477 476
f 473 474 479 478
f 474 475 480 479
f 475 476 481 480
f 476 477 482 481
f 478 479 511 506
f 479 480 516 511
f 480 481 521 516
f 481 482 483 521
f 462 484 489 488
f 484 485 490 489
f 485 486 491 490
f 486 487 492 491
f 488 489 494 493
f 489 490 495 494
f 490 491 496 495
f 491 492 497 496
f 493 494 499 498
f 494 495 500 499
f 495 496 501 500
f 496 497 502 501
f 498 499 472 467
f 499 500 477 472
f 500 501 482 477
f 501 502 483 482
f 463 503 508 507
f 503 504 509 508
f 504 505 510 509
f 505 506 511 510
f 507 508 513 512
f 508 509 514 513
f 509 510 515 514
f 510 511 516 515
f 512 513 518 517
f 513 514 519 518
f 514 515 520 519
f 515 516 521 520
f 517 518 492 487
f 518 519 497 492
f 519 520 502 497
f 520 521 483 502
f 522 525 530 529
f 525 526 531 530
f 526 527 532 531
f 527 528 533 532
f 529 530 535 534
f 530 531 536 535
f 531 532 537 536
f 532 533 538 537
f 534 535 540 539
f 535 536 541 540
f 536 537 542 541
f 537 538 543 542
f 539 540 572 567
f 540 541 577 572
f 541 542 582 577
f 542 543 544 582
f 523 545 550 549
f 545 546 551 550
f 546 547 552 551
f 547 548 553 552
f 549 550 555 554
f 550 551 556 555
f 551 552 557 556
f 552 553 558 557
f 554 555 560 559
f 555 556 561 560
f 556 557 562 561
f 557 558 563 562
f 559 560 533 528
f 560 561 538 533
f 561 562 543 538
f 562 563 544 543
f 524 564 569 568
f 564 565 570 569
f 565 566 571 570
f 566 567 572 571
f 568 569 574 573
f 569 570 575 574
f 570 571 576 575
f 571 572 577 576
f 573 574 579 578
f 574 575 580 579
f 575 576 581 580
f 576 577 582 581
f 578 579 553 548
f 579 580 558 553
f 580 581 563 558
f 581 582 544 563
f 583 586 591 590
f 586 587 592 591
f 587 588 593 592
f 588 589 594 593
f 590 591 596 595
f 591 592 597 596
f 592 593 598 597
f 593 594 599 598
f 595 596 601 600
f 596 597 602 601
f 597 598 603 602
f 598 599 604 603
f 600 601 633 628
f 601 602 638 633
f 602 603 643 638
f 603 604 605 643
f 584 606 611 610
f 606 607 612 611
f 607 608 613 612
f 608 609 614 613
f 610 611 616 615
f 611 612 617 616
f 612 613 618 617
f 613 614 619 618
f 615 616 621 620
f 616 617 622 621
f 617 618 623 622
f 618 619 624 623
f 620 621 594 589
f 621 622 599 594
f 622 623 604 599
f 623 624 605 604
f 585 625 630 629
f 625 626 631 630
f 626 627 632 631
f 627 628 633 632
f 629 630 635 634
f 630 631 636 635
f 631 632 637 636
f 632 633 638 637
f 634 635 640 639
f 635 636 641 640
f 636 637 642 641
f 637 638 643 642
f 639 640 614 609
f 640 641 619 614
f 641 642 624 619
f 642 643 605 624
f 644 647 652 651
f 647 648 653 652
f 648 649 654 653
f 649 650 655 654
f 651 652 657 656
f 652 653 658 657
f 653 654 659 658
f 654 655 660 659
f 656 657 662 661
f 657 658 663 662
f 658 659 664 663
f 659 660 665 664
f 661 662 694 689
f 662 663 699 694
f 663 664 704 699
f 664 665 666 704
f 645 667 672 671
f 667 668 673 672
f 668 669 674 673
f 669 670 675 674
f 671 672 677 676
f 672 673 678 677
f 673 674 679 678
f 674 675 680 679
f 676 677 682 681
f 677 678 683 682
f 678 679 684 683
f 679 680 685 684
f 681 682 655 650
f 682 683 660 655
f 683 684 665 660
f 684 685 666 665
f 646 686 691 690
f 686 687 692 691
f 687 688 693 692
f 688 689 694 693
f 690 691 696 695
f 691 692 697 696
f 692 693 698 697
f 693 694 699 698
f 695 696 701 700
f 696 697 702 701
f 697 698 703 702
f 698 699 704 703
f 700 701 675 670
f 701 702 680 675
f 702 703 685 680
f 703 704 666 685
f 339 217 224 342
f 342 224 229 343
f 343 229 234 344
f 344 234 262 345
f 345 262 261 376
f 376 261 260 371
f 371 260 259 366
f 366 259 219 340
f 218 278 285 240
f 240 285 290 241
f 241 290 295 242
f 242 295 323 243
f 243 323 322 273
f 273 322 321 268
f 268 321 320 263
f 263 320 280 219
f 279 400 407 301
f 301 407 412 302
f 302 412 417 303
f 303 417 445 304
f 304 445 444 334
f 334 444 443 329
f 329 443 442 324
f 324 442 402 280
f 401 341 385 423
f 423 385 390 424
f 424 390 395 425
f 425 395 365 426
f 426 365 364 456
f 456 364 363 451
f 451 363 362 446
f 446 362 340 402
f 583 339 346 586
f 586 346 351 587
f 587 351 356 588
f 588 356 384 589
f 589 384 383 620
f 620 383 382 615
f 615 382 381 610
f 610 381 341 584
f 400 644 651 403
f 403 651 656 404
f 404 656 661 405
f 405 661 689 406
f 406 689 688 437
f 437 688 687 432
f 432 687 686 427
f 427 686 646 401
f 645 585 629 667
f 667 629 634 668
f 668 634 639 669
f 669 639 609 670
f 670 609 608 700
f 700 608 607 695
f 695 607 606 690
f 690 606 584 646
f 461 583 590 464
f 464 590 595 465
f 465 595 600 466
f 466 600 628 467
f 467 628 627 498
f 498 627 626 493
f 493 626 625 488
f 488 625 585 462
f 644 522 529 647
f 647 529 534 648
f 648 534 539 649
f 649 539 567 650
f 650 567 566 681
f 681 566 565 676
f 676 565 564 671
f 671 564 524 645
f 523 463 507 545
f 545 507 512 546
f 546 512 517 547
f 547 517 487 548
f 548 487 486 578
f 578 486 485 573
f 573 485 484 568
f 568 484 462 524
f 217 461 468 220
f 220 468 473 221
f 221 473 478 222
f 222 478 506 223
f 223 506 505 254
f 254 505 504 249
f 249 504 503 244
f 244 503 463 218
f 522 279 305 525
f 525 305 310 526
f 526 310 315 527
f 527 315 284 528
f 528 284 283 559
f 559 283 282 554
f 554 282 281 549
f 549 281 278 523
f 339 583 461 217
g left_waterfall_rounded_lip
v -1.415 -0.355 0.71
v -1.415 -0.41 0.765
v -1.47 -0.355 0.765
v -1.415 -0.36573 0.711057
v -1.415 -0.376048 0.714187
v -1.415 -0.385556 0.719269
v -1.415 -0.393891 0.726109
v -1.42573 -0.355 0.711057
v -1.42606 -0.366197 0.7123
v -1.42608 -0.376598 0.715646
v -1.42598 -0.385593 0.720632
v -1.42592 -0.393093 0.72686
v -1.43605 -0.355 0.714187
v -1.43657 -0.3662 0.71566
v -1.43629 -0.376343 0.718998
v -1.43565 -0.384589 0.723489
v -1.43528 -0.391145 0.728843
v -1.44556 -0.355 0.719269
v -1.44565 -0.366046 0.720685
v -1.4446 -0.375677 0.72351
v -1.4431 -0.383102 0.726979
v -1.4423 -0.38876 0.73124
v -1.44675 -0.386754 0.733246
v -1.42573 -0.408943 0.765
v -1.43605 -0.405813 0.765
v -1.44556 -0.400731 0.765
v -1.45389 -0.393891 0.765
v -1.415 -0.408943 0.75427
v -1.4262 -0.4077 0.753941
v -1.4366 -0.404354 0.753924
v -1.44559 -0.399368 0.754021
v -1.45309 -0.39314 0.754076
v -1.415 -0.405813 0.743952
v -1.4262 -0.40434 0.743432
v -1.43634 -0.401002 0.743708
v -1.44459 -0.396511 0.744352
v -1.45115 -0.391157 0.744721
v -1.415 -0.400731 0.734444
v -1.42605 -0.399315 0.734354
v -1.43568 -0.39649 0.735403
v -1.4431 -0.393021 0.736898
v -1.44876 -0.38876 0.737696
v -1.46894 -0.355 0.75427
v -1.46581 -0.355 0.743952
v -1.46073 -0.355 0.734444
v -1.45389 -0.355 0.726109
v -1.46894 -0.36573 0.765
v -1.4677 -0.366059 0.753803
v -1.46435 -0.366076 0.743402
v -1.45937 -0.365979 0.734407
v -1.45314 -0.365924 0.726907
v -1.46581 -0.376048 0.765
v -1.46434 -0.376568 0.7538
v -1.461 -0.376292 0.743657
v -1.45651 -0.375648 0.735411
v -1.45116 -0.375279 0.728855
v -1.46073 -0.385556 0.765
v -1.45931 -0.385646 0.753954
v -1.45649 -0.384597 0.744323
v -1.45302 -0.383102 0.736898
v -1.44876 -0.382304 0.73124
v -1.415 -0.41 0.765
v -1.415 -0.355 0.82
v -1.47 -0.355 0.765
v -1.415 -0.408943 0.77573
v -1.415 -0.405813 0.786048
v -1.415 -0.400731 0.795556
v -1.415 -0.393891 0.803891
v -1.42573 -0.408943 0.765
v -1.42606 -0.4077 0.776197
v -1.42608 -0.404354 0.786598
v -1.42598 -0.399368 0.795593
v -1.42592 -0.39314 0.803092
v -1.43605 -0.405813 0.765
v -1.43657 -0.40434 0.7762
v -1.43629 -0.401002 0.786343
v -1.43565 -0.396511 0.794589
v -1.43528 -0.391157 0.801145
v -1.44556 -0.400731 0.765
v -1.44565 -0.399315 0.776046
v -1.4446 -0.39649 0.785677
v -1.4431 -0.393021 0.793102
v -1.4423 -0.38876 0.79876
v -1.44675 -0.386754 0.796754
v -1.42573 -0.355 0.818943
v -1.43605 -0.355 0.815813
v -1.44556 -0.355 0.810731
v -1.45389 -0.355 0.803891
v -1.415 -0.36573 0.818943
v -1.4262 -0.366059 0.8177
v -1.4366 -0.366076 0.814354
v -1.44559 -0.365979 0.809368
v -1.45309 -0.365924 0.80314
v -1.415 -0.376048 0.815813
v -1.4262 -0.376568 0.81434
v -1.43634 -0.376292 0.811002
v -1.44459 -0.375648 0.806511
v -1.45115 -0.375279 0.801157
v -1.415 -0.385556 0.810731
v -1.42605 -0.385646 0.809315
v -1.43568 -0.384597 0.80649
v -1.4431 -0.383102 0.803021
v -1.44876 -0.382304 0.79876
v -1.46894 -0.36573 0.765
v -1.46581 -0.376048 0.765
v -1.46073 -0.385556 0.765
v -1.45389 -0.393891 0.765
v -1.46894 -0.355 0.77573
v -1.4677 -0.366197 0.776059
v -1.46435 -0.376598 0.776076
v -1.45937 -0.385593 0.775979
v -1.45314 -0.393093 0.775924
v -1.46581 -0.355 0.786048
v -1.46434 -0.3662 0.786568
v -1.461 -0.376343 0.786292
v -1.45651 -0.384589 0.785648
v -1.45116 -0.391145 0.785279
v -1.46073 -0.355 0.795556
v -1.45931 -0.366046 0.795646
v -1.45649 -0.375677 0.794597
v -1.45302 -0.383102 0.793102
v -1.44876 -0.38876 0.792304
v -1.415 0.355 0.71
v -1.47 0.355 0.765
v -1.415 0.41 0.765
v -1.42573 0.355 0.711057
v -1.43605 0.355 0.714187
v -1.44556 0.355 0.719269
v -1.45389 0.355 0.726109
v -1.415 0.36573 0.711057
v -1.4262 0.366059 0.7123
v -1.4366 0.366076 0.715646
v -1.44559 0.365979 0.720632
v -1.45309 0.365924 0.72686
v -1.415 0.376048 0.714187
v -1.4262 0.376568 0.71566
v -1.43634 0.376292 0.718998
v -1.44459 0.375648 0.723489
v -1.45115 0.375279 0.728843
v -1.415 0.385556 0.719269
v -1.42605 0.385646 0.720685
v -1.43568 0.384597 0.72351
v -1.4431 0.383102 0.726979
v -1.44876 0.382304 0.73124
v -1.44675 0.386754 0.733246
v -1.46894 0.36573 0.765
v -1.46581 0.376048 0.765
v -1.46073 0.385556 0.765
v -1.45389 0.393891 0.765
v -1.46894 0.355 0.75427
v -1.4677 0.366197 0.753941
v -1.46435 0.376598 0.753924
v -1.45937 0.385593 0.754021
v -1.45314 0.393093 0.754076
v -1.46581 0.355 0.743952
v -1.46434 0.3662 0.743432
v -1.461 0.376343 0.743708
v -1.45651 0.384589 0.744352
v -1.45116 0.391145 0.744721
v -1.46073 0.355 0.734444
v -1.45931 0.366046 0.734354
v -1.45649 0.375677 0.735403
v -1.45302 0.383102 0.736898
v -1.44876 0.38876 0.737696
v -1.415 0.408943 0.75427
v -1.415 0.405813 0.743952
v -1.415 0.400731 0.734444
v -1.415 0.393891 0.726109
v -1.42573 0.408943 0.765
v -1.42606 0.4077 0.753803
v -1.42608 0.404354 0.743402
v -1.42598 0.399368 0.734407
v -1.42592 0.39314 0.726907
v -1.43605 0.405813 0.765
v -1.43657 0.40434 0.7538
v -1.43629 0.401002 0.743657
v -1.43565 0.396511 0.735411
v -1.43528 0.391157 0.728855
v -1.44556 0.400731 0.765
v -1.44565 0.399315 0.753954
v -1.4446 0.39649 0.744323
v -1.4431 0.393021 0.736898
v -1.4423 0.38876 0.73124
v -1.415 0.355 0.82
v -1.415 0.41 0.765
v -1.47 0.355 0.765
v -1.415 0.36573 0.818943
v -1.415 0.376048 0.815813
v -1.415 0.385556 0.810731
v -1.415 0.393891 0.803891
v -1.42573 0.355 0.818943
v -1.42606 0.366197 0.8177
v -1.42608 0.376598 0.814354
v -1.42598 0.385593 0.809368
v -1.42592 0.393093 0.80314
v -1.43605 0.355 0.815813
v -1.43657 0.3662 0.81434
v -1.43629 0.376343 0.811002
v -1.43565 0.384589 0.806511
v -1.43528 0.391145 0.801157
v -1.44556 0.355 0.810731
v -1.44565 0.366046 0.809315
v -1.4446 0.375677 0.80649
v -1.4431 0.383102 0.803021
v -1.4423 0.38876 0.79876
v -1.44675 0.386754 0.796754
v -1.42573 0.408943 0.765
v -1.43605 0.405813 0.765
v -1.44556 0.400731 0.765
v -1.45389 0.393891 0.765
v -1.415 0.408943 0.77573
v -1.4262 0.4077 0.776059
v -1.4366 0.404354 0.776076
v -1.44559 0.399368 0.775979
v -1.45309 0.39314 0.775924
v -1.415 0.405813 0.786048
v -1.4262 0.40434 0.786568
v -1.43634 0.401002 0.786292
v -1.44459 0.396511 0.785648
v -1.45115 0.391157 0.785279
v -1.415 0.400731 0.795556
v -1.42605 0.399315 0.795646
v -1.43568 0.39649 0.794597
v -1.4431 0.393021 0.793102
v -1.44876 0.38876 0.792304
v -1.46894 0.355 0.77573
v -1.46581 0.355 0.786048
v -1.46073 0.355 0.795556
v -1.45389 0.355 0.803891
v -1.46894 0.36573 0.765
v -1.4677 0.366059 0.776197
v -1.46435 0.366076 0.786598
v -1.45937 0.365979 0.795593
v -1.45314 0.365924 0.803092
v -1.46581 0.376048 0.765
v -1.46434 0.376568 0.7762
v -1.461 0.376292 0.786343
v -1.45651 0.375648 0.794589
v -1.45116 0.375279 0.801145
v -1.46073 0.385556 0.765
v -1.45931 0.385646 0.776046
v -1.45649 0.384597 0.785677
v -1.45302 0.383102 0.793102
v -1.44876 0.382304 0.79876
v -1.395 -0.355 0.71
v -1.34 -0.355 0.765
v -1.395 -0.41 0.765
v -1.38427 -0.355 0.711057
v -1.37395 -0.355 0.714187
v -1.36444 -0.355 0.719269
v -1.35611 -0.355 0.726109
v -1.395 -0.36573 0.711057
v -1.3838 -0.366059 0.7123
v -1.3734 -0.366076 0.715646
v -1.36441 -0.365979 0.720632
v -1.35691 -0.365924 0.72686
v -1.395 -0.376048 0.714187
v -1.3838 -0.376568 0.71566
v -1.37366 -0.376292 0.718998
v -1.36541 -0.375648 0.723489
v -1.35885 -0.375279 0.728843
v -1.395 -0.385556 0.719269
v -1.38395 -0.385646 0.720685
v -1.37432 -0.384597 0.72351
v -1.3669 -0.383102 0.726979
v -1.36124 -0.382304 0.73124
v -1.36325 -0.386754 0.733246
v -1.34106 -0.36573 0.765
v -1.34419 -0.376048 0.765
v -1.34927 -0.385556 0.765
v -1.35611 -0.393891 0.765
v -1.34106 -0.355 0.75427
v -1.3423 -0.366197 0.753941
v -1.34565 -0.376598 0.753924
v -1.35063 -0.385593 0.754021
v -1.35686 -0.393093 0.754076
v -1.34419 -0.355 0.743952
v -1.34566 -0.3662 0.743432
v -1.349 -0.376343 0.743708
v -1.35349 -0.384589 0.744352
v -1.35884 -0.391145 0.744721
v -1.34927 -0.355 0.734444
v -1.35069 -0.366046 0.734354
v -1.35351 -0.375677 0.735403
v -1.35698 -0.383102 0.736898
v -1.36124 -0.38876 0.737696
v -1.395 -0.408943 0.75427
v -1.395 -0.405813 0.743952
v -1.395 -0.400731 0.734444
v -1.395 -0.393891 0.726109
v -1.38427 -0.408943 0.765
v -1.38394 -0.4077 0.753803
v -1.38392 -0.404354 0.743402
v -1.38402 -0.399368 0.734407
v -1.38408 -0.39314 0.726907
v -1.37395 -0.405813 0.765
v -1.37343 -0.40434 0.7538
v -1.37371 -0.401002 0.743657
v -1.37435 -0.396511 0.735411
v -1.37472 -0.391157 0.728855
v -1.36444 -0.400731 0.765
v -1.36435 -0.399315 0.753954
v -1.3654 -0.39649 0.744323
v -1.3669 -0.393021 0.736898
v -1.3677 -0.38876 0.73124
v -1.395 -0.355 0.82
v -1.395 -0.41 0.765
v -1.34 -0.355 0.765
v -1.395 -0.36573 0.818943
v -1.395 -0.376048 0.815813
v -1.395 -0.385556 0.810731
v -1.395 -0.393891 0.803891
v -1.38427 -0.355 0.818943
v -1.38394 -0.366197 0.8177
v -1.38392 -0.376598 0.814354
v -1.38402 -0.385593 0.809368
v -1.38408 -0.393093 0.80314
v -1.37395 -0.355 0.815813
v -1.37343 -0.3662 0.81434
v -1.37371 -0.376343 0.811002
v -1.37435 -0.384589 0.806511
v -1.37472 -0.391145 0.801157
v -1.36444 -0.355 0.810731
v -1.36435 -0.366046 0.809315
v -1.3654 -0.375677 0.80649
v -1.3669 -0.383102 0.803021
v -1.3677 -0.38876 0.79876
v -1.36325 -0.386754 0.796754
v -1.38427 -0.408943 0.765
v -1.37395 -0.405813 0.765
v -1.36444 -0.400731 0.765
v -1.35611 -0.393891 0.765
v -1.395 -0.408943 0.77573
v -1.3838 -0.4077 0.776059
v -1.3734 -0.404354 0.776076
v -1.36441 -0.399368 0.775979
v -1.35691 -0.39314 0.775924
v -1.395 -0.405813 0.786048
v -1.3838 -0.40434 0.786568
v -1.37366 -0.401002 0.786292
v -1.36541 -0.396511 0.785648
v -1.35885 -0.391157 0.785279
v -1.395 -0.400731 0.795556
v -1.38395 -0.399315 0.795646
v -1.37432 -0.39649 0.794597
v -1.3669 -0.393021 0.793102
v -1.36124 -0.38876 0.792304
v -1.34106 -0.355 0.77573
v -1.34419 -0.355 0.786048
v -1.34927 -0.355 0.795556
v -1.35611 -0.355 0.803891
v -1.34106 -0.36573 0.765
v -1.3423 -0.366059 0.776197
v -1.34565 -0.366076 0.786598
v -1.35063 -0.365979 0.795593
v -1.35686 -0.365924 0.803092
v -1.34419 -0.376048 0.765
v -1.34566 -0.376568 0.7762
v -1.349 -0.376292 0.786343
v -1.35349 -0.375648 0.794589
v -1.35884 -0.375279 0.801145
v -1.34927 -0.385556 0.765
v -1.35069 -0.385646 0.776046
v -1.35351 -0.384597 0.785677
v -1.35698 -0.383102 0.793102
v -1.36124 -0.382304 0.79876
v -1.395 0.355 0.71
v -1.395 0.41 0.765
v -1.34 0.355 0.765
v -1.395 0.36573 0.711057
v -1.395 0.376048 0.714187
v -1.395 0.385556 0.719269
v -1.395 0.393891 0.726109
v -1.38427 0.355 0.711057
v -1.38394 0.366197 0.7123
v -1.38392 0.376598 0.715646
v -1.38402 0.385593 0.720632
v -1.38408 0.393093 0.72686
v -1.37395 0.355 0.714187
v -1.37343 0.3662 0.71566
v -1.37371 0.376343 0.718998
v -1.37435 0.384589 0.723489
v -1.37472 0.391145 0.728843
v -1.36444 0.355 0.719269
v -1.36435 0.366046 0.720685
v -1.3654 0.375677 0.72351
v -1.3669 0.383102 0.726979
v -1.3677 0.38876 0.73124
v -1.36325 0.386754 0.733246
v -1.38427 0.408943 0.765
v -1.37395 0.405813 0.765
v -1.36444 0.400731 0.765
v -1.35611 0.393891 0.765
v -1.395 0.408943 0.75427
v -1.3838 0.4077 0.753941
v -1.3734 0.404354 0.753924
v -1.36441 0.399368 0.754021
v -1.35691 0.39314 0.754076
v -1.395 0.405813 0.743952
v -1.3838 0.40434 0.743432
v -1.37366 0.401002 0.743708
v -1.36541 0.396511 0.744352
v -1.35885 0.391157 0.744721
v -1.395 0.400731 0.734444
v -1.38395 0.399315 0.734354
v -1.37432 0.39649 0.735403
v -1.3669 0.393021 0.736898
v -1.36124 0.38876 0.737696
v -1.34106 0.355 0.75427
v -1.34419 0.355 0.743952
v -1.34927 0.355 0.734444
v -1.35611 0.355 0.726109
v -1.34106 0.36573 0.765
v -1.3423 0.366059 0.753803
v -1.34565 0.366076 0.743402
v -1.35063 0.365979 0.734407
v -1.35686 0.365924 0.726907
v -1.34419 0.376048 0.765
v -1.34566 0.376568 0.7538
v -1.349 0.376292 0.743657
v -1.35349 0.375648 0.735411
v -1.35884 0.375279 0.728855
v -1.34927 0.385556 0.765
v -1.35069 0.385646 0.753954
v -1.35351 0.384597 0.744323
v -1.35698 0.383102 0.736898
v -1.36124 0.382304 0.73124
v -1.395 0.355 0.82
v -1.34 0.355 0.765
v -1.395 0.41 0.765
v -1.38427 0.355 0.818943
v -1.37395 0.355 0.815813
v -1.36444 0.355 0.810731
v -1.35611 0.355 0.803891
v -1.395 0.36573 0.818943
v -1.3838 0.366059 0.8177
v -1.3734 0.366076 0.814354
v -1.36441 0.365979 0.809368
v -1.35691 0.365924 0.80314
v -1.395 0.376048 0.815813
v -1.3838 0.376568 0.81434
v -1.37366 0.376292 0.811002
v -1.36541 0.375648 0.806511
v -1.35885 0.375279 0.801157
v -1.395 0.385556 0.810731
v -1.38395 0.385646 0.809315
v -1.37432 0.384597 0.80649
v -1.3669 0.383102 0.803021
v -1.36124 0.382304 0.79876
v -1.36325 0.386754 0.796754
v -1.34106 0.36573 0.765
v -1.34419 0.376048 0.765
v -1.34927 0.385556 0.765
v -1.35611 0.393891 0.765
v -1.34106 0.355 0.77573
v -1.3423 0.366197 0.776059
v -1.34565 0.376598 0.776076
v -1.35063 0.385593 0.775979
v -1.35686 0.393093 0.775924
v -1.34419 0.355 0.786048
v -1.34566 0.3662 0.786568
v -1.349 0.376343 0.786292
v -1.35349 0.384589 0.785648
v -1.35884 0.391145 0.785279
v -1.34927 0.355 0.795556
v -1.35069 0.366046 0.795646
v -1.35351 0.375677 0.794597
v -1.35698 0.383102 0.793102
v -1.36124 0.38876 0.792304
v -1.395 0.408943 0.77573
v -1.395 0.405813 0.786048
v -1.395 0.400731 0.795556
v -1.395 0.393891 0.803891
v -1.38427 0.408943 0.765
v -1.38394 0.4077 0.776197
v -1.38392 0.404354 0.786598
v -1.38402 0.399368 0.795593
v -1.38408 0.39314 0.803092
v -1.37395 0.405813 0.765
v -1.37343 0.40434 0.7762
v -1.37371 0.401002 0.786343
v -1.37435 0.396511 0.794589
v -1.37472 0.391157 0.801145
v -1.36444 0.400731 0.765
v -1.36435 0.399315 0.776046
v -1.3654 0.39649 0.785677
v -1.3669 0.393021 0.793102
v -1.3677 0.38876 0.79876
f 951 1011 766 706
f 1073 1133 1012 950
f 1132 888 767 1010
f 707 768 890 828
f 829 889 1134 1072
f 705 708 713 712
f 708 709 714 713
f 709 710 715 714
f 710 711 716 715
f 712 713 718 717
f 713 714 719 718
f 714 715 720 719
f 715 716 721 720
f 717 718 723 722
f 718 719 724 723
f 719 720 725 724
f 720 721 726 725
f 722 723 755 750
f 723 724 760 755
f 724 725 765 760
f 725 726 727 765
f 706 728 733 732
f 728 729 734 733
f 729 730 735 734
f 730 731 736 735
f 732 733 738 737
f 733 734 739 738
f 734 735 740 739
f 735 736 741 740
f 737 738 743 742
f 738 739 744 743
f 739 740 745 744
f 740 741 746 745
f 742 743 716 711
f 743 744 721 716
f 744 745 726 721
f 745 746 727 726
f 707 747 752 751
f 747 748 753 752
f 748 749 754 753
f 749 750 755 754
f 751 752 757 756
f 752 753 758 757
f 753 754 759 758
f 754 755 760 759
f 756 757 762 761
f 757 758 763 762
f 758 759 764 763
f 759 760 765 764
f 761 762 736 731
f 762 763 741 736
f 763 764 746 741
f 764 765 727 746
f 766 769 774 773
f 769 770 775 774
f 770 771 776 775
f 771 772 777 776
f 773 774 779 778
f 774 775 780 779
f 775 776 781 780
f 776 777 782 781
f 778 779 784 783
f 779 780 785 784
f 780 781 786 785
f 781 782 787 786
f 783 784 816 811
f 784 785 821 816
f 785 786 826 821
f 786 787 788 826
f 767 789 794 793
f 789 790 795 794
f 790 791 796 795
f 791 792 797 796
f 793 794 799 798
f 794 795 800 799
f 795 796 801 800
f 796 797 802 801
f 798 799 804 803
f 799 800 805 804
f 800 801 806 805
f 801 802 807 806
f 803 804 777 772
f 804 805 782 777
f 805 806 787 782
f 806 807 788 787
f 768 808 813 812
f 808 809 814 813
f 809 810 815 814
f 810 811 816 815
f 812 813 818 817
f 813 814 819 818
f 814 815 820 819
f 815 816 821 820
f 817 818 823 822
f 818 819 824 823
f 819 820 825 824
f 820 821 826 825
f 822 823 797 792
f 823 824 802 797
f 824 825 807 802
f 825 826 788 807
f 827 830 835 834
f 830 831 836 835
f 831 832 837 836
f 832 833 838 837
f 834 835 840 839
f 835 836 841 840
f 836 837 842 841
f 837 838 843 842
f 839 840 845 844
f 840 841 846 845
f 841 842 847 846
f 842 843 848 847
f 844 845 877 872
f 845 846 882 877
f 846 847 887 882
f 847 848 849 887
f 828 850 855 854
f 850 851 856 855
f 851 852 857 856
f 852 853 858 857
f 854 855 860 859
f 855 856 861 860
f 856 857 862 861
f 857 858 863 862
f 859 860 865 864
f 860 861 866 865
f 861 862 867 866
f 862 863 868 867
f 864 865 838 833
f 865 866 843 838
f 866 867 848 843
f 867 868 849 848
f 829 869 874 873
f 869 870 875 874
f 870 871 876 875
f 871 872 877 876
f 873 874 879 878
f 874 875 880 879
f 875 876 881 880
f 876 877 882 881
f 878 879 884 883
f 879 880 885 884
f 880 881 886 885
f 881 882 887 886
f 883 884 858 853
f 884 885 863 858
f 885 886 868 863
f 886 887 849 868
f 888 891 896 895
f 891 892 897 896
f 892 893 898 897
f 893 894 899 898
f 895 896 901 900
f 896 897 902 901
f 897 898 903 902
f 898 899 904 903
f 900 901 906 905
f 901 902 907 906
f 902 903 908 907
f 903 904 909 908
f 905 906 938 933
f 906 907 943 938
f 907 908 948 943
f 908 909 910 948
f 889 911 916 915
f 911 912 917 916
f 912 913 918 917
f 913 914 919 918
f 915 916 921 920
f 916 917 922 921
f 917 918 923 922
f 918 919 924 923
f 920 921 926 925
f 921 922 927 926
f 922 923 928 927
f 923 924 929 928
f 925 926 899 894
f 926 927 904 899
f 927 928 909 904
f 928 929 910 909
f 890 930 935 934
f 930 931 936 935
f 931 932 937 936
f 932 933 938 937
f 934 935 940 939
f 935 936 941 940
f 936 937 942 941
f 937 938 943 942
f 939 940 945 944
f 940 941 946 945
f 941 942 947 946
f 942 943 948 947
f 944 945 919 914
f 945 946 924 919
f 946 947 929 924
f 947 948 910 929
f 949 952 957 956
f 952 953 958 957
f 953 954 959 958
f 954 955 960 959
f 956 957 962 961
f 957 958 963 962
f 958 959 964 963
f 959 960 965 964
f 961 962 967 966
f 962 963 968 967
f 963 964 969 968
f 964 965 970 969
f 966 967 999 994
f 967 968 1004 999
f 968 969 1009 1004
f 969 970 971 1009
f 950 972 977 976
f 972 973 978 977
f 973 974 979 978
f 974 975 980 979
f 976 977 982 981
f 977 978 983 982
f 978 979 984 983
f 979 980 985 984
f 981 982 987 986
f 982 983 988 987
f 983 984 989 988
f 984 985 990 989
f 986 987 960 955
f 987 988 965 960
f 988 989 970 965
f 989 990 971 970
f 951 991 996 995
f 991 992 997 996
f 992 993 998 997
f 993 994 999 998
f 995 996 1001 1000
f 996 997 1002 1001
f 997 998 1003 1002
f 998 999 1004 1003
f 1000 1001 1006 1005
f 1001 1002 1007 1006
f 1002 1003 1008 1007
f 1003 1004 1009 1008
f 1005 1006 980 975
f 1006 1007 985 980
f 1007 1008 990 985
f 1008 1009 971 990
f 1010 1013 1018 1017
f 1013 1014 1019 1018
f 1014 1015 1020 1019
f 1015 1016 1021 1020
f 1017 1018 1023 1022
f 1018 1019 1024 1023
f 1019 1020 1025 1024
f 1020 1021 1026 1025
f 1022 1023 1028 1027
f 1023 1024 1029 1028
f 1024 1025 1030 1029
f 1025 1026 1031 1030
f 1027 1028 1060 1055
f 1028 1029 1065 1060
f 1029 1030 1070 1065
f 1030 1031 1032 1070
f 1011 1033 1038 1037
f 1033 1034 1039 1038
f 1034 1035 1040 1039
f 1035 1036 1041 1040
f 1037 1038 1043 1042
f 1038 1039 1044 1043
f 1039 1040 1045 1044
f 1040 1041 1046 1045
f 1042 1043 1048 1047
f 1043 1044 1049 1048
f 1044 1045 1050 1049
f 1045 1046 1051 1050
f 1047 1048 1021 1016
f 1048 1049 1026 1021
f 1049 1050 1031 1026
f 1050 1051 1032 1031
f 1012 1052 1057 1056
f 1052 1053 1058 1057
f 1053 1054 1059 1058
f 1054 1055 1060 1059
f 1056 1057 1062 1061
f 1057 1058 1063 1062
f 1058 1059 1064 1063
f 1059 1060 1065 1064
f 1061 1062 1067 1066
f 1062 1063 1068 1067
f 1063 1064 1069 1068
f 1064 1065 1070 1069
f 1066 1067 1041 1036
f 1067 1068 1046 1041
f 1068 1069 1051 1046
f 1069 1070 1032 1051
f 1071 1074 1079 1078
f 1074 1075 1080 1079
f 1075 1076 1081 1080
f 1076 1077 1082 1081
f 1078 1079 1084 1083
f 1079 1080 1085 1084
f 1080 1081 1086 1085
f 1081 1082 1087 1086
f 1083 1084 1089 1088
f 1084 1085 1090 1089
f 1085 1086 1091 1090
f 1086 1087 1092 1091
f 1088 1089 1121 1116
f 1089 1090 1126 1121
f 1090 1091 1131 1126
f 1091 1092 1093 1131
f 1072 1094 1099 1098
f 1094 1095 1100 1099
f 1095 1096 1101 1100
f 1096 1097 1102 1101
f 1098 1099 1104 1103
f 1099 1100 1105 1104
f 1100 1101 1106 1105
f 1101 1102 1107 1106
f 1103 1104 1109 1108
f 1104 1105 1110 1109
f 1105 1106 1111 1110
f 1106 1107 1112 1111
f 1108 1109 1082 1077
f 1109 1110 1087 1082
f 1110 1111 1092 1087
f 1111 1112 1093 1092
f 1073 1113 1118 1117
f 1113 1114 1119 1118
f 1114 1115 1120 1119
f 1115 1116 1121 1120
f 1117 1118 1123 1122
f 1118 1119 1124 1123
f 1119 1120 1125 1124
f 1120 1121 1126 1125
f 1122 1123 1128 1127
f 1123 1124 1129 1128
f 1124 1125 1130 1129
f 1125 1126 1131 1130
f 1127 1128 1102 1097
f 1128 1129 1107 1102
f 1129 1130 1112 1107
f 1130 1131 1093 1112
f 1132 1135 1140 1139
f 1135 1136 1141 1140
f 1136 1137 1142 1141
f 1137 1138 1143 1142
f 1139 1140 1145 1144
f 1140 1141 1146 1145
f 1141 1142 1147 1146
f 1142 1143 1148 1147
f 1144 1145 1150 1149
f 1145 1146 1151 1150
f 1146 1147 1152 1151
f 1147 1148 1153 1152
f 1149 1150 1182 1177
f 1150 1151 1187 1182
f 1151 1152 1192 1187
f 1152 1153 1154 1192
f 1133 1155 1160 1159
f 1155 1156 1161 1160
f 1156 1157 1162 1161
f 1157 1158 1163 1162
f 1159 1160 1165 1164
f 1160 1161 1166 1165
f 1161 1162 1167 1166
f 1162 1163 1168 1167
f 1164 1165 1170 1169
f 1165 1166 1171 1170
f 1166 1167 1172 1171
f 1167 1168 1173 1172
f 1169 1170 1143 1138
f 1170 1171 1148 1143
f 1171 1172 1153 1148
f 1172 1173 1154 1153
f 1134 1174 1179 1178
f 1174 1175 1180 1179
f 1175 1176 1181 1180
f 1176 1177 1182 1181
f 1178 1179 1184 1183
f 1179 1180 1185 1184
f 1180 1181 1186 1185
f 1181 1182 1187 1186
f 1183 1184 1189 1188
f 1184 1185 1190 1189
f 1185 1186 1191 1190
f 1186 1187 1192 1191
f 1188 1189 1163 1158
f 1189 1190 1168 1163
f 1190 1191 1173 1168
f 1191 1192 1154 1173
f 827 705 712 830
f 830 712 717 831
f 831 717 722 832
f 832 722 750 833
f 833 750 749 864
f 864 749 748 859
f 859 748 747 854
f 854 747 707 828
f 706 766 773 728
f 728 773 778 729
f 729 778 783 730
f 730 783 811 731
f 731 811 810 761
f 761 810 809 756
f 756 809 808 751
f 751 808 768 707
f 767 888 895 789
f 789 895 900 790
f 790 900 905 791
f 791 905 933 792
f 792 933 932 822
f 822 932 931 817
f 817 931 930 812
f 812 930 890 768
f 889 829 873 911
f 911 873 878 912
f 912 878 883 913
f 913 883 853 914
f 914 853 852 944
f 944 852 851 939
f 939 851 850 934
f 934 850 828 890
f 1071 827 834 1074
f 1074 834 839 1075
f 1075 839 844 1076
f 1076 844 872 1077
f 1077 872 871 1108
f 1108 871 870 1103
f 1103 870 869 1098
f 1098 869 829 1072
f 888 1132 1139 891
f 891 1139 1144 892
f 892 1144 1149 893
f 893 1149 1177 894
f 894 1177 1176 925
f 925 1176 1175 920
f 920 1175 1174 915
f 915 1174 1134 889
f 1133 1073 1117 1155
f 1155 1117 1122 1156
f 1156 1122 1127 1157
f 1157 1127 1097 1158
f 1158 1097 1096 1188
f 1188 1096 1095 1183
f 1183 1095 1094 1178
f 1178 1094 1072 1134
f 949 1071 1078 952
f 952 1078 1083 953
f 953 1083 1088 954
f 954 1088 1116 955
f 955 1116 1115 986
f 986 1115 1114 981
f 981 1114 1113 976
f 976 1113 1073 950
f 1132 1010 1017 1135
f 1135 1017 1022 1136
f 1136 1022 1027 1137
f 1137 1027 1055 1138
f 1138 1055 1054 1169
f 1169 1054 1053 1164
f 1164 1053 1052 1159
f 1159 1052 1012 1133
f 1011 951 995 1033
f 1033 995 1000 1034
f 1034 1000 1005 1035
f 1035 1005 975 1036
f 1036 975 974 1066
f 1066 974 973 1061
f 1061 973 972 1056
f 1056 972 950 1012
f 705 949 956 708
f 708 956 961 709
f 709 961 966 710
f 710 966 994 711
f 711 994 993 742
f 742 993 992 737
f 737 992 991 732
f 732 991 951 706
f 1010 767 793 1013
f 1013 793 798 1014
f 1014 798 803 1015
f 1015 803 772 1016
f 1016 772 771 1047
f 1047 771 770 1042
f 1042 770 769 1037
f 1037 769 766 1011
f 827 1071 949 705
g right_wood_side_panel
v 1.2395 -0.363 0
v 1.2395 -0.375 0.012
v 1.2275 -0.363 0.012
v 1.2395 -0.371485 0.00351468
v 1.23257 -0.369928 0.00507176
v 1.23101 -0.371485 0.012
v 1.23101 -0.363 0.00351468
v 1.2395 -0.375 0.728
v 1.2395 -0.363 0.74
v 1.2275 -0.363 0.728
v 1.2395 -0.371485 0.736485
v 1.23257 -0.369928 0.734928
v 1.23101 -0.363 0.736485
v 1.23101 -0.371485 0.728
v 1.2395 0.363 0
v 1.2275 0.363 0.012
v 1.2395 0.375 0.012
v 1.23101 0.363 0.00351468
v 1.23257 0.369928 0.00507176
v 1.23101 0.371485 0.012
v 1.2395 0.371485 0.00351468
v 1.2395 0.363 0.74
v 1.2395 0.375 0.728
v 1.2275 0.363 0.728
v 1.2395 0.371485 0.736485
v 1.23257 0.369928 0.734928
v 1.23101 0.371485 0.728
v 1.23101 0.363 0.736485
v 1.2905 -0.363 0
v 1.3025 -0.363 0.012
v 1.2905 -0.375 0.012
v 1.29899 -0.363 0.00351468
v 1.29743 -0.369928 0.00507176
v 1.29899 -0.371485 0.012
v 1.2905 -0.371485 0.00351468
v 1.2905 -0.363 0.74
v 1.2905 -0.375 0.728
v 1.3025 -0.363 0.728
v 1.2905 -0.371485 0.736485
v 1.29743 -0.369928 0.734928
v 1.29899 -0.371485 0.728
v 1.29899 -0.363 0.736485
v 1.2905 0.363 0
v 1.2905 0.375 0.012
v 1.3025 0.363 0.012
v 1.2905 0.371485 0.00351468
v 1.29743 0.369928 0.00507176
v 1.29899 0.371485 0.012
v 1.29899 0.363 0.00351468
v 1.2905 0.363 0.74
v 1.3025 0.363 0.728
v 1.2905 0.375 0.728
v 1.29899 0.363 0.736485
v 1.29743 0.369928 0.734928
v 1.29899 0.371485 0.728
v 1.2905 0.371485 0.736485
usemtl tan_wood_panel_003
f 1223 1229 1200 1194
f 1237 1243 1230 1222
f 1242 1214 1201 1228
f 1195 1202 1216 1208
f 1209 1215 1244 1236
f 1193 1196 1197 1199
f 1194 1198 1197 1196
f 1195 1199 1197 1198
f 1200 1203 1204 1206
f 1201 1205 1204 1203
f 1202 1206 1204 1205
f 1207 1210 1211 1213
f 1208 1212 1211 1210
f 1209 1213 1211 1212
f 1214 1217 1218 1220
f 1215 1219 1218 1217
f 1216 1220 1218 1219
f 1221 1224 1225 1227
f 1222 1226 1225 1224
f 1223 1227 1225 1226
f 1228 1231 1232 1234
f 1229 1233 1232 1231
f 1230 1234 1232 1233
f 1235 1238 1239 1241
f 1236 1240 1239 1238
f 1237 1241 1239 1240
f 1242 1245 1246 1248
f 1243 1247 1246 1245
f 1244 1248 1246 1247
f 1207 1193 1199 1210
f 1210 1199 1195 1208
f 1194 1200 1206 1198
f 1198 1206 1202 1195
f 1201 1214 1220 1205
f 1205 1220 1216 1202
f 1215 1209 1212 1219
f 1219 1212 1208 1216
f 1235 1207 1213 1238
f 1238 1213 1209 1236
f 1214 1242 1248 1217
f 1217 1248 1244 1215
f 1243 1237 1240 1247
f 1247 1240 1236 1244
f 1221 1235 1241 1224
f 1224 1241 1237 1222
f 1242 1228 1234 1245
f 1245 1234 1230 1243
f 1229 1223 1226 1233
f 1233 1226 1222 1230
f 1193 1221 1227 1196
f 1196 1227 1223 1194
f 1228 1201 1203 1231
f 1231 1203 1200 1229
f 1207 1235 1221 1193
g drawer_carcass
v -0.852 -0.1545 0.5175
v -0.852 -0.1625 0.5255
v -0.86 -0.1545 0.5255
v -0.852 -0.160157 0.519843
v -0.856619 -0.159119 0.520881
v -0.857657 -0.160157 0.5255
v -0.857657 -0.1545 0.519843
v -0.852 -0.1625 0.7445
v -0.852 -0.1545 0.7525
v -0.86 -0.1545 0.7445
v -0.852 -0.160157 0.750157
v -0.856619 -0.159119 0.749119
v -0.857657 -0.1545 0.750157
v -0.857657 -0.160157 0.7445
v -0.852 -0.1355 0.5175
v -0.86 -0.1355 0.5255
v -0.852 -0.1275 0.5255
v -0.857657 -0.1355 0.519843
v -0.856619 -0.130881 0.520881
v -0.857657 -0.129843 0.5255
v -0.852 -0.129843 0.519843
v -0.852 -0.1355 0.7525
v -0.852 -0.1275 0.7445
v -0.86 -0.1355 0.7445
v -0.852 -0.129843 0.750157
v -0.856619 -0.130881 0.749119
v -0.857657 -0.129843 0.7445
v -0.857657 -0.1355 0.750157
v 0.852 -0.1545 0.5175
v 0.86 -0.1545 0.5255
v 0.852 -0.1625 0.5255
v 0.857657 -0.1545 0.519843
v 0.856619 -0.159119 0.520881
v 0.857657 -0.160157 0.5255
v 0.852 -0.160157 0.519843
v 0.852 -0.1545 0.7525
v 0.852 -0.1625 0.7445
v 0.86 -0.1545 0.7445
v 0.852 -0.160157 0.750157
v 0.856619 -0.159119 0.749119
v 0.857657 -0.160157 0.7445
v 0.857657 -0.1545 0.750157
v 0.852 -0.1355 0.5175
v 0.852 -0.1275 0.5255
v 0.86 -0.1355 0.5255
v 0.852 -0.129843 0.519843
v 0.856619 -0.130881 0.520881
v 0.857657 -0.129843 0.5255
v 0.857657 -0.1355 0.519843
v 0.852 -0.1355 0.7525
v 0.86 -0.1355 0.7445
v 0.852 -0.1275 0.7445
v 0.857657 -0.1355 0.750157
v 0.856619 -0.130881 0.749119
v 0.857657 -0.129843 0.7445
v 0.852 -0.129843 0.750157
v -0.8895 -0.467 0.5175
v -0.8895 -0.475 0.5255
v -0.8975 -0.467 0.5255
v -0.8895 -0.472657 0.519843
v -0.894119 -0.471619 0.520881
v -0.895157 -0.472657 0.5255
v -0.895157 -0.467 0.519843
v -0.8895 -0.475 0.7445
v -0.8895 -0.467 0.7525
v -0.8975 -0.467 0.7445
v -0.8895 -0.472657 0.750157
v -0.894119 -0.471619 0.749119
v -0.895157 -0.467 0.750157
v -0.895157 -0.472657 0.7445
v -0.8895 -0.143 0.5175
v -0.8975 -0.143 0.5255
v -0.8895 -0.135 0.5255
v -0.895157 -0.143 0.519843
v -0.894119 -0.138381 0.520881
v -0.895157 -0.137343 0.5255
v -0.8895 -0.137343 0.519843
v -0.8895 -0.143 0.7525
v -0.8895 -0.135 0.7445
v -0.8975 -0.143 0.7445
v -0.8895 -0.137343 0.750157
v -0.894119 -0.138381 0.749119
v -0.895157 -0.137343 0.7445
v -0.895157 -0.143 0.750157
v -0.8705 -0.467 0.5175
v -0.8625 -0.467 0.5255
v -0.8705 -0.475 0.5255
v -0.864843 -0.467 0.519843
v -0.865881 -0.471619 0.520881
v -0.864843 -0.472657 0.5255
v -0.8705 -0.472657 0.519843
v -0.8705 -0.467 0.7525
v -0.8705 -0.475 0.7445
v -0.8625 -0.467 0.7445
v -0.8705 -0.472657 0.750157
v -0.865881 -0.471619 0.749119
v -0.864843 -0.472657 0.7445
v -0.864843 -0.467 0.750157
v -0.8705 -0.143 0.5175
v -0.8705 -0.135 0.5255
v -0.8625 -0.143 0.5255
v -0.8705 -0.137343 0.519843
v -0.865881 -0.138381 0.520881
v -0.864843 -0.137343 0.5255
v -0.864843 -0.143 0.519843
v -0.8705 -0.143 0.7525
v -0.8625 -0.143 0.7445
v -0.8705 -0.135 0.7445
v -0.864843 -0.143 0.750157
v -0.865881 -0.138381 0.749119
v -0.864843 -0.137343 0.7445
v -0.8705 -0.137343 0.750157
v -0.0095 -0.467 0.5175
v -0.0095 -0.475 0.5255
v -0.0175 -0.467 0.5255
v -0.0095 -0.472657 0.519843
v -0.0141188 -0.471619 0.520881
v -0.0151569 -0.472657 0.5255
v -0.0151569 -0.467 0.519843
v -0.0095 -0.475 0.7445
v -0.0095 -0.467 0.7525
v -0.0175 -0.467 0.7445
v -0.0095 -0.472657 0.750157
v -0.0141188 -0.471619 0.749119
v -0.0151569 -0.467 0.750157
v -0.0151569 -0.472657 0.7445
v -0.0095 -0.143 0.5175
v -0.0175 -0.143 0.5255
v -0.0095 -0.135 0.5255
v -0.0151569 -0.143 0.519843
v -0.0141188 -0.138381 0.520881
v -0.0151569 -0.137343 0.5255
v -0.0095 -0.137343 0.519843
v -0.0095 -0.143 0.7525
v -0.0095 -0.135 0.7445
v -0.0175 -0.143 0.7445
v -0.0095 -0.137343 0.750157
v -0.0141188 -0.138381 0.749119
v -0.0151569 -0.137343 0.7445
v -0.0151569 -0.143 0.750157
v 0.0095 -0.467 0.5175
v 0.0175 -0.467 0.5255
v 0.0095 -0.475 0.5255
v 0.0151569 -0.467 0.519843
v 0.0141188 -0.471619 0.520881
v 0.0151569 -0.472657 0.5255
v 0.0095 -0.472657 0.519843
v 0.0095 -0.467 0.7525
v 0.0095 -0.475 0.7445
v 0.0175 -0.467 0.7445
v 0.0095 -0.472657 0.750157
v 0.0141188 -0.471619 0.749119
v 0.0151569 -0.472657 0.7445
v 0.0151569 -0.467 0.750157
v 0.0095 -0.143 0.5175
v 0.0095 -0.135 0.5255
v 0.0175 -0.143 0.5255
v 0.0095 -0.137343 0.519843
v 0.0141188 -0.138381 0.520881
v 0.0151569 -0.137343 0.5255
v 0.0151569 -0.143 0.519843
v 0.0095 -0.143 0.7525
v 0.0175 -0.143 0.7445
v 0.0095 -0.135 0.7445
v 0.0151569 -0.143 0.750157
v 0.0141188 -0.138381 0.749119
v 0.0151569 -0.137343 0.7445
v 0.0095 -0.137343 0.750157
v 0.8705 -0.467 0.5175
v 0.8705 -0.475 0.5255
v 0.8625 -0.467 0.5255
v 0.8705 -0.472657 0.519843
v 0.865881 -0.471619 0.520881
v 0.864843 -0.472657 0.5255
v 0.864843 -0.467 0.519843
v 0.8705 -0.475 0.7445
v 0.8705 -0.467 0.7525
v 0.8625 -0.467 0.7445
v 0.8705 -0.472657 0.750157
v 0.865881 -0.471619 0.749119
v 0.864843 -0.467 0.750157
v 0.864843 -0.472657 0.7445
v 0.8705 -0.143 0.5175
v 0.8625 -0.143 0.5255
v 0.8705 -0.135 0.5255
v 0.864843 -0.143 0.519843
v 0.865881 -0.138381 0.520881
v 0.864843 -0.137343 0.5255
v 0.8705 -0.137343 0.519843
v 0.8705 -0.143 0.7525
v 0.8705 -0.135 0.7445
v 0.8625 -0.143 0.7445
v 0.8705 -0.137343 0.750157
v 0.865881 -0.138381 0.749119
v 0.864843 -0.137343 0.7445
v 0.864843 -0.143 0.750157
v 0.8895 -0.467 0.5175
v 0.8975 -0.467 0.5255
v 0.8895 -0.475 0.5255
v 0.895157 -0.467 0.519843
v 0.894119 -0.471619 0.520881
v 0.895157 -0.472657 0.5255
v 0.8895 -0.472657 0.519843
v 0.8895 -0.467 0.7525
v 0.8895 -0.475 0.7445
v 0.8975 -0.467 0.7445
v 0.8895 -0.472657 0.750157
v 0.894119 -0.471619 0.749119
v 0.895157 -0.472657 0.7445
v 0.895157 -0.467 0.750157
v 0.8895 -0.143 0.5175
v 0.8895 -0.135 0.5255
v 0.8975 -0.143 0.5255
v 0.8895 -0.137343 0.519843
v 0.894119 -0.138381 0.520881
v 0.895157 -0.137343 0.5255
v 0.895157 -0.143 0.519843
v 0.8895 -0.143 0.7525
v 0.8975 -0.143 0.7445
v 0.8895 -0.135 0.7445
v 0.895157 -0.143 0.750157
v 0.894119 -0.138381 0.749119
v 0.895157 -0.137343 0.7445
v 0.8895 -0.137343 0.750157
v -0.882 -0.467 0.5075
v -0.882 -0.475 0.5155
v -0.89 -0.467 0.5155
v -0.882 -0.472657 0.509843
v -0.886619 -0.471619 0.510881
v -0.887657 -0.472657 0.5155
v -0.887657 -0.467 0.509843
v -0.882 -0.475 0.5345
v -0.882 -0.467 0.5425
v -0.89 -0.467 0.5345
v -0.882 -0.472657 0.540157
v -0.886619 -0.471619 0.539119
v -0.887657 -0.467 0.540157
v -0.887657 -0.472657 0.5345
v -0.882 -0.143 0.5075
v -0.89 -0.143 0.5155
v -0.882 -0.135 0.5155
v -0.887657 -0.143 0.509843
v -0.886619 -0.138381 0.510881
v -0.887657 -0.137343 0.5155
v -0.882 -0.137343 0.509843
v -0.882 -0.143 0.5425
v -0.882 -0.135 0.5345
v -0.89 -0.143 0.5345
v -0.882 -0.137343 0.540157
v -0.886619 -0.138381 0.539119
v -0.887657 -0.137343 0.5345
v -0.887657 -0.143 0.540157
v 0.882 -0.467 0.5075
v 0.89 -0.467 0.5155
v 0.882 -0.475 0.5155
v 0.887657 -0.467 0.509843
v 0.886619 -0.471619 0.510881
v 0.887657 -0.472657 0.5155
v 0.882 -0.472657 0.509843
v 0.882 -0.467 0.5425
v 0.882 -0.475 0.5345
v 0.89 -0.467 0.5345
v 0.882 -0.472657 0.540157
v 0.886619 -0.471619 0.539119
v 0.887657 -0.472657 0.5345
v 0.887657 -0.467 0.540157
v 0.882 -0.143 0.5075
v 0.882 -0.135 0.5155
v 0.89 -0.143 0.5155
v 0.882 -0.137343 0.509843
v 0.886619 -0.138381 0.510881
v 0.887657 -0.137343 0.5155
v 0.887657 -0.143 0.509843
v 0.882 -0.143 0.5425
v 0.89 -0.143 0.5345
v 0.882 -0.135 0.5345
v 0.887657 -0.143 0.540157
v 0.886619 -0.138381 0.539119
v 0.887657 -0.137343 0.5345
v 0.882 -0.137343 0.540157
v -0.882 -0.467 0.74
v -0.882 -0.475 0.748
v -0.89 -0.467 0.748
v -0.882 -0.472657 0.742343
v -0.886619 -0.471619 0.743381
v -0.887657 -0.472657 0.748
v -0.887657 -0.467 0.742343
v -0.882 -0.475 0.762
v -0.882 -0.467 0.77
v -0.89 -0.467 0.762
v -0.882 -0.472657 0.767657
v -0.886619 -0.471619 0.766619
v -0.887657 -0.467 0.767657
v -0.887657 -0.472657 0.762
v -0.882 -0.143 0.74
v -0.89 -0.143 0.748
v -0.882 -0.135 0.748
v -0.887657 -0.143 0.742343
v -0.886619 -0.138381 0.743381
v -0.887657 -0.137343 0.748
v -0.882 -0.137343 0.742343
v -0.882 -0.143 0.77
v -0.882 -0.135 0.762
v -0.89 -0.143 0.762
v -0.882 -0.137343 0.767657
v -0.886619 -0.138381 0.766619
v -0.887657 -0.137343 0.762
v -0.887657 -0.143 0.767657
v 0.882 -0.467 0.74
v 0.89 -0.467 0.748
v 0.882 -0.475 0.748
v 0.887657 -0.467 0.742343
v 0.886619 -0.471619 0.743381
v 0.887657 -0.472657 0.748
v 0.882 -0.472657 0.742343
v 0.882 -0.467 0.77
v 0.882 -0.475 0.762
v 0.89 -0.467 0.762
v 0.882 -0.472657 0.767657
v 0.886619 -0.471619 0.766619
v 0.887657 -0.472657 0.762
v 0.887657 -0.467 0.767657
v 0.882 -0.143 0.74
v 0.882 -0.135 0.748
v 0.89 -0.143 0.748
v 0.882 -0.137343 0.742343
v 0.886619 -0.138381 0.743381
v 0.887657 -0.137343 0.748
v 0.887657 -0.143 0.742343
v 0.882 -0.143 0.77
v 0.89 -0.143 0.762
v 0.882 -0.135 0.762
v 0.887657 -0.143 0.767657
v 0.886619 -0.138381 0.766619
v 0.887657 -0.137343 0.762
v 0.882 -0.137343 0.767657
usemtl slightly_warm_drawer_gray_003
f 1279 1285 1256 1250
f 1293 1299 1286 1278
f 1319 1347 1333 1305
f 1298 1270 1257 1284
f 1251 1258 1272 1264
f 1265 1271 1300 1292
f 1335 1341 1312 1306
f 1349 1355 1342 1334
f 1375 1403 1389 1361
f 1354 1326 1313 1340
f 1307 1314 1328 1320
f 1321 1327 1356 1348
f 1391 1397 1368 1362
f 1405 1411 1398 1390
f 1431 1459 1445 1417
f 1410 1382 1369 1396
f 1363 1370 1384 1376
f 1377 1383 1412 1404
f 1447 1453 1424 1418
f 1461 1467 1454 1446
f 1487 1515 1501 1473
f 1466 1438 1425 1452
f 1419 1426 1440 1432
f 1433 1439 1468 1460
f 1503 1509 1480 1474
f 1517 1523 1510 1502
f 1543 1571 1557 1529
f 1522 1494 1481 1508
f 1475 1482 1496 1488
f 1489 1495 1524 1516
f 1559 1565 1536 1530
f 1573 1579 1566 1558
f 1578 1550 1537 1564
f 1531 1538 1552 1544
f 1545 1551 1580 1572
f 1249 1252 1253 1255
f 1250 1254 1253 1252
f 1251 1255 1253 1254
f 1256 1259 1260 1262
f 1257 1261 1260 1259
f 1258 1262 1260 1261
f 1263 1266 1267 1269
f 1264 1268 1267 1266
f 1265 1269 1267 1268
f 1270 1273 1274 1276
f 1271 1275 1274 1273
f 1272 1276 1274 1275
f 1277 1280 1281 1283
f 1278 1282 1281 1280
f 1279 1283 1281 1282
f 1284 1287 1288 1290
f 1285 1289 1288 1287
f 1286 1290 1288 1289
f 1291 1294 1295 1297
f 1292 1296 1295 1294
f 1293 1297 1295 1296
f 1298 1301 1302 1304
f 1299 1303 1302 1301
f 1300 1304 1302 1303
f 1305 1308 1309 1311
f 1306 1310 1309 1308
f 1307 1311 1309 1310
f 1312 1315 1316 1318
f 1313 1317 1316 1315
f 1314 1318 1316 1317
f 1319 1322 1323 1325
f 1320 1324 1323 1322
f 1321 1325 1323 1324
f 1326 1329 1330 1332
f 1327 1331 1330 1329
f 1328 1332 1330 1331
f 1333 1336 1337 1339
f 1334 1338 1337 1336
f 1335 1339 1337 1338
f 1340 1343 1344 1346
f 1341 1345 1344 1343
f 1342 1346 1344 1345
f 1347 1350 1351 1353
f 1348 1352 1351 1350
f 1349 1353 1351 1352
f 1354 1357 1358 1360
f 1355 1359 1358 1357
f 1356 1360 1358 1359
f 1361 1364 1365 1367
f 1362 1366 1365 1364
f 1363 1367 1365 1366
f 1368 1371 1372 1374
f 1369 1373 1372 1371
f 1370 1374 1372 1373
f 1375 1378 1379 1381
f 1376 1380 1379 1378
f 1377 1381 1379 1380
f 1382 1385 1386 1388
f 1383 1387 1386 1385
f 1384 1388 1386 1387
f 1389 1392 1393 1395
f 1390 1394 1393 1392
f 1391 1395 1393 1394
f 1396 1399 1400 1402
f 1397 1401 1400 1399
f 1398 1402 1400 1401
f 1403 1406 1407 1409
f 1404 1408 1407 1406
f 1405 1409 1407 1408
f 1410 1413 1414 1416
f 1411 1415 1414 1413
f 1412 1416 1414 1415
f 1417 1420 1421 1423
f 1418 1422 1421 1420
f 1419 1423 1421 1422
f 1424 1427 1428 1430
f 1425 1429 1428 1427
f 1426 1430 1428 1429
f 1431 1434 1435 1437
f 1432 1436 1435 1434
f 1433 1437 1435 1436
f 1438 1441 1442 1444
f 1439 1443 1442 1441
f 1440 1444 1442 1443
f 1445 1448 1449 1451
f 1446 1450 1449 1448
f 1447 1451 1449 1450
f 1452 1455 1456 1458
f 1453 1457 1456 1455
f 1454 1458 1456 1457
f 1459 1462 1463 1465
f 1460 1464 1463 1462
f 1461 1465 1463 1464
f 1466 1469 1470 1472
f 1467 1471 1470 1469
f 1468 1472 1470 1471
f 1473 1476 1477 1479
f 1474 1478 1477 1476
f 1475 1479 1477 1478
f 1480 1483 1484 1486
f 1481 1485 1484 1483
f 1482 1486 1484 1485
f 1487 1490 1491 1493
f 1488 1492 1491 1490
f 1489 1493 1491 1492
f 1494 1497 1498 1500
f 1495 1499 1498 1497
f 1496 1500 1498 1499
f 1501 1504 1505 1507
f 1502 1506 1505 1504
f 1503 1507 1505 1506
f 1508 1511 1512 1514
f 1509 1513 1512 1511
f 1510 1514 1512 1513
f 1515 1518 1519 1521
f 1516 1520 1519 1518
f 1517 1521 1519 1520
f 1522 1525 1526 1528
f 1523 1527 1526 1525
f 1524 1528 1526 1527
f 1529 1532 1533 1535
f 1530 1534 1533 1532
f 1531 1535 1533 1534
f 1536 1539 1540 1542
f 1537 1541 1540 1539
f 1538 1542 1540 1541
f 1543 1546 1547 1549
f 1544 1548 1547 1546
f 1545 1549 1547 1548
f 1550 1553 1554 1556
f 1551 1555 1554 1553
f 1552 1556 1554 1555
f 1557 1560 1561 1563
f 1558 1562 1561 1560
f 1559 1563 1561 1562
f 1564 1567 1568 1570
f 1565 1569 1568 1567
f 1566 1570 1568 1569
f 1571 1574 1575 1577
f 1572 1576 1575 1574
f 1573 1577 1575 1576
f 1578 1581 1582 1584
f 1579 1583 1582 1581
f 1580 1584 1582 1583
f 1263 1249 1255 1266
f 1266 1255 1251 1264
f 1250 1256 1262 1254
f 1254 1262 1258 1251
f 1257 1270 1276 1261
f 1261 1276 1272 1258
f 1271 1265 1268 1275
f 1275 1268 1264 1272
f 1291 1263 1269 1294
f 1294 1269 1265 1292
f 1270 1298 1304 1273
f 1273 1304 1300 1271
f 1299 1293 1296 1303
f 1303 1296 1292 1300
f 1277 1291 1297 1280
f 1280 1297 1293 1278
f 1298 1284 1290 1301
f 1301 1290 1286 1299
f 1285 1279 1282 1289
f 1289 1282 1278 1286
f 1249 1277 1283 1252
f 1252 1283 1279 1250
f 1284 1257 1259 1287
f 1287 1259 1256 1285
f 1319 1305 1311 1322
f 1322 1311 1307 1320
f 1306 1312 1318 1310
f 1310 1318 1314 1307
f 1313 1326 1332 1317
f 1317 1332 1328 1314
f 1327 1321 1324 1331
f 1331 1324 1320 1328
f 1347 1319 1325 1350
f 1350 1325 1321 1348
f 1326 1354 1360 1329
f 1329 1360 1356 1327
f 1355 1349 1352 1359
f 1359 1352 1348 1356
f 1333 1347 1353 1336
f 1336 1353 1349 1334
f 1354 1340 1346 1357
f 1357 1346 1342 1355
f 1341 1335 1338 1345
f 1345 1338 1334 1342
f 1305 1333 1339 1308
f 1308 1339 1335 1306
f 1340 1313 1315 1343
f 1343 1315 1312 1341
f 1375 1361 1367 1378
f 1378 1367 1363 1376
f 1362 1368 1374 1366
f 1366 1374 1370 1363
f 1369 1382 1388 1373
f 1373 1388 1384 1370
f 1383 1377 1380 1387
f 1387 1380 1376 1384
f 1403 1375 1381 1406
f 1406 1381 1377 1404
f 1382 1410 1416 1385
f 1385 1416 1412 1383
f 1411 1405 1408 1415
f 1415 1408 1404 1412
f 1389 1403 1409 1392
f 1392 1409 1405 1390
f 1410 1396 1402 1413
f 1413 1402 1398 1411
f 1397 1391 1394 1401
f 1401 1394 1390 1398
f 1361 1389 1395 1364
f 1364 1395 1391 1362
f 1396 1369 1371 1399
f 1399 1371 1368 1397
f 1431 1417 1423 1434
f 1434 1423 1419 1432
f 1418 1424 1430 1422
f 1422 1430 1426 1419
f 1425 1438 1444 1429
f 1429 1444 1440 1426
f 1439 1433 1436 1443
f 1443 1436 1432 1440
f 1459 1431 1437 1462
f 1462 1437 1433 1460
f 1438 1466 1472 1441
f 1441 1472 1468 1439
f 1467 1461 1464 1471
f 1471 1464 1460 1468
f 1445 1459 1465 1448
f 1448 1465 1461 1446
f 1466 1452 1458 1469
f 1469 1458 1454 1467
f 1453 1447 1450 1457
f 1457 1450 1446 1454
f 1417 1445 1451 1420
f 1420 1451 1447 1418
f 1452 1425 1427 1455
f 1455 1427 1424 1453
f 1487 1473 1479 1490
f 1490 1479 1475 1488
f 1474 1480 1486 1478
f 1478 1486 1482 1475
f 1481 1494 1500 1485
f 1485 1500 1496 1482
f 1495 1489 1492 1499
f 1499 1492 1488 1496
f 1515 1487 1493 1518
f 1518 1493 1489 1516
f 1494 1522 1528 1497
f 1497 1528 1524 1495
f 1523 1517 1520 1527
f 1527 1520 1516 1524
f 1501 1515 1521 1504
f 1504 1521 1517 1502
f 1522 1508 1514 1525
f 1525 1514 1510 1523
f 1509 1503 1506 1513
f 1513 1506 1502 1510
f 1473 1501 1507 1476
f 1476 1507 1503 1474
f 1508 1481 1483 1511
f 1511 1483 1480 1509
f 1543 1529 1535 1546
f 1546 1535 1531 1544
f 1530 1536 1542 1534
f 1534 1542 1538 1531
f 1537 1550 1556 1541
f 1541 1556 1552 1538
f 1551 1545 1548 1555
f 1555 1548 1544 1552
f 1571 1543 1549 1574
f 1574 1549 1545 1572
f 1550 1578 1584 1553
f 1553 1584 1580 1551
f 1579 1573 1576 1583
f 1583 1576 1572 1580
f 1557 1571 1577 1560
f 1560 1577 1573 1558
f 1578 1564 1570 1581
f 1581 1570 1566 1579
f 1565 1559 1562 1569
f 1569 1562 1558 1566
f 1529 1557 1563 1532
f 1532 1563 1559 1530
f 1564 1537 1539 1567
f 1567 1539 1536 1565
f 1263 1291 1277 1249
g mirror_base_plate
v -0.478 -0.083 0.8295
v -0.478 -0.095 0.8415
v -0.49 -0.083 0.8415
v -0.478 -0.0889921 0.831103
v -0.483992 -0.083 0.831103
v -0.483739 -0.0887386 0.83266
v -0.483992 -0.0933969 0.8415
v -0.478 -0.0933969 0.835508
v -0.483739 -0.0918396 0.835761
v -0.488397 -0.083 0.835508
v -0.488397 -0.0889921 0.8415
v -0.48684 -0.0887386 0.835761
v -0.478 -0.095 0.8525
v -0.478 -0.083 0.8645
v -0.49 -0.083 0.8525
v -0.478 -0.0933969 0.858492
v -0.483992 -0.0933969 0.8525
v -0.483739 -0.0918396 0.858239
v -0.483992 -0.083 0.862897
v -0.478 -0.0889921 0.862897
v -0.483739 -0.0887386 0.86134
v -0.488397 -0.0889921 0.8525
v -0.488397 -0.083 0.858492
v -0.48684 -0.0887386 0.858239
v -0.478 0.173 0.8295
v -0.49 0.173 0.8415
v -0.478 0.185 0.8415
v -0.483992 0.173 0.831103
v -0.478 0.178992 0.831103
v -0.483739 0.178739 0.83266
v -0.488397 0.178992 0.8415
v -0.488397 0.173 0.835508
v -0.48684 0.178739 0.835761
v -0.478 0.183397 0.835508
v -0.483992 0.183397 0.8415
v -0.483739 0.18184 0.835761
v -0.478 0.173 0.8645
v -0.478 0.185 0.8525
v -0.49 0.173 0.8525
v -0.478 0.178992 0.862897
v -0.483992 0.173 0.862897
v -0.483739 0.178739 0.86134
v -0.483992 0.183397 0.8525
v -0.478 0.183397 0.858492
v -0.483739 0.18184 0.858239
v -0.488397 0.173 0.858492
v -0.488397 0.178992 0.8525
v -0.48684 0.178739 0.858239
v 0.318 -0.083 0.8295
v 0.33 -0.083 0.8415
v 0.318 -0.095 0.8415
v 0.323992 -0.083 0.831103
v 0.318 -0.0889921 0.831103
v 0.323739 -0.0887386 0.83266
v 0.328397 -0.0889921 0.8415
v 0.328397 -0.083 0.835508
v 0.32684 -0.0887386 0.835761
v 0.318 -0.0933969 0.835508
v 0.323992 -0.0933969 0.8415
v 0.323739 -0.0918396 0.835761
v 0.318 -0.083 0.8645
v 0.318 -0.095 0.8525
v 0.33 -0.083 0.8525
v 0.318 -0.0889921 0.862897
v 0.323992 -0.083 0.862897
v 0.323739 -0.0887386 0.86134
v 0.323992 -0.0933969 0.8525
v 0.318 -0.0933969 0.858492
v 0.323739 -0.0918396 0.858239
v 0.328397 -0.083 0.858492
v 0.328397 -0.0889921 0.8525
v 0.32684 -0.0887386 0.858239
v 0.318 0.173 0.8295
v 0.318 0.185 0.8415
v 0.33 0.173 0.8415
v 0.318 0.178992 0.831103
v 0.323992 0.173 0.831103
v 0.323739 0.178739 0.83266
v 0.323992 0.183397 0.8415
v 0.318 0.183397 0.835508
v 0.323739 0.18184 0.835761
v 0.328397 0.173 0.835508
v 0.328397 0.178992 0.8415
v 0.32684 0.178739 0.835761
v 0.318 0.173 0.8645
v 0.33 0.173 0.8525
v 0.318 0.185 0.8525
v 0.323992 0.173 0.862897
v 0.318 0.178992 0.862897
v 0.323739 0.178739 0.86134
v 0.328397 0.178992 0.8525
v 0.328397 0.173 0.858492
v 0.32684 0.178739 0.858239
v 0.318 0.183397 0.858492
v 0.323992 0.183397 0.8525
v 0.323739 0.18184 0.858239
usemtl warm_light_gray_plastic_003
f 1635 1646 1597 1586
f 1659 1670 1647 1634
f 1669 1621 1598 1645
f 1587 1599 1623 1610
f 1611 1622 1671 1658
f 1585 1588 1590 1589
f 1588 1592 1593 1590
f 1586 1591 1593 1592
f 1591 1595 1596 1593
f 1587 1594 1596 1595
f 1594 1589 1590 1596
f 1590 1593 1596
f 1597 1600 1602 1601
f 1600 1604 1605 1602
f 1598 1603 1605 1604
f 1603 1607 1608 1605
f 1599 1606 1608 1607
f 1606 1601 1602 1608
f 1602 1605 1608
f 1609 1612 1614 1613
f 1612 1616 1617 1614
f 1610 1615 1617 1616
f 1615 1619 1620 1617
f 1611 1618 1620 1619
f 1618 1613 1614 1620
f 1614 1617 1620
f 1621 1624 1626 1625
f 1624 1628 1629 1626
f 1622 1627 1629 1628
f 1627 1631 1632 1629
f 1623 1630 1632 1631
f 1630 1625 1626 1632
f 1626 1629 1632
f 1633 1636 1638 1637
f 1636 1640 1641 1638
f 1634 1639 1641 1640
f 1639 1643 1644 1641
f 1635 1642 1644 1643
f 1642 1637 1638 1644
f 1638 1641 1644
f 1645 1648 1650 1649
f 1648 1652 1653 1650
f 1646 1651 1653 1652
f 1651 1655 1656 1653
f 1647 1654 1656 1655
f 1654 1649 1650 1656
f 1650 1653 1656
f 1657 1660 1662 1661
f 1660 1664 1665 1662
f 1658 1663 1665 1664
f 1663 1667 1668 1665
f 1659 1666 1668 1667
f 1666 1661 1662 1668
f 1662 1665 1668
f 1669 1672 1674 1673
f 1672 1676 1677 1674
f 1670 1675 1677 1676
f 1675 1679 1680 1677
f 1671 1678 1680 1679
f 1678 1673 1674 1680
f 1674 1677 1680
f 1609 1585 1589 1612
f 1612 1589 1594 1616
f 1616 1594 1587 1610
f 1586 1597 1601 1591
f 1591 1601 1606 1595
f 1595 1606 1599 1587
f 1598 1621 1625 1603
f 1603 1625 1630 1607
f 1607 1630 1623 1599
f 1622 1611 1619 1627
f 1627 1619 1615 1631
f 1631 1615 1610 1623
f 1657 1609 1613 1660
f 1660 1613 1618 1664
f 1664 1618 1611 1658
f 1621 1669 1673 1624
f 1624 1673 1678 1628
f 1628 1678 1671 1622
f 1670 1659 1667 1675
f 1675 1667 1663 1679
f 1679 1663 1658 1671
f 1633 1657 1661 1636
f 1636 1661 1666 1640
f 1640 1666 1659 1634
f 1669 1645 1649 1672
f 1672 1649 1654 1676
f 1676 1654 1647 1670
f 1646 1635 1643 1651
f 1651 1643 1639 1655
f 1655 1639 1634 1647
f 1585 1633 1637 1588
f 1588 1637 1642 1592
f 1592 1642 1635 1586
f 1645 1598 1604 1648
f 1648 1604 1600 1652
f 1652 1600 1597 1646
f 1609 1657 1633 1585
g mirror_slot_rail
v -0.4 -0.0725 0.865
v -0.4 -0.0825 0.875
v -0.41 -0.0725 0.875
v -0.4 -0.0774934 0.866336
v -0.404993 -0.0725 0.866336
v -0.404782 -0.0772821 0.867634
v -0.404993 -0.081164 0.875
v -0.4 -0.081164 0.870007
v -0.404782 -0.0798663 0.870218
v -0.408664 -0.0725 0.870007
v -0.408664 -0.0774934 0.875
v -0.407366 -0.0772821 0.870218
v -0.4 -0.0825 0.885
v -0.4 -0.0725 0.895
v -0.41 -0.0725 0.885
v -0.4 -0.081164 0.889993
v -0.404993 -0.081164 0.885
v -0.404782 -0.0798663 0.889782
v -0.404993 -0.0725 0.893664
v -0.4 -0.0774934 0.893664
v -0.404782 -0.0772821 0.892366
v -0.408664 -0.0774934 0.885
v -0.408664 -0.0725 0.889993
v -0.407366 -0.0772821 0.889782
v -0.4 -0.0375 0.865
v -0.41 -0.0375 0.875
v -0.4 -0.0275 0.875
v -0.404993 -0.0375 0.866336
v -0.4 -0.0325066 0.866336
v -0.404782 -0.0327179 0.867634
v -0.408664 -0.0325066 0.875
v -0.408664 -0.0375 0.870007
v -0.407366 -0.0327179 0.870218
v -0.4 -0.028836 0.870007
v -0.404993 -0.028836 0.875
v -0.404782 -0.0301337 0.870218
v -0.4 -0.0375 0.895
v -0.4 -0.0275 0.885
v -0.41 -0.0375 0.885
v -0.4 -0.0325066 0.893664
v -0.404993 -0.0375 0.893664
v -0.404782 -0.0327179 0.892366
v -0.404993 -0.028836 0.885
v -0.4 -0.028836 0.889993
v -0.404782 -0.0301337 0.889782
v -0.408664 -0.0375 0.889993
v -0.408664 -0.0325066 0.885
v -0.407366 -0.0327179 0.889782
v 0.24 -0.0725 0.865
v 0.25 -0.0725 0.875
v 0.24 -0.0825 0.875
v 0.244993 -0.0725 0.866336
v 0.24 -0.0774934 0.866336
v 0.244782 -0.0772821 0.867634
v 0.248664 -0.0774934 0.875
v 0.248664 -0.0725 0.870007
v 0.247366 -0.0772821 0.870218
v 0.24 -0.081164 0.870007
v 0.244993 -0.081164 0.875
v 0.244782 -0.0798663 0.870218
v 0.24 -0.0725 0.895
v 0.24 -0.0825 0.885
v 0.25 -0.0725 0.885
v 0.24 -0.0774934 0.893664
v 0.244993 -0.0725 0.893664
v 0.244782 -0.0772821 0.892366
v 0.244993 -0.081164 0.885
v 0.24 -0.081164 0.889993
v 0.244782 -0.0798663 0.889782
v 0.248664 -0.0725 0.889993
v 0.248664 -0.0774934 0.885
v 0.247366 -0.0772821 0.889782
v 0.24 -0.0375 0.865
v 0.24 -0.0275 0.875
v 0.25 -0.0375 0.875
v 0.24 -0.0325066 0.866336
v 0.244993 -0.0375 0.866336
v 0.244782 -0.0327179 0.867634
v 0.244993 -0.028836 0.875
v 0.24 -0.028836 0.870007
v 0.244782 -0.0301337 0.870218
v 0.248664 -0.0375 0.870007
v 0.248664 -0.0325066 0.875
v 0.247366 -0.0327179 0.870218
v 0.24 -0.0375 0.895
v 0.25 -0.0375 0.885
v 0.24 -0.0275 0.885
v 0.244993 -0.0375 0.893664
v 0.24 -0.0325066 0.893664
v 0.244782 -0.0327179 0.892366
v 0.248664 -0.0325066 0.885
v 0.248664 -0.0375 0.889993
v 0.247366 -0.0327179 0.889782
v 0.24 -0.028836 0.889993
v 0.244993 -0.028836 0.885
v 0.244782 -0.0301337 0.889782
usemtl soft_silver_metal_003
f 1731 1742 1693 1682
f 1755 1766 1743 1730
f 1765 1717 1694 1741
f 1683 1695 1719 1706
f 1707 1718 1767 1754
f 1681 1684 1686 1685
f 1684 1688 1689 1686
f 1682 1687 1689 1688
f 1687 1691 1692 1689
f 1683 1690 1692 1691
f 1690 1685 1686 1692
f 1686 1689 1692
f 1693 1696 1698 1697
f 1696 1700 1701 1698
f 1694 1699 1701 1700
f 1699 1703 1704 1701
f 1695 1702 1704 1703
f 1702 1697 1698 1704
f 1698 1701 1704
f 1705 1708 1710 1709
f 1708 1712 1713 1710
f 1706 1711 1713 1712
f 1711 1715 1716 1713
f 1707 1714 1716 1715
f 1714 1709 1710 1716
f 1710 1713 1716
f 1717 1720 1722 1721
f 1720 1724 1725 1722
f 1718 1723 1725 1724
f 1723 1727 1728 1725
f 1719 1726 1728 1727
f 1726 1721 1722 1728
f 1722 1725 1728
f 1729 1732 1734 1733
f 1732 1736 1737 1734
f 1730 1735 1737 1736
f 1735 1739 1740 1737
f 1731 1738 1740 1739
f 1738 1733 1734 1740
f 1734 1737 1740
f 1741 1744 1746 1745
f 1744 1748 1749 1746
f 1742 1747 1749 1748
f 1747 1751 1752 1749
f 1743 1750 1752 1751
f 1750 1745 1746 1752
f 1746 1749 1752
f 1753 1756 1758 1757
f 1756 1760 1761 1758
f 1754 1759 1761 1760
f 1759 1763 1764 1761
f 1755 1762 1764 1763
f 1762 1757 1758 1764
f 1758 1761 1764
f 1765 1768 1770 1769
f 1768 1772 1773 1770
f 1766 1771 1773 1772
f 1771 1775 1776 1773
f 1767 1774 1776 1775
f 1774 1769 1770 1776
f 1770 1773 1776
f 1705 1681 1685 1708
f 1708 1685 1690 1712
f 1712 1690 1683 1706
f 1682 1693 1697 1687
f 1687 1697 1702 1691
f 1691 1702 1695 1683
f 1694 1717 1721 1699
f 1699 1721 1726 1703
f 1703 1726 1719 1695
f 1718 1707 1715 1723
f 1723 1715 1711 1727
f 1727 1711 1706 1719
f 1753 1705 1709 1756
f 1756 1709 1714 1760
f 1760 1714 1707 1754
f 1717 1765 1769 1720
f 1720 1769 1774 1724
f 1724 1774 1767 1718
f 1766 1755 1763 1771
f 1771 1763 1759 1775
f 1775 1759 1754 1767
f 1729 1753 1757 1732
f 1732 1757 1762 1736
f 1736 1762 1755 1730
f 1765 1741 1745 1768
f 1768 1745 1750 1772
f 1772 1750 1743 1766
f 1742 1731 1739 1747
f 1747 1739 1735 1751
f 1751 1735 1730 1743
f 1681 1729 1733 1684
f 1684 1733 1738 1688
f 1688 1738 1731 1682
f 1741 1694 1700 1744
f 1744 1700 1696 1748
f 1748 1696 1693 1742
f 1705 1753 1729 1681
g mirror_left_support
v -0.339966 -0.0421671 0.88363
v -0.409966 0.00783287 1.04363
v -0.342972 -0.0453367 0.883305
v -0.412972 0.00466325 1.04331
v -0.346665 -0.0474945 0.882363
v -0.416665 0.00250546 1.04236
v -0.350685 -0.0484293 0.880897
v -0.420685 0.00157073 1.0409
v -0.354638 -0.0480495 0.879049
v -0.424638 0.00195054 1.03905
v -0.358137 -0.0463923 0.877
v -0.428137 0.00360773 1.037
v -0.36084 -0.0436199 0.874951
v -0.43084 0.00638007 1.03495
v -0.362481 -0.0400038 0.873103
v -0.432481 0.00999619 1.0331
v -0.362901 -0.0358979 0.871637
v -0.432901 0.0141021 1.03164
v -0.362057 -0.0317041 0.870695
v -0.432057 0.0182959 1.03069
v -0.360034 -0.0278329 0.87037
v -0.430034 0.0221671 1.03037
v -0.357028 -0.0246632 0.870695
v -0.427028 0.0253367 1.03069
v -0.353335 -0.0225055 0.871637
v -0.423335 0.0274945 1.03164
v -0.349315 -0.0215707 0.873103
v -0.419315 0.0284293 1.0331
v -0.345362 -0.0219505 0.874951
v -0.415362 0.0280495 1.03495
v -0.341863 -0.0236077 0.877
v -0.411863 0.0263923 1.037
v -0.33916 -0.0263801 0.879049
v -0.40916 0.0236199 1.03905
v -0.337519 -0.0299962 0.880897
v -0.407519 0.0200038 1.0409
v -0.337099 -0.0341021 0.882363
v -0.407099 0.0158979 1.04236
v -0.337943 -0.0382959 0.883305
v -0.407943 0.0117041 1.04331
f 1777 1778 1780 1779
f 1779 1780 1782 1781
f 1781 1782 1784 1783
f 1783 1784 1786 1785
f 1785 1786 1788 1787
f 1787 1788 1790 1789
f 1789 1790 1792 1791
f 1791 1792 1794 1793
f 1793 1794 1796 1795
f 1795 1796 1798 1797
f 1797 1798 1800 1799
f 1799 1800 1802 1801
f 1801 1802 1804 1803
f 1803 1804 1806 1805
f 1805 1806 1808 1807
f 1807 1808 1810 1809
f 1809 1810 1812 1811
f 1811 1812 1814 1813
f 1780 1778 1816 1814 1812 1810 1808 1806 1804 1802 1800 1798 1796 1794 1792 1790 1788 1786 1784 1782
f 1813 1814 1816 1815
f 1815 1816 1778 1777
f 1777 1779 1781 1783 1785 1787 1789 1791 1793 1795 1797 1799 1801 1803 1805 1807 1809 1811 1813 1815
g mirror_right_support
v 0.179966 -0.0421671 0.88363
v 0.249966 0.00783287 1.04363
v 0.177943 -0.0382959 0.883305
v 0.247943 0.0117041 1.04331
v 0.177099 -0.0341021 0.882363
v 0.247099 0.0158979 1.04236
v 0.177519 -0.0299962 0.880897
v 0.247519 0.0200038 1.0409
v 0.17916 -0.0263801 0.879049
v 0.24916 0.0236199 1.03905
v 0.181863 -0.0236077 0.877
v 0.251863 0.0263923 1.037
v 0.185362 -0.0219505 0.874951
v 0.255362 0.0280495 1.03495
v 0.189315 -0.0215707 0.873103
v 0.259315 0.0284293 1.0331
v 0.193335 -0.0225055 0.871637
v 0.263335 0.0274945 1.03164
v 0.197028 -0.0246632 0.870695
v 0.267028 0.0253367 1.03069
v 0.200034 -0.0278329 0.87037
v 0.270034 0.0221671 1.03037
v 0.202057 -0.0317041 0.870695
v 0.272057 0.0182959 1.03069
v 0.202901 -0.0358979 0.871637
v 0.272901 0.0141021 1.03164
v 0.202481 -0.0400038 0.873103
v 0.272481 0.00999619 1.0331
v 0.20084 -0.0436199 0.874951
v 0.27084 0.00638007 1.03495
v 0.198137 -0.0463923 0.877
v 0.268137 0.00360773 1.037
v 0.194638 -0.0480495 0.879049
v 0.264638 0.00195054 1.03905
v 0.190685 -0.0484293 0.880897
v 0.260685 0.00157073 1.0409
v 0.186665 -0.0474945 0.882363
v 0.256665 0.00250546 1.04236
v 0.182972 -0.0453367 0.883305
v 0.252972 0.00466325 1.04331
f 1817 1818 1820 1819
f 1819 1820 1822 1821
f 1821 1822 1824 1823
f 1823 1824 1826 1825
f 1825 1826 1828 1827
f 1827 1828 1830 1829
f 1829 1830 1832 1831
f 1831 1832 1834 1833
f 1833 1834 1836 1835
f 1835 1836 1838 1837
f 1837 1838 1840 1839
f 1839 1840 1842 1841
f 1841 1842 1844 1843
f 1843 1844 1846 1845
f 1845 1846 1848 1847
f 1847 1848 1850 1849
f 1849 1850 1852 1851
f 1851 1852 1854 1853
f 1820 1818 1856 1854 1852 1850 1848 1846 1844 1842 1840 1838 1836 1834 1832 1830 1828 1826 1824 1822
f 1853 1854 1856 1855
f 1855 1856 1818 1817
f 1817 1819 1821 1823 1825 1827 1829 1831 1833 1835 1837 1839 1841 1843 1845 1847 1849 1851 1853 1855
g mirror_outer_tube
v -0.331838 0.00878256 0.924141
v -0.329302 0.0137772 0.929868
v -0.327895 0.0209946 0.933046
v -0.327895 0.0290054 0.933046
v -0.329302 0.0362228 0.929868
v -0.331838 0.0412174 0.924141
v -0.335 0.043 0.917
v -0.338162 0.0412174 0.909859
v -0.340698 0.0362228 0.904132
v -0.342105 0.0290054 0.900954
v -0.342105 0.0209946 0.900954
v -0.340698 0.0137772 0.904132
v -0.338162 0.00878256 0.909859
v -0.335 0.007 0.917
v -0.342267 0.00878256 0.929839
v -0.338967 0.0137772 0.935162
v -0.337136 0.0209946 0.938116
v -0.337136 0.0290054 0.938116
v -0.338967 0.0362228 0.935162
v -0.342267 0.0412174 0.929839
v -0.346382 0.043 0.923201
v -0.350497 0.0412174 0.916563
v -0.353797 0.0362228 0.91124
v -0.355628 0.0290054 0.908286
v -0.355628 0.0209946 0.908286
v -0.353797 0.0137772 0.91124
v -0.350497 0.00878256 0.916563
v -0.346382 0.007 0.923201
v -0.353185 0.00878256 0.937492
v -0.349368 0.0137772 0.942457
v -0.347249 0.0209946 0.945213
v -0.347249 0.0290054 0.945213
v -0.349368 0.0362228 0.942457
v -0.353185 0.0412174 0.937492
v -0.357945 0.043 0.9313
v -0.362705 0.0412174 0.925108
v -0.366522 0.0362228 0.920143
v -0.36864 0.0290054 0.917387
v -0.36864 0.0209946 0.917387
v -0.366522 0.0137772 0.920143
v -0.362705 0.00878256 0.925108
v -0.357945 0.007 0.9313
v -0.36432 0.00878256 0.946869
v -0.360116 0.0137772 0.951511
v -0.357783 0.0209946 0.954088
v -0.357783 0.0290054 0.954088
v -0.360116 0.0362228 0.951511
v -0.36432 0.0412174 0.946869
v -0.369562 0.043 0.94108
v -0.374804 0.0412174 0.935291
v -0.379008 0.0362228 0.930648
v -0.381341 0.0290054 0.928072
v -0.381341 0.0209946 0.928072
v -0.379008 0.0137772 0.930648
v -0.374804 0.00878256 0.935291
v -0.369562 0.007 0.94108
v -0.375492 0.00878257 0.957748
v -0.370988 0.0137772 0.9621
v -0.368489 0.0209946 0.964516
v -0.368489 0.0290054 0.964516
v -0.370988 0.0362228 0.9621
v -0.375492 0.0412174 0.957748
v -0.381108 0.043 0.952321
v -0.386724 0.0412174 0.946893
v -0.391227 0.0362228 0.942541
v -0.393727 0.0290054 0.940126
v -0.393727 0.0209946 0.940126
v -0.391227 0.0137772 0.942541
v -0.386724 0.00878256 0.946893
v -0.381108 0.007 0.952321
v -0.386541 0.00878256 0.969902
v -0.381796 0.0137772 0.973991
v -0.379163 0.0209946 0.97626
v -0.379163 0.0290054 0.97626
v -0.381796 0.0362228 0.973991
v -0.386541 0.0412174 0.969902
v -0.392457 0.043 0.964804
v -0.398374 0.0412174 0.959706
v -0.403118 0.0362228 0.955618
v -0.405751 0.0290054 0.953349
v -0.405751 0.0209946 0.953349
v -0.403118 0.0137772 0.955618
v -0.398374 0.00878256 0.959706
v -0.392457 0.007 0.964804
v -0.397317 0.00878256 0.983104
v -0.392371 0.0137772 0.986946
v -0.389627 0.0209946 0.989079
v -0.389627 0.0290054 0.989079
v -0.392371 0.0362228 0.986946
v -0.397317 0.0412174 0.983104
v -0.403484 0.043 0.978312
v -0.409651 0.0412174 0.97352
v -0.414597 0.0362228 0.969677
v -0.417341 0.0290054 0.967545
v -0.417341 0.0209946 0.967545
v -0.414597 0.0137772 0.969677
v -0.409651 0.00878256 0.97352
v -0.403484 0.007 0.978312
v -0.407679 0.00878256 0.997124
v -0.402559 0.0137772 1.00073
v -0.399718 0.0209946 1.00273
v -0.399718 0.0290054 1.00273
v -0.402559 0.0362228 1.00073
v -0.407679 0.0412174 0.997124
v -0.414062 0.043 0.992625
v -0.420446 0.0412174 0.988126
v -0.425566 0.0362228 0.984518
v -0.428407 0.0290054 0.982516
v -0.428407 0.0209946 0.982516
v -0.425566 0.0137772 0.984518
v -0.420446 0.00878256 0.988126
v -0.414062 0.007 0.992625
v -0.417489 0.00878256 1.01173
v -0.412214 0.0137772 1.01511
v -0.409286 0.0209946 1.01698
v -0.409286 0.0290054 1.01698
v -0.412214 0.0362228 1.01511
v -0.417489 0.0412174 1.01173
v -0.424067 0.043 1.00752
v -0.430645 0.0412174 1.00331
v -0.43592 0.0362228 0.999938
v -0.438848 0.0290054 0.998065
v -0.438848 0.0209946 0.998065
v -0.43592 0.0137772 0.999938
v -0.430645 0.00878256 1.00331
v -0.424067 0.007 1.00752
v -0.426614 0.00878256 1.02671
v -0.421195 0.0137772 1.02985
v -0.418187 0.0209946 1.03159
v -0.418187 0.0290054 1.03159
v -0.421195 0.0362228 1.02985
v -0.426614 0.0412174 1.02671
v -0.433372 0.043 1.02279
v -0.44013 0.0412174 1.01888
v -0.445549 0.0362228 1.01574
v -0.448557 0.0290054 1.014
v -0.448557 0.0209946 1.014
v -0.445549 0.0137772 1.01574
v -0.44013 0.00878256 1.01888
v -0.433372 0.007 1.02279
v -0.434922 0.00878256 1.04181
v -0.429365 0.0137772 1.0447
v -0.426281 0.0209946 1.0463
v -0.426281 0.0290054 1.0463
v -0.429365 0.0362228 1.0447
v -0.434922 0.0412174 1.04181
v -0.441851 0.043 1.03821
v -0.448781 0.0412174 1.03461
v -0.454338 0.0362228 1.03172
v -0.457422 0.0290054 1.03012
v -0.457422 0.0209946 1.03012
v -0.454338 0.0137772 1.03172
v -0.448781 0.00878256 1.03461
v -0.441851 0.007 1.03821
v -0.442282 0.00878256 1.05682
v -0.43659 0.0137772 1.05943
v -0.433431 0.0209946 1.06088
v -0.433431 0.0290054 1.06088
v -0.43659 0.0362228 1.05943
v -0.442282 0.0412174 1.05682
v -0.44938 0.043 1.05356
v -0.456477 0.0412174 1.0503
v -0.462169 0.0362228 1.04769
v -0.465328 0.0290054 1.04624
v -0.465328 0.0209946 1.04624
v -0.462169 0.0137772 1.04769
v -0.456477 0.00878256 1.0503
v -0.44938 0.007 1.05356
v -0.448565 0.00878256 1.07148
v -0.442738 0.0137772 1.07378
v -0.439504 0.0209946 1.07505
v -0.439504 0.0290054 1.07505
v -0.442738 0.0362228 1.07378
v -0.448565 0.0412174 1.07148
v -0.455831 0.043 1.06862
v -0.463097 0.0412174 1.06575
v -0.468924 0.0362228 1.06346
v -0.472157 0.0290054 1.06218
v -0.472157 0.0209946 1.06218
v -0.468924 0.0137772 1.06346
v -0.463097 0.00878256 1.06575
v -0.455831 0.007 1.06862
v -0.453645 0.00878256 1.08556
v -0.447683 0.0137772 1.08748
v -0.444374 0.0209946 1.08854
v -0.444374 0.0290054 1.08854
v -0.447683 0.0362228 1.08748
v -0.453645 0.0412174 1.08556
v -0.46108 0.043 1.08317
v -0.468514 0.0412174 1.08078
v -0.474477 0.0362228 1.07886
v -0.477785 0.0290054 1.0778
v -0.477785 0.0209946 1.0778
v -0.474477 0.0137772 1.07886
v -0.468514 0.00878256 1.08078
v -0.46108 0.007 1.08317
v -0.457378 0.00878256 1.0987
v -0.451265 0.0137772 1.10007
v -0.447873 0.0209946 1.10082
v -0.447873 0.0290054 1.10082
v -0.451265 0.0362228 1.10007
v -0.457378 0.0412174 1.0987
v -0.465 0.043 1.097
v -0.472622 0.0412174 1.0953
v -0.478735 0.0362228 1.09393
v -0.482127 0.0290054 1.09318
v -0.482127 0.0209946 1.09318
v -0.478735 0.0137772 1.09393
v -0.472622 0.00878256 1.0953
v -0.465 0.007 1.097
v -0.459463 0.00878256 1.11136
v -0.45323 0.0137772 1.11197
v -0.44977 0.0209946 1.1123
v -0.44977 0.0290054 1.1123
v -0.45323 0.0362228 1.11197
v -0.459463 0.0412174 1.11136
v -0.467236 0.043 1.1106
v -0.475009 0.0412174 1.10984
v -0.481242 0.0362228 1.10923
v -0.484701 0.0290054 1.10889
v -0.484701 0.0209946 1.10889
v -0.481242 0.0137772 1.10923
v -0.475009 0.00878256 1.10984
v -0.467236 0.007 1.1106
v -0.459874 0.00878256 1.12438
v -0.453613 0.0137772 1.12424
v -0.450138 0.0209946 1.12416
v -0.450138 0.0290054 1.12416
v -0.453613 0.0362228 1.12424
v -0.459874 0.0412174 1.12438
v -0.467682 0.043 1.12455
v -0.47549 0.0412174 1.12472
v -0.481752 0.0362228 1.12486
v -0.485227 0.0290054 1.12494
v -0.485227 0.0209946 1.12494
v -0.481752 0.0137772 1.12486
v -0.47549 0.00878256 1.12472
v -0.467682 0.007 1.12455
v -0.458837 0.00878256 1.13785
v -0.452619 0.0137772 1.1371
v -0.449168 0.0209946 1.13669
v -0.449168 0.0290054 1.13669
v -0.452619 0.0362228 1.1371
v -0.458837 0.0412174 1.13785
v -0.466591 0.043 1.13879
v -0.474345 0.0412174 1.13972
v -0.480563 0.0362228 1.14047
v -0.484014 0.0290054 1.14088
v -0.484014 0.0209946 1.14088
v -0.480563 0.0137772 1.14047
v -0.474345 0.00878256 1.13972
v -0.466591 0.007 1.13879
v -0.456554 0.00878256 1.1517
v -0.450411 0.0137772 1.15047
v -0.447002 0.0209946 1.1498
v -0.447003 0.0290054 1.1498
v -0.450411 0.0362228 1.15047
v -0.456554 0.0412174 1.1517
v -0.464213 0.043 1.15322
v -0.471872 0.0412174 1.15475
v -0.478014 0.0362228 1.15597
v -0.481423 0.0290054 1.15665
v -0.481423 0.0209946 1.15665
v -0.478014 0.0137772 1.15597
v -0.471872 0.00878256 1.15475
v -0.464213 0.007 1.15322
v -0.453242 0.00878256 1.16582
v -0.447182 0.0137772 1.16424
v -0.443818 0.0209946 1.16337
v -0.443818 0.0290054 1.16337
v -0.447182 0.0362228 1.16424
v -0.453242 0.0412174 1.16582
v -0.4608 0.043 1.16779
v -0.468358 0.0412174 1.16976
v -0.474418 0.0362228 1.17134
v -0.477782 0.0290054 1.17221
v -0.477782 0.0209946 1.17221
v -0.474418 0.0137772 1.17134
v -0.468358 0.00878256 1.16976
v -0.4608 0.007 1.16779
v -0.449134 0.00878256 1.18013
v -0.443144 0.0137772 1.1783
v -0.43982 0.0209946 1.17728
v -0.43982 0.0290054 1.17728
v -0.443145 0.0362228 1.1783
v -0.449134 0.0412174 1.18013
v -0.456603 0.043 1.18241
v -0.464073 0.0412174 1.18469
v -0.470063 0.0362228 1.18652
v -0.473387 0.0290054 1.18754
v -0.473387 0.0209946 1.18754
v -0.470063 0.0137772 1.18652
v -0.464073 0.00878256 1.18469
v -0.456603 0.007 1.18241
v -0.444469 0.00878257 1.19452
v -0.43853 0.0137772 1.19253
v -0.435234 0.0209946 1.19143
v -0.435234 0.0290054 1.19143
v -0.43853 0.0362228 1.19253
v -0.444469 0.0412174 1.19452
v -0.451875 0.043 1.197
v -0.459281 0.0412174 1.19948
v -0.46522 0.0362228 1.20147
v -0.468516 0.0290054 1.20257
v -0.468516 0.0209946 1.20257
v -0.46522 0.0137772 1.20147
v -0.459281 0.00878256 1.19948
v -0.451875 0.007 1.197
v -0.439492 0.00878256 1.20892
v -0.433578 0.0137772 1.20685
v -0.430297 0.0209946 1.20571
v -0.430297 0.0290054 1.20571
v -0.433578 0.0362228 1.20685
v -0.439492 0.0412174 1.20892
v -0.446866 0.043 1.21149
v -0.45424 0.0412174 1.21406
v -0.460153 0.0362228 1.21613
v -0.463435 0.0290054 1.21727
v -0.463435 0.0209946 1.21727
v -0.460153 0.0137772 1.21613
v -0.45424 0.00878256 1.21406
v -0.446866 0.007 1.21149
v -0.43445 0.00878256 1.22324
v -0.428534 0.0137772 1.22118
v -0.42525 0.0209946 1.22004
v -0.42525 0.0290054 1.22004
v -0.428534 0.0362228 1.22118
v -0.43445 0.0412174 1.22324
v -0.441828 0.043 1.2258
v -0.449205 0.0412174 1.22836
v -0.455122 0.0362228 1.23042
v -0.458405 0.0290054 1.23156
v -0.458405 0.0209946 1.23156
v -0.455122 0.0137772 1.23042
v -0.449205 0.00878256 1.22836
v -0.441828 0.007 1.2258
v -0.429594 0.00878256 1.23741
v -0.423645 0.0137772 1.23545
v -0.420344 0.0209946 1.23437
v -0.420344 0.0290054 1.23437
v -0.423645 0.0362228 1.23545
v -0.429594 0.0412174 1.23741
v -0.437012 0.043 1.23986
v -0.444429 0.0412174 1.2423
v -0.450378 0.0362228 1.24426
v -0.453679 0.0290054 1.24535
v -0.453679 0.0209946 1.24535
v -0.450378 0.0137772 1.24426
v -0.444429 0.00878256 1.2423
v -0.437012 0.007 1.23986
v -0.425176 0.00878256 1.25138
v -0.419167 0.0137772 1.24961
v -0.415833 0.0209946 1.24863
v -0.415833 0.0290054 1.24863
v -0.419167 0.0362228 1.24961
v -0.425176 0.0412174 1.25138
v -0.432669 0.043 1.25358
v -0.440163 0.0412174 1.25578
v -0.446171 0.0362228 1.25755
v -0.449506 0.0290054 1.25853
v -0.449506 0.0209946 1.25853
v -0.446171 0.0137772 1.25755
v -0.440163 0.00878256 1.25578
v -0.432669 0.007 1.25358
v -0.421456 0.00878256 1.26509
v -0.415363 0.0137772 1.26363
v -0.411982 0.0209946 1.26283
v -0.411982 0.0290054 1.26283
v -0.415363 0.0362228 1.26363
v -0.421456 0.0412174 1.26509
v -0.429052 0.043 1.2669
v -0.436649 0.0412174 1.26871
v -0.442742 0.0362228 1.27016
v -0.446123 0.0290054 1.27097
v -0.446123 0.0209946 1.27097
v -0.442742 0.0137772 1.27016
v -0.436649 0.00878256 1.26871
v -0.429052 0.007 1.2669
v -0.4187 0.00878256 1.27849
v -0.412516 0.0137772 1.2775
v -0.409084 0.0209946 1.27696
v -0.409084 0.0290054 1.27696
v -0.412516 0.0362228 1.2775
v -0.4187 0.0412174 1.27849
v -0.426412 0.043 1.27973
v -0.434124 0.0412174 1.28096
v -0.440308 0.0362228 1.28195
v -0.44374 0.0290054 1.2825
v -0.44374 0.0209946 1.2825
v -0.440308 0.0137772 1.28195
v -0.434124 0.00878256 1.28096
v -0.426412 0.007 1.27973
v -0.417203 0.00878256 1.29156
v -0.41095 0.0137772 1.2912
v -0.40748 0.0209946 1.291
v -0.40748 0.0290054 1.291
v -0.41095 0.0362228 1.2912
v -0.417203 0.0412174 1.29156
v -0.425 0.043 1.292
v -0.432797 0.0412174 1.29244
v -0.43905 0.0362228 1.2928
v -0.44252 0.0290054 1.293
v -0.44252 0.0209946 1.293
v -0.43905 0.0137772 1.2928
v -0.432797 0.00878256 1.29244
v -0.425 0.007 1.292
v -0.417209 0.00878256 1.30426
v -0.410956 0.0137772 1.3046
v -0.407485 0.0209946 1.30479
v -0.407485 0.0290054 1.30479
v -0.410956 0.0362228 1.3046
v -0.417209 0.0412174 1.30426
v -0.425007 0.043 1.30382
v -0.432805 0.0412174 1.30339
v -0.439059 0.0362228 1.30305
v -0.442529 0.0290054 1.30285
v -0.442529 0.0209946 1.30285
v -0.439059 0.0137772 1.30305
v -0.432805 0.00878256 1.30339
v -0.425007 0.007 1.30382
v -0.418566 0.00878256 1.31657
v -0.412378 0.0137772 1.31754
v -0.408944 0.0209946 1.31808
v -0.408944 0.0290054 1.31808
v -0.412378 0.0362228 1.31754
v -0.418566 0.0412174 1.31657
v -0.426283 0.043 1.31537
v -0.433999 0.0412174 1.31416
v -0.440187 0.0362228 1.3132
v -0.443621 0.0290054 1.31266
v -0.443621 0.0209946 1.31266
v -0.440187 0.0137772 1.3132
v -0.433999 0.00878256 1.31416
v -0.426283 0.007 1.31537
v -0.420968 0.00878256 1.32844
v -0.414876 0.0137772 1.3299
v -0.411495 0.0209946 1.3307
v -0.411495 0.0290054 1.3307
v -0.414876 0.0362228 1.3299
v -0.420968 0.0412174 1.32844
v -0.428564 0.043 1.32663
v -0.436161 0.0412174 1.32482
v -0.442253 0.0362228 1.32336
v -0.445633 0.0290054 1.32256
v -0.445633 0.0209946 1.32256
v -0.442253 0.0137772 1.32336
v -0.436161 0.00878255 1.32482
v -0.428564 0.007 1.32663
v -0.424111 0.00878256 1.33987
v -0.418114 0.0137772 1.34167
v -0.414786 0.0209946 1.34268
v -0.414786 0.0290054 1.34268
v -0.418114 0.0362228 1.34167
v -0.424111 0.0412174 1.33987
v -0.431589 0.043 1.33761
v -0.439067 0.0412174 1.33536
v -0.445064 0.0362228 1.33355
v -0.448391 0.0290054 1.33255
v -0.448391 0.0209946 1.33255
v -0.445063 0.0137772 1.33355
v -0.439067 0.00878256 1.33536
v -0.431589 0.007 1.33761
v -0.427706 0.00878256 1.35084
v -0.421781 0.0137772 1.35287
v -0.418492 0.0209946 1.354
v -0.418492 0.0290054 1.354
v -0.421781 0.0362228 1.35287
v -0.427706 0.0412174 1.35084
v -0.435095 0.043 1.34831
v -0.442483 0.0412174 1.34578
v -0.448409 0.0362228 1.34375
v -0.451697 0.0290054 1.34263
v -0.451697 0.0209946 1.34263
v -0.448409 0.0137772 1.34375
v -0.442483 0.00878255 1.34578
v -0.435095 0.007 1.34831
v -0.431471 0.00878256 1.36138
v -0.425579 0.0137772 1.3635
v -0.422309 0.0209946 1.36468
v -0.422309 0.0290054 1.36468
v -0.425579 0.0362228 1.3635
v -0.431471 0.0412174 1.36138
v -0.438819 0.043 1.35873
v -0.446167 0.0412174 1.35609
v -0.45206 0.0362228 1.35397
v -0.45533 0.0290054 1.35279
v -0.45533 0.0209946 1.35279
v -0.45206 0.0137772 1.35397
v -0.446167 0.00878256 1.35609
v -0.438819 0.007 1.35873
v -0.435135 0.00878256 1.37147
v -0.429228 0.0137772 1.37355
v -0.42595 0.0209946 1.37471
v -0.42595 0.0290054 1.37471
v -0.429228 0.0362228 1.37355
v -0.435135 0.0412174 1.37147
v -0.4425 0.043 1.36888
v -0.449866 0.0412174 1.36628
v -0.455772 0.0362228 1.3642
v -0.45905 0.0290054 1.36304
v -0.45905 0.0209946 1.36304
v -0.455772 0.0137772 1.3642
v -0.449865 0.00878256 1.36628
v -0.4425 0.007 1.36888
v -0.438431 0.00878256 1.3811
v -0.432461 0.0137772 1.38299
v -0.429148 0.0209946 1.38404
v -0.429148 0.0290054 1.38404
v -0.432461 0.0362228 1.38299
v -0.438431 0.0412174 1.3811
v -0.445875 0.043 1.37873
v -0.453319 0.0412174 1.37637
v -0.459288 0.0362228 1.37448
v -0.462601 0.0290054 1.37343
v -0.462601 0.0209946 1.37343
v -0.459288 0.0137772 1.37448
v -0.453319 0.00878256 1.37637
v -0.445875 0.007 1.37873
v -0.441108 0.00878256 1.39022
v -0.435035 0.0137772 1.39176
v -0.431665 0.0209946 1.39261
v -0.431665 0.0290054 1.39261
v -0.435035 0.0362228 1.39176
v -0.441108 0.0412174 1.39022
v -0.448681 0.043 1.38831
v -0.456253 0.0412174 1.3864
v -0.462326 0.0362228 1.38487
v -0.465696 0.0290054 1.38402
v -0.465696 0.0209946 1.38402
v -0.462326 0.0137772 1.38487
v -0.456253 0.00878256 1.3864
v -0.448681 0.007 1.38831
v -0.442938 0.00878256 1.39881
v -0.436748 0.0137772 1.39976
v -0.433313 0.0209946 1.40029
v -0.433313 0.0290054 1.40029
v -0.436748 0.0362228 1.39976
v -0.442938 0.0412174 1.39881
v -0.450656 0.043 1.39761
v -0.458374 0.0412174 1.39642
v -0.464564 0.0362228 1.39546
v -0.467999 0.0290054 1.39493
v -0.467999 0.0209946 1.39493
v -0.464564 0.0137772 1.39546
v -0.458374 0.00878256 1.39642
v -0.450656 0.007 1.39761
v -0.44373 0.00878256 1.4068
v -0.437468 0.0137772 1.40694
v -0.433993 0.0209946 1.40701
v -0.433993 0.0290054 1.40701
v -0.437468 0.0362228 1.40694
v -0.44373 0.0412174 1.4068
v -0.451538 0.043 1.40663
v -0.459346 0.0412174 1.40646
v -0.465608 0.0362228 1.40633
v -0.469083 0.0290054 1.40625
v -0.469083 0.0209946 1.40625
v -0.465608 0.0137772 1.40633
v -0.459346 0.00878256 1.40646
v -0.451538 0.007 1.40663
v -0.44334 0.00878256 1.41421
v -0.437146 0.0137772 1.41329
v -0.433708 0.0209946 1.41277
v -0.433708 0.0290054 1.41277
v -0.437146 0.0362228 1.41329
v -0.44334 0.0412174 1.41421
v -0.451064 0.043 1.41537
v -0.458788 0.0412174 1.41652
v -0.464983 0.0362228 1.41745
v -0.46842 0.0290054 1.41796
v -0.46842 0.0209946 1.41796
v -0.464983 0.0137772 1.41745
v -0.458788 0.00878256 1.41652
v -0.451064 0.007 1.41537
v -0.441629 0.00878256 1.42117
v -0.43574 0.0137772 1.41903
v -0.432472 0.0209946 1.41785
v -0.432472 0.0290054 1.41785
v -0.43574 0.0362228 1.41903
v -0.441629 0.0412174 1.42117
v -0.448972 0.043 1.42382
v -0.456316 0.0412174 1.42648
v -0.462205 0.0362228 1.42862
v -0.465473 0.0290054 1.4298
v -0.465473 0.0209946 1.4298
v -0.462205 0.0137772 1.42862
v -0.456316 0.00878256 1.42648
v -0.448972 0.007 1.42382
v -0.438369 0.00878256 1.42787
v -0.433051 0.0137772 1.42457
v -0.4301 0.0209946 1.42273
v -0.4301 0.0290054 1.42273
v -0.433051 0.0362228 1.42457
v -0.438369 0.0412174 1.42787
v -0.445 0.043 1.432
v -0.451631 0.0412174 1.43613
v -0.456949 0.0362228 1.43943
v -0.4599 0.0290054 1.44127
v -0.4599 0.0209946 1.44127
v -0.456949 0.0137772 1.43943
v -0.451631 0.00878256 1.43613
v -0.445 0.007 1.432
v -0.433332 0.00878256 1.43433
v -0.428743 0.0137772 1.43007
v -0.426196 0.0209946 1.42771
v -0.426196 0.0290054 1.42771
v -0.428743 0.0362228 1.43007
v -0.433332 0.0412174 1.43433
v -0.439055 0.043 1.43965
v -0.444778 0.0412174 1.44496
v -0.449368 0.0362228 1.44922
v -0.451915 0.0290054 1.45159
v -0.451915 0.0209946 1.45159
v -0.449368 0.0137772 1.44922
v -0.444778 0.00878256 1.44496
v -0.439055 0.007 1.43965
v -0.426522 0.00878256 1.44047
v -0.422633 0.0137772 1.43556
v -0.420476 0.0209946 1.43283
v -0.420476 0.0290054 1.43283
v -0.422633 0.0362228 1.43556
v -0.426522 0.0412174 1.44047
v -0.43137 0.043 1.44659
v -0.436219 0.0412174 1.45271
v -0.440107 0.0362228 1.45762
v -0.442265 0.0290054 1.46035
v -0.442265 0.0209946 1.46035
v -0.440107 0.0137772 1.45762
v -0.436219 0.00878256 1.45271
v -0.43137 0.007 1.44659
v -0.418034 0.00878256 1.44632
v -0.414718 0.0137772 1.44101
v -0.412878 0.0209946 1.43806
v -0.412878 0.0290054 1.43806
v -0.414718 0.0362228 1.44101
v -0.418034 0.0412174 1.44632
v -0.422169 0.043 1.45295
v -0.426304 0.0412174 1.45958
v -0.42962 0.0362228 1.46489
v -0.431461 0.0290054 1.46784
v -0.431461 0.0209946 1.46784
v -0.42962 0.0137772 1.46489
v -0.426304 0.00878256 1.45958
v -0.422169 0.007 1.45295
v -0.408079 0.00878256 1.4519
v -0.405194 0.0137772 1.44635
v -0.403593 0.0209946 1.44326
v -0.403593 0.0290054 1.44326
v -0.405194 0.0362228 1.44635
v -0.408079 0.0412174 1.4519
v -0.411676 0.043 1.45884
v -0.415274 0.0412174 1.46577
v -0.418159 0.0362228 1.47133
v -0.41976 0.0290054 1.47441
v -0.41976 0.0209946 1.47441
v -0.418159 0.0137772 1.47133
v -0.415274 0.00878256 1.46577
v -0.411676 0.007 1.45884
v -0.396899 0.00878256 1.45725
v -0.394319 0.0137772 1.45154
v -0.392888 0.0209946 1.44837
v -0.392888 0.0290054 1.44837
v -0.394319 0.0362228 1.45154
v -0.396899 0.0412174 1.45725
v -0.400116 0.043 1.46437
v -0.403332 0.0412174 1.47148
v -0.405912 0.0362228 1.47719
v -0.407344 0.0290054 1.48036
v -0.407344 0.0209946 1.48036
v -0.405912 0.0137772 1.47719
v -0.403332 0.00878256 1.47148
v -0.400116 0.007 1.46437
v -0.384742 0.00878256 1.46243
v -0.38236 0.0137772 1.45664
v -0.381039 0.0209946 1.45342
v -0.381039 0.0290054 1.45342
v -0.38236 0.0362228 1.45664
v -0.384742 0.0412174 1.46243
v -0.387711 0.043 1.46965
v -0.390681 0.0412174 1.47688
v -0.393062 0.0362228 1.48267
v -0.394384 0.0290054 1.48588
v -0.394384 0.0209946 1.48588
v -0.393062 0.0137772 1.48267
v -0.390681 0.00878256 1.47688
v -0.387711 0.007 1.46965
v -0.371851 0.00878256 1.46754
v -0.369576 0.0137772 1.4617
v -0.368314 0.0209946 1.45846
v -0.368314 0.0290054 1.45846
v -0.369576 0.0362228 1.4617
v -0.371851 0.0412174 1.46754
v -0.374687 0.043 1.47481
v -0.377524 0.0412174 1.48209
v -0.379799 0.0362228 1.48792
v -0.381061 0.0290054 1.49116
v -0.381061 0.0209946 1.49116
v -0.379799 0.0137772 1.48792
v -0.377524 0.00878256 1.48209
v -0.374687 0.007 1.47481
v -0.358463 0.00878256 1.47267
v -0.356213 0.0137772 1.46683
v -0.354965 0.0209946 1.46358
v -0.354965 0.0290054 1.46358
v -0.356213 0.0362228 1.46683
v -0.358463 0.0412174 1.47267
v -0.361268 0.043 1.47996
v -0.364073 0.0412174 1.48725
v -0.366323 0.0362228 1.49309
v -0.367571 0.0290054 1.49634
v -0.367571 0.0209946 1.49634
v -0.366323 0.0137772 1.49309
v -0.364073 0.00878256 1.48725
v -0.361268 0.007 1.47996
v -0.344809 0.00878256 1.47794
v -0.342508 0.0137772 1.47212
v -0.341232 0.0209946 1.46889
v -0.341232 0.0290054 1.46889
v -0.342508 0.0362228 1.47212
v -0.344809 0.0412174 1.47794
v -0.347678 0.043 1.48521
v -0.350547 0.0412174 1.49247
v -0.352847 0.0362228 1.4983
v -0.354124 0.0290054 1.50153
v -0.354124 0.0209946 1.50153
v -0.352847 0.0137772 1.4983
v -0.350546 0.00878256 1.49247
v -0.347678 0.007 1.48521
v -0.331114 0.00878256 1.48347
v -0.328687 0.0137772 1.4777
v -0.32734 0.0209946 1.4745
v -0.32734 0.0290054 1.4745
v -0.328687 0.0362228 1.4777
v -0.331114 0.0412174 1.48347
v -0.33414 0.043 1.49067
v -0.337166 0.0412174 1.49787
v -0.339593 0.0362228 1.50365
v -0.34094 0.0290054 1.50685
v -0.34094 0.0209946 1.50685
v -0.339593 0.0137772 1.50365
v -0.337166 0.00878256 1.49787
v -0.33414 0.007 1.49067
v -0.317598 0.00878256 1.48938
v -0.314967 0.0137772 1.4837
v -0.313506 0.0209946 1.48055
v -0.313506 0.0290054 1.48055
v -0.314967 0.0362228 1.4837
v -0.317598 0.0412174 1.48938
v -0.320879 0.043 1.49647
v -0.32416 0.0412174 1.50356
v -0.326792 0.0362228 1.50924
v -0.328252 0.0290054 1.5124
v -0.328252 0.0209946 1.5124
v -0.326792 0.0137772 1.50924
v -0.32416 0.00878256 1.50356
v -0.320879 0.007 1.49647
v -0.30448 0.00878256 1.4958
v -0.301561 0.0137772 1.49026
v -0.299941 0.0209946 1.48719
v -0.299941 0.0290054 1.48719
v -0.301561 0.0362228 1.49026
v -0.30448 0.0412174 1.4958
v -0.30812 0.043 1.50271
v -0.31176 0.0412174 1.50962
v -0.314679 0.0362228 1.51517
v -0.316299 0.0290054 1.51824
v -0.316299 0.0209946 1.51824
v -0.314679 0.0137772 1.51517
v -0.31176 0.00878256 1.50962
v -0.30812 0.007 1.50271
v -0.291975 0.00878256 1.50288
v -0.28868 0.0137772 1.49755
v -0.286851 0.0209946 1.4946
v -0.286851 0.0290054 1.4946
v -0.28868 0.0362228 1.49755
v -0.291975 0.0412174 1.50288
v -0.296085 0.043 1.50952
v -0.300195 0.0412174 1.51616
v -0.303491 0.0362228 1.52149
v -0.30532 0.0290054 1.52444
v -0.305319 0.0209946 1.52444
v -0.303491 0.0137772 1.52149
v -0.300195 0.00878256 1.51616
v -0.296085 0.007 1.50952
v -0.280317 0.00878256 1.51075
v -0.276562 0.0137772 1.50574
v -0.274478 0.0209946 1.50296
v -0.274478 0.0290054 1.50296
v -0.276562 0.0362228 1.50574
v -0.280317 0.0412174 1.51075
v -0.285 0.043 1.517
v -0.289683 0.0412174 1.52325
v -0.293438 0.0362228 1.52826
v -0.295522 0.0290054 1.53104
v -0.295522 0.0209946 1.53104
v -0.293438 0.0137772 1.52826
v -0.289683 0.00878256 1.52325
v -0.285 0.007 1.517
v -0.269489 0.00878256 1.51973
v -0.265286 0.0137772 1.51508
v -0.262954 0.0209946 1.51251
v -0.262954 0.0290054 1.51251
v -0.265286 0.0362228 1.51508
v -0.269489 0.0412174 1.51973
v -0.274729 0.043 1.52552
v -0.27997 0.0412174 1.53131
v -0.284173 0.0362228 1.53595
v -0.286505 0.0290054 1.53853
v -0.286505 0.0209946 1.53853
v -0.284173 0.0137772 1.53595
v -0.27997 0.00878256 1.53131
v -0.274729 0.007 1.52552
v -0.259265 0.00878256 1.52981
v -0.254724 0.0137772 1.5255
v -0.252204 0.0209946 1.52311
v -0.252204 0.0290054 1.52311
v -0.254724 0.0362228 1.5255
v -0.259265 0.0412174 1.52981
v -0.264927 0.043 1.53519
v -0.270589 0.0412174 1.54057
v -0.27513 0.0362228 1.54489
v -0.27765 0.0290054 1.54728
v -0.27765 0.0209946 1.54728
v -0.27513 0.0137772 1.54489
v -0.270589 0.00878256 1.54057
v -0.264927 0.007 1.53519
v -0.249552 0.00878256 1.54072
v -0.244782 0.0137772 1.53666
v -0.242135 0.0209946 1.53441
v -0.242135 0.0290054 1.53441
v -0.244782 0.0362228 1.53666
v -0.249552 0.0412174 1.54072
v -0.2555 0.043 1.54578
v -0.261448 0.0412174 1.55084
v -0.266218 0.0362228 1.5549
v -0.268865 0.0290054 1.55715
v -0.268865 0.0209946 1.55715
v -0.266218 0.0137772 1.5549
v -0.261448 0.00878256 1.55084
v -0.2555 0.007 1.54578
v -0.240227 0.00878256 1.55219
v -0.235312 0.0137772 1.54831
v -0.232584 0.0209946 1.54615
v -0.232584 0.0290054 1.54615
v -0.235312 0.0362228 1.54831
v -0.240227 0.0412174 1.55219
v -0.246356 0.043 1.55703
v -0.252485 0.0412174 1.56187
v -0.257399 0.0362228 1.56575
v -0.260127 0.0290054 1.56791
v -0.260127 0.0209946 1.56791
v -0.257399 0.0137772 1.56575
v -0.252485 0.00878256 1.56187
v -0.246356 0.007 1.55703
v -0.231176 0.00878256 1.56398
v -0.226183 0.0137772 1.5602
v -0.223413 0.0209946 1.5581
v -0.223413 0.0290054 1.5581
v -0.226183 0.0362228 1.5602
v -0.231176 0.0412174 1.56398
v -0.237401 0.043 1.5687
v -0.243626 0.0412174 1.57342
v -0.248618 0.0362228 1.5772
v -0.251388 0.0290054 1.5793
v -0.251388 0.0209946 1.5793
v -0.248618 0.0137772 1.5772
v -0.243626 0.00878256 1.57342
v -0.237401 0.007 1.5687
v -0.222295 0.00878256 1.57586
v -0.217285 0.0137772 1.5721
v -0.214504 0.0209946 1.57001
v -0.214504 0.0290054 1.57001
v -0.217285 0.0362228 1.5721
v -0.222295 0.0412174 1.57586
v -0.228542 0.043 1.58054
v -0.23479 0.0412174 1.58523
v -0.2398 0.0362228 1.58899
v -0.24258 0.0290054 1.59107
v -0.24258 0.0209946 1.59107
v -0.2398 0.0137772 1.58899
v -0.23479 0.00878256 1.58523
v -0.228542 0.007 1.58054
v -0.213489 0.00878256 1.58756
v -0.208519 0.0137772 1.58375
v -0.20576 0.0209946 1.58164
v -0.20576 0.0290054 1.58164
v -0.208519 0.0362228 1.58375
v -0.213489 0.0412174 1.58756
v -0.219688 0.043 1.59231
v -0.225886 0.0412174 1.59706
v -0.230856 0.0362228 1.60087
v -0.233615 0.0290054 1.60299
v -0.233615 0.0209946 1.60299
v -0.230856 0.0137772 1.60087
v -0.225886 0.00878256 1.59706
v -0.219688 0.007 1.59231
v -0.204673 0.00878256 1.59885
v -0.199804 0.0137772 1.59491
v -0.197102 0.0209946 1.59272
v -0.197102 0.0290054 1.59272
v -0.199804 0.0362228 1.59491
v -0.204673 0.0412174 1.59885
v -0.210743 0.043 1.60376
v -0.216814 0.0412174 1.60868
v -0.221683 0.0362228 1.61262
v -0.224385 0.0290054 1.6148
v -0.224385 0.0209946 1.6148
v -0.221683 0.0137772 1.61262
v -0.216814 0.00878256 1.60868
v -0.210743 0.007 1.60376
v -0.195767 0.00878256 1.60948
v -0.191076 0.0137772 1.60533
v -0.188473 0.0209946 1.60302
v -0.188473 0.0290054 1.60302
v -0.191076 0.0362228 1.60533
v -0.195768 0.0412174 1.60948
v -0.201617 0.043 1.61465
v -0.207467 0.0412174 1.61982
v -0.212158 0.0362228 1.62397
v -0.214761 0.0290054 1.62628
v -0.214761 0.0209946 1.62628
v -0.212158 0.0137772 1.62397
v -0.207467 0.00878256 1.61982
v -0.201617 0.007 1.61465
v -0.186708 0.00878256 1.61919
v -0.182291 0.0137772 1.61475
v -0.17984 0.0209946 1.61228
v -0.17984 0.0290054 1.61228
v -0.182291 0.0362228 1.61475
v -0.186708 0.0412174 1.61919
v -0.192216 0.043 1.62473
v -0.197723 0.0412174 1.63026
v -0.20214 0.0362228 1.6347
v -0.204591 0.0290054 1.63717
v -0.204591 0.0209946 1.63717
v -0.20214 0.0137772 1.6347
v -0.197723 0.00878256 1.63026
v -0.192216 0.007 1.62473
v -0.17744 0.00878256 1.62775
v -0.173425 0.0137772 1.62294
v -0.171197 0.0209946 1.62028
v -0.171197 0.0290054 1.62028
v -0.173425 0.0362228 1.62294
v -0.17744 0.0412174 1.62775
v -0.182446 0.043 1.63374
v -0.187453 0.0412174 1.63974
v -0.191467 0.0362228 1.64455
v -0.193695 0.0290054 1.64721
v -0.193695 0.0209946 1.64721
v -0.191467 0.0137772 1.64455
v -0.187453 0.00878256 1.63974
v -0.182446 0.007 1.63374
v -0.167917 0.00878256 1.63494
v -0.16447 0.0137772 1.62971
v -0.162557 0.0209946 1.62681
v -0.162557 0.0290054 1.62681
v -0.16447 0.0362228 1.62971
v -0.167917 0.0412174 1.63494
v -0.172216 0.043 1.64146
v -0.176514 0.0412174 1.64798
v -0.179961 0.0362228 1.65321
v -0.181874 0.0290054 1.65611
v -0.181874 0.0209946 1.65611
v -0.179961 0.0137772 1.65321
v -0.176514 0.00878256 1.64798
v -0.172216 0.007 1.64146
v -0.158088 0.00878257 1.64057
v -0.155407 0.0137772 1.63491
v -0.153919 0.0209946 1.63177
v -0.153919 0.0290054 1.63177
v -0.155407 0.0362228 1.63491
v -0.158088 0.0412174 1.64057
v -0.161431 0.043 1.64763
v -0.164775 0.0412174 1.65469
v -0.167456 0.0362228 1.66035
v -0.168944 0.0290054 1.66349
v -0.168944 0.0209946 1.66349
v -0.167456 0.0137772 1.66035
v -0.164775 0.00878256 1.65469
v -0.161431 0.007 1.64763
v -0.14777 0.00878256 1.64452
v -0.145981 0.0137772 1.63851
v -0.144989 0.0209946 1.63518
v -0.144989 0.0290054 1.63518
v -0.145981 0.0362228 1.63851
v -0.14777 0.0412174 1.64452
v -0.15 0.043 1.652
v -0.15223 0.0412174 1.65948
v -0.154019 0.0362228 1.66549
v -0.155011 0.0290054 1.66882
v -0.155011 0.0209946 1.66882
v -0.154019 0.0137772 1.66549
v -0.15223 0.00878256 1.65948
v -0.15 0.007 1.652
v -0.136529 0.00878256 1.64695
v -0.135556 0.0137772 1.64076
v -0.135016 0.0209946 1.63733
v -0.135016 0.0290054 1.63733
v -0.135556 0.0362228 1.64076
v -0.136529 0.0412174 1.64695
v -0.137741 0.043 1.65466
v -0.138954 0.0412174 1.66238
v -0.139927 0.0362228 1.66856
v -0.140466 0.0290054 1.672
v -0.140466 0.0209946 1.672
v -0.139927 0.0137772 1.66856
v -0.138954 0.00878256 1.66238
v -0.137741 0.007 1.65466
v -0.12424 0.00878256 1.64815
v -0.123923 0.0137772 1.6419
v -0.123747 0.0209946 1.63842
v -0.123747 0.0290054 1.63842
v -0.123923 0.0362228 1.6419
v -0.12424 0.0412174 1.64815
v -0.124636 0.043 1.65595
v -0.125031 0.0412174 1.66375
v -0.125348 0.0362228 1.67001
v -0.125524 0.0290054 1.67348
v -0.125524 0.0209946 1.67348
v -0.125348 0.0137772 1.67001
v -0.125031 0.00878256 1.66375
v -0.124636 0.007 1.65595
v -0.111106 0.00878256 1.64819
v -0.111328 0.0137772 1.64193
v -0.111451 0.0209946 1.63846
v -0.111451 0.0290054 1.63846
v -0.111328 0.0362228 1.64193
v -0.111106 0.0412174 1.64819
v -0.11083 0.043 1.656
v -0.110554 0.0412174 1.6638
v -0.110332 0.0362228 1.67006
v -0.110209 0.0290054 1.67353
v -0.110209 0.0209946 1.67353
v -0.110332 0.0137772 1.67006
v -0.110554 0.00878256 1.6638
v -0.11083 0.007 1.656
v -0.097298 0.00878256 1.64716
v -0.0979602 0.0137772 1.64094
v -0.0983276 0.0209946 1.63748
v -0.0983276 0.0290054 1.63748
v -0.0979602 0.0362228 1.64094
v -0.097298 0.0412174 1.64716
v -0.0964723 0.043 1.65493
v -0.0956466 0.0412174 1.6627
v -0.0949845 0.0362228 1.66892
v -0.094617 0.0290054 1.67238
v -0.094617 0.0209946 1.67238
v -0.0949845 0.0137772 1.66892
v -0.0956466 0.00878256 1.6627
v -0.0964723 0.007 1.65493
v -0.0829859 0.00878256 1.64518
v -0.084009 0.0137772 1.639
v -0.0845767 0.0209946 1.63557
v -0.0845767 0.0290054 1.63557
v -0.084009 0.0362228 1.639
v -0.0829859 0.0412174 1.64518
v -0.0817101 0.043 1.65288
v -0.0804343 0.0412174 1.66059
v -0.0794112 0.0362228 1.66677
v -0.0788435 0.0290054 1.6702
v -0.0788435 0.0209946 1.6702
v -0.0794112 0.0137772 1.66677
v -0.0804343 0.00878256 1.66059
v -0.0817101 0.007 1.65288
v -0.0683377 0.00878256 1.64235
v -0.0696583 0.0137772 1.63623
v -0.0703912 0.0209946 1.63283
v -0.0703912 0.0290054 1.63283
v -0.0696583 0.0362228 1.63623
v -0.0683377 0.0412174 1.64235
v -0.066691 0.043 1.64999
v -0.0650442 0.0412174 1.65762
v -0.0637237 0.0362228 1.66374
v -0.0629908 0.0290054 1.66714
v -0.0629908 0.0209946 1.66714
v -0.0637237 0.0137772 1.66374
v -0.0650442 0.00878256 1.65762
v -0.066691 0.007 1.64999
v -0.0535171 0.00878256 1.63881
v -0.0550845 0.0137772 1.63275
v -0.0559544 0.0209946 1.62938
v -0.0559544 0.0290054 1.62938
v -0.0550845 0.0362228 1.63275
v -0.0535171 0.0412174 1.63881
v -0.0515625 0.043 1.64637
v -0.0496079 0.0412174 1.65394
v -0.0480405 0.0362228 1.66
v -0.0471706 0.0290054 1.66337
v -0.0471706 0.0209946 1.66337
v -0.0480405 0.0137772 1.66
v -0.0496079 0.00878256 1.65394
v -0.0515625 0.007 1.64637
v -0.038684 0.00878256 1.63468
v -0.0404576 0.0137772 1.62868
v -0.0414419 0.0209946 1.62534
v -0.0414419 0.0290054 1.62534
v -0.0404576 0.0362228 1.62868
v -0.038684 0.0412174 1.63468
v -0.0364723 0.043 1.64217
v -0.0342606 0.0412174 1.64966
v -0.032487 0.0362228 1.65567
v -0.0315027 0.0290054 1.65901
v -0.0315027 0.0209946 1.65901
v -0.032487 0.0137772 1.65567
v -0.0342606 0.00878256 1.64966
v -0.0364723 0.007 1.64217
v -0.0239954 0.00878256 1.6301
v -0.025942 0.0137772 1.62414
v -0.0270223 0.0209946 1.62084
v -0.0270223 0.0290054 1.62084
v -0.025942 0.0362228 1.62414
v -0.0239954 0.0412174 1.6301
v -0.021568 0.043 1.63752
v -0.0191406 0.0412174 1.64494
v -0.0171939 0.0362228 1.6509
v -0.0161137 0.0290054 1.6542
v -0.0161137 0.0209946 1.6542
v -0.017194 0.0137772 1.6509
v -0.0191406 0.00878256 1.64494
v -0.021568 0.007 1.63752
v -0.00960599 0.00878256 1.62518
v -0.0116982 0.0137772 1.61927
v -0.0128592 0.0209946 1.616
v -0.0128592 0.0290054 1.616
v -0.0116982 0.0362228 1.61927
v -0.00960598 0.0412174 1.62518
v -0.00699709 0.043 1.63254
v -0.00438819 0.0412174 1.6399
v -0.00229602 0.0362228 1.6458
v -0.00113495 0.0290054 1.64908
v -0.00113495 0.0209946 1.64908
v -0.00229602 0.0137772 1.6458
v -0.0043882 0.00878256 1.6399
v -0.00699709 0.007 1.63254
v 0.00433134 0.00878256 1.62006
v 0.00211687 0.0137772 1.6142
v 0.000887936 0.0209946 1.61095
v 0.000887937 0.0290054 1.61095
v 0.00211688 0.0362228 1.6142
v 0.00433134 0.0412174 1.62006
v 0.00709273 0.043 1.62737
v 0.00985413 0.0412174 1.63467
v 0.0120686 0.0362228 1.64053
v 0.0132975 0.0290054 1.64378
v 0.0132975 0.0209946 1.64378
v 0.0120686 0.0137772 1.64053
v 0.00985412 0.00878256 1.63467
v 0.00709272 0.007 1.62737
v 0.0176656 0.00878256 1.61487
v 0.0153494 0.0137772 1.60906
v 0.014064 0.0209946 1.60583
v 0.014064 0.0290054 1.60583
v 0.0153494 0.0362228 1.60906
v 0.0176656 0.0412174 1.61487
v 0.0205539 0.043 1.62213
v 0.0234422 0.0412174 1.62939
v 0.0257585 0.0362228 1.63521
v 0.0270439 0.0290054 1.63844
v 0.0270439 0.0209946 1.63844
v 0.0257585 0.0137772 1.63521
v 0.0234422 0.00878256 1.62939
v 0.0205539 0.007 1.62213
v 0.0302472 0.00878256 1.60975
v 0.0278481 0.0137772 1.60397
v 0.0265168 0.0209946 1.60075
v 0.0265168 0.0290054 1.60075
v 0.0278482 0.0362228 1.60397
v 0.0302473 0.0412174 1.60975
v 0.0332389 0.043 1.61697
v 0.0362305 0.0412174 1.62418
v 0.0386296 0.0362228 1.62996
v 0.039961 0.0290054 1.63318
v 0.039961 0.0209946 1.63318
v 0.0386296 0.0137772 1.62996
v 0.0362305 0.00878256 1.62418
v 0.0332389 0.007 1.61697
v 0.0418797 0.00878257 1.60484
v 0.0393773 0.0137772 1.5991
v 0.0379887 0.0209946 1.59591
v 0.0379887 0.0290054 1.59591
v 0.0393773 0.0362228 1.5991
v 0.0418797 0.0412174 1.60484
v 0.045 0.043 1.612
v 0.0481203 0.0412174 1.61916
v 0.0506227 0.0362228 1.6249
v 0.0520113 0.0290054 1.62809
v 0.0520113 0.0209946 1.62809
v 0.0506227 0.0137772 1.6249
v 0.0481203 0.00878256 1.61916
v 0.045 0.007 1.612
v 0.0527036 0.00878256 1.59997
v 0.050032 0.0137772 1.59431
v 0.0485493 0.0209946 1.59117
v 0.0485494 0.0290054 1.59117
v 0.050032 0.0362228 1.59431
v 0.0527036 0.0412174 1.59997
v 0.056035 0.043 1.60704
v 0.0593664 0.0412174 1.6141
v 0.062038 0.0362228 1.61977
v 0.0635206 0.0290054 1.62291
v 0.0635206 0.0209946 1.62291
v 0.062038 0.0137772 1.61977
v 0.0593664 0.00878256 1.6141
v 0.056035 0.007 1.60704
v 0.0630578 0.00878256 1.59486
v 0.0601794 0.0137772 1.5893
v 0.0585819 0.0209946 1.58621
v 0.0585819 0.0290054 1.58621
v 0.0601794 0.0362228 1.5893
v 0.0630578 0.0412174 1.59486
v 0.0666472 0.043 1.6018
v 0.0702366 0.0412174 1.60873
v 0.0731151 0.0362228 1.61429
v 0.0747125 0.0290054 1.61738
v 0.0747125 0.0209946 1.61738
v 0.0731151 0.0137772 1.61429
v 0.0702366 0.00878256 1.60873
v 0.0666472 0.007 1.6018
v 0.0729979 0.00878256 1.58948
v 0.0699106 0.0137772 1.58403
v 0.0681972 0.0209946 1.581
v 0.0681972 0.0290054 1.581
v 0.0699106 0.0362228 1.58403
v 0.0729979 0.0412174 1.58948
v 0.0768477 0.043 1.59627
v 0.0806975 0.0412174 1.60307
v 0.0837848 0.0362228 1.60852
v 0.0854981 0.0290054 1.61154
v 0.0854981 0.0209946 1.61154
v 0.0837848 0.0137772 1.60852
v 0.0806975 0.00878256 1.60307
v 0.0768477 0.007 1.59627
v 0.0825363 0.00878256 1.58383
v 0.0792396 0.0137772 1.5785
v 0.0774101 0.0209946 1.57555
v 0.0774101 0.0290054 1.57555
v 0.0792396 0.0362228 1.5785
v 0.0825363 0.0412174 1.58383
v 0.0866472 0.043 1.59047
v 0.0907582 0.0412174 1.59711
v 0.0940548 0.0362228 1.60244
v 0.0958844 0.0290054 1.60539
v 0.0958844 0.0209946 1.60539
v 0.0940548 0.0137772 1.60244
v 0.0907581 0.00878256 1.59711
v 0.0866472 0.007 1.59047
v 0.0916861 0.00878256 1.57791
v 0.088181 0.0137772 1.57272
v 0.0862358 0.0209946 1.56984
v 0.0862358 0.0290054 1.56984
v 0.088181 0.0362228 1.57272
v 0.0916861 0.0412174 1.57791
v 0.0960569 0.043 1.58439
v 0.100428 0.0412174 1.59086
v 0.103933 0.0362228 1.59605
v 0.105878 0.0290054 1.59893
v 0.105878 0.0209946 1.59893
v 0.103933 0.0137772 1.59605
v 0.100428 0.00878256 1.59086
v 0.0960569 0.007 1.58439
v 0.10046 0.00878256 1.57173
v 0.0967492 0.0137772 1.56668
v 0.0946898 0.0209946 1.56388
v 0.0946898 0.0290054 1.56388
v 0.0967492 0.0362228 1.56668
v 0.10046 0.0412174 1.57173
v 0.105087 0.043 1.57802
v 0.109715 0.0412174 1.58431
v 0.113426 0.0362228 1.58936
v 0.115485 0.0290054 1.59216
v 0.115485 0.0209946 1.59216
v 0.113426 0.0137772 1.58936
v 0.109715 0.00878256 1.58431
v 0.105087 0.007 1.57802
v 0.108871 0.00878256 1.56528
v 0.104959 0.0137772 1.56039
v 0.102787 0.0209946 1.55767
v 0.102787 0.0290054 1.55767
v 0.104959 0.0362228 1.56039
v 0.108871 0.0412174 1.56528
v 0.11375 0.043 1.57138
v 0.118629 0.0412174 1.57747
v 0.122541 0.0362228 1.58236
v 0.124713 0.0290054 1.58508
v 0.124713 0.0209946 1.58508
v 0.122541 0.0137772 1.58236
v 0.118629 0.00878256 1.57747
v 0.11375 0.007 1.57138
v 0.116932 0.00878256 1.55855
v 0.112824 0.0137772 1.55383
v 0.110544 0.0209946 1.5512
v 0.110544 0.0290054 1.5512
v 0.112824 0.0362228 1.55383
v 0.116932 0.0412174 1.55855
v 0.122055 0.043 1.56445
v 0.127178 0.0412174 1.57034
v 0.131287 0.0362228 1.57507
v 0.133567 0.0290054 1.57769
v 0.133567 0.0209946 1.57769
v 0.131287 0.0137772 1.57507
v 0.127178 0.00878256 1.57034
v 0.122055 0.007 1.56445
v 0.124656 0.00878256 1.55156
v 0.120359 0.0137772 1.547
v 0.117975 0.0209946 1.54448
v 0.117975 0.0290054 1.54448
v 0.120359 0.0362228 1.547
v 0.124656 0.0412174 1.55156
v 0.130015 0.043 1.55724
v 0.135373 0.0412174 1.56292
v 0.13967 0.0362228 1.56748
v 0.142054 0.0290054 1.57001
v 0.142054 0.0209946 1.57001
v 0.13967 0.0137772 1.56748
v 0.135373 0.00878256 1.56292
v 0.130015 0.007 1.55724
v 0.132056 0.00878256 1.54429
v 0.127578 0.0137772 1.53991
v 0.125094 0.0209946 1.53748
v 0.125094 0.0290054 1.53748
v 0.127578 0.0362228 1.53991
v 0.132056 0.0412174 1.54429
v 0.137638 0.043 1.54976
v 0.143221 0.0412174 1.55522
v 0.147699 0.0362228 1.5596
v 0.150183 0.0290054 1.56203
v 0.150183 0.0209946 1.56203
v 0.147699 0.0137772 1.5596
v 0.143221 0.00878256 1.55522
v 0.137638 0.007 1.54976
v 0.139142 0.00878256 1.53675
v 0.134494 0.0137772 1.53255
v 0.131915 0.0209946 1.53022
v 0.131915 0.0290054 1.53022
v 0.134494 0.0362228 1.53255
v 0.139142 0.0412174 1.53675
v 0.144938 0.043 1.54199
v 0.150734 0.0412174 1.54722
v 0.155382 0.0362228 1.55142
v 0.157961 0.0290054 1.55375
v 0.157961 0.0209946 1.55375
v 0.155382 0.0137772 1.55142
v 0.150734 0.00878256 1.54722
v 0.144938 0.007 1.54199
v 0.145929 0.00878256 1.52893
v 0.14112 0.0137772 1.52492
v 0.138452 0.0209946 1.52269
v 0.138452 0.0290054 1.52269
v 0.14112 0.0362228 1.52492
v 0.145929 0.0412174 1.52893
v 0.151924 0.043 1.53394
v 0.15792 0.0412174 1.53894
v 0.162728 0.0362228 1.54296
v 0.165396 0.0290054 1.54518
v 0.165396 0.0209946 1.54518
v 0.162728 0.0137772 1.54296
v 0.15792 0.00878256 1.53894
v 0.151924 0.007 1.53394
v 0.152426 0.00878256 1.52084
v 0.147468 0.0137772 1.51701
v 0.144717 0.0209946 1.51489
v 0.144717 0.0290054 1.51489
v 0.147468 0.0362228 1.51701
v 0.152426 0.0412174 1.52084
v 0.158608 0.043 1.52561
v 0.16479 0.0412174 1.53038
v 0.169748 0.0362228 1.53421
v 0.172499 0.0290054 1.53633
v 0.172499 0.0209946 1.53633
v 0.169748 0.0137772 1.53421
v 0.16479 0.00878256 1.53038
v 0.158608 0.007 1.52561
v 0.158577 0.00878256 1.51256
v 0.153426 0.0137772 1.50899
v 0.150568 0.0209946 1.50702
v 0.150568 0.0290054 1.50702
v 0.153426 0.0362228 1.50899
v 0.158577 0.0412174 1.51256
v 0.165 0.043 1.517
v 0.171423 0.0412174 1.52144
v 0.176574 0.0362228 1.52501
v 0.179432 0.0290054 1.52698
v 0.179432 0.0209946 1.52698
v 0.176574 0.0137772 1.52501
v 0.171423 0.00878256 1.52144
v 0.165 0.007 1.517
v 0.164038 0.00878256 1.50407
v 0.158626 0.0137772 1.50092
v 0.155622 0.0209946 1.49917
v 0.155622 0.0290054 1.49917
v 0.158626 0.0362228 1.50092
v 0.164038 0.0412174 1.50407
v 0.170788 0.043 1.508
v 0.177538 0.0412174 1.51193
v 0.182951 0.0362228 1.51508
v 0.185955 0.0290054 1.51683
v 0.185954 0.0209946 1.51683
v 0.182951 0.0137772 1.51508
v 0.177538 0.00878256 1.51193
v 0.170788 0.007 1.508
v 0.168694 0.00878256 1.49518
v 0.163041 0.0137772 1.49249
v 0.159904 0.0209946 1.49099
v 0.159904 0.0290054 1.49099
v 0.163041 0.0362228 1.49249
v 0.168694 0.0412174 1.49518
v 0.175743 0.043 1.49855
v 0.182793 0.0412174 1.50191
v 0.188446 0.0362228 1.5046
v 0.191583 0.0290054 1.5061
v 0.191583 0.0209946 1.5061
v 0.188446 0.0137772 1.5046
v 0.182793 0.00878256 1.50191
v 0.175743 0.007 1.49855
v 0.172742 0.00878256 1.4858
v 0.166919 0.0137772 1.48349
v 0.163688 0.0209946 1.48221
v 0.163688 0.0290054 1.48221
v 0.166919 0.0362228 1.48349
v 0.172742 0.0412174 1.4858
v 0.180003 0.043 1.48868
v 0.187264 0.0412174 1.49155
v 0.193086 0.0362228 1.49386
v 0.196318 0.0290054 1.49514
v 0.196318 0.0209946 1.49514
v 0.193086 0.0137772 1.49386
v 0.187264 0.00878256 1.49155
v 0.180003 0.007 1.48868
v 0.176299 0.00878256 1.47596
v 0.170362 0.0137772 1.47396
v 0.167068 0.0209946 1.47285
v 0.167068 0.0290054 1.47285
v 0.170362 0.0362228 1.47396
v 0.176299 0.0412174 1.47596
v 0.183703 0.043 1.47844
v 0.191106 0.0412174 1.48093
v 0.197043 0.0362228 1.48293
v 0.200338 0.0290054 1.48403
v 0.200338 0.0209946 1.48403
v 0.197043 0.0137772 1.48293
v 0.191106 0.00878256 1.48093
v 0.183703 0.007 1.47844
v 0.179486 0.00878256 1.4657
v 0.173477 0.0137772 1.46393
v 0.170142 0.0209946 1.46295
v 0.170142 0.0290054 1.46295
v 0.173477 0.0362228 1.46393
v 0.179486 0.0412174 1.4657
v 0.18698 0.043 1.4679
v 0.194473 0.0412174 1.4701
v 0.200483 0.0362228 1.47186
v 0.203818 0.0290054 1.47284
v 0.203818 0.0209946 1.47284
v 0.200483 0.0137772 1.47186
v 0.194473 0.00878256 1.4701
v 0.18698 0.007 1.4679
v 0.182426 0.00878256 1.45507
v 0.176375 0.0137772 1.45345
v 0.173017 0.0209946 1.45256
v 0.173017 0.0290054 1.45256
v 0.176375 0.0362228 1.45345
v 0.182426 0.0412174 1.45507
v 0.189971 0.043 1.45709
v 0.197516 0.0412174 1.4591
v 0.203567 0.0362228 1.46072
v 0.206925 0.0290054 1.46162
v 0.206925 0.0209946 1.46162
v 0.203567 0.0137772 1.46072
v 0.197516 0.00878256 1.4591
v 0.189971 0.007 1.45709
v 0.185245 0.00878256 1.44413
v 0.179177 0.0137772 1.44258
v 0.175809 0.0209946 1.44172
v 0.175809 0.0290054 1.44172
v 0.179177 0.0362228 1.44258
v 0.185245 0.0412174 1.44413
v 0.192813 0.043 1.44606
v 0.20038 0.0412174 1.44799
v 0.206448 0.0362228 1.44954
v 0.209816 0.0290054 1.4504
v 0.209816 0.0209946 1.4504
v 0.206448 0.0137772 1.44954
v 0.20038 0.00878256 1.44799
v 0.192813 0.007 1.44606
v 0.188077 0.00878256 1.43293
v 0.182011 0.0137772 1.43137
v 0.178645 0.0209946 1.4305
v 0.178645 0.0290054 1.4305
v 0.182011 0.0362228 1.43137
v 0.188077 0.0412174 1.43293
v 0.195641 0.043 1.43487
v 0.203206 0.0412174 1.43682
v 0.209272 0.0362228 1.43837
v 0.212638 0.0290054 1.43924
v 0.212638 0.0209946 1.43924
v 0.209272 0.0137772 1.43837
v 0.203206 0.00878256 1.43682
v 0.195641 0.007 1.43487
v 0.191058 0.00878256 1.42152
v 0.185014 0.0137772 1.41987
v 0.18166 0.0209946 1.41896
v 0.18166 0.0290054 1.41896
v 0.185014 0.0362228 1.41987
v 0.191058 0.0412174 1.42152
v 0.198594 0.043 1.42356
v 0.206131 0.0412174 1.42561
v 0.212175 0.0362228 1.42726
v 0.215529 0.0290054 1.42817
v 0.215529 0.0209946 1.42817
v 0.212175 0.0137772 1.42726
v 0.206131 0.00878256 1.42561
v 0.198594 0.007 1.42356
v 0.194326 0.00878256 1.40995
v 0.188327 0.0137772 1.40815
v 0.184997 0.0209946 1.40715
v 0.184997 0.0290054 1.40715
v 0.188327 0.0362228 1.40815
v 0.194326 0.0412174 1.40995
v 0.201808 0.043 1.41219
v 0.209289 0.0412174 1.41443
v 0.215288 0.0362228 1.41623
v 0.218618 0.0290054 1.41723
v 0.218618 0.0209946 1.41723
v 0.215288 0.0137772 1.41623
v 0.209289 0.00878256 1.41443
v 0.201808 0.007 1.41219
v 0.198025 0.00878256 1.39828
v 0.192097 0.0137772 1.39626
v 0.188807 0.0209946 1.39514
v 0.188807 0.0290054 1.39514
v 0.192097 0.0362228 1.39626
v 0.198025 0.0412174 1.39828
v 0.205418 0.043 1.4008
v 0.212811 0.0412174 1.40331
v 0.218739 0.0362228 1.40533
v 0.222029 0.0290054 1.40646
v 0.222029 0.0209946 1.40646
v 0.218739 0.0137772 1.40533
v 0.212811 0.00878256 1.40331
v 0.205418 0.007 1.4008
v 0.2023 0.00878256 1.38656
v 0.196476 0.0137772 1.38426
v 0.193244 0.0209946 1.38298
v 0.193244 0.0290054 1.38298
v 0.196476 0.0362228 1.38426
v 0.2023 0.0412174 1.38656
v 0.209563 0.043 1.38943
v 0.216825 0.0412174 1.39231
v 0.22265 0.0362228 1.39461
v 0.225882 0.0290054 1.39589
v 0.225882 0.0209946 1.39589
v 0.22265 0.0137772 1.39461
v 0.216825 0.00878256 1.39231
v 0.209563 0.007 1.38943
v 0.207296 0.00878256 1.37486
v 0.201616 0.0137772 1.37222
v 0.198465 0.0209946 1.37075
v 0.198465 0.0290054 1.37075
v 0.201616 0.0362228 1.37222
v 0.207296 0.0412174 1.37486
v 0.214378 0.043 1.37815
v 0.22146 0.0412174 1.38144
v 0.227139 0.0362228 1.38408
v 0.230291 0.0290054 1.38555
v 0.230291 0.0209946 1.38555
v 0.227139 0.0137772 1.38408
v 0.22146 0.00878256 1.38144
v 0.214378 0.007 1.37815
v 0.21318 0.00878256 1.36319
v 0.207711 0.0137772 1.36014
v 0.204676 0.0209946 1.35845
v 0.204676 0.0290054 1.35845
v 0.207711 0.0362228 1.36014
v 0.21318 0.0412174 1.36319
v 0.22 0.043 1.367
v 0.22682 0.0412174 1.37081
v 0.232289 0.0362228 1.37386
v 0.235324 0.0290054 1.37555
v 0.235324 0.0209946 1.37555
v 0.232289 0.0137772 1.37386
v 0.22682 0.00878256 1.37081
v 0.22 0.007 1.367
v 0.220342 0.00878256 1.35154
v 0.215141 0.0137772 1.34805
v 0.212254 0.0209946 1.34612
v 0.212254 0.0290054 1.34612
v 0.215141 0.0362228 1.34805
v 0.220342 0.0412174 1.35154
v 0.226829 0.043 1.35589
v 0.233315 0.0412174 1.36024
v 0.238517 0.0362228 1.36373
v 0.241403 0.0290054 1.36567
v 0.241403 0.0209946 1.36567
v 0.238517 0.0137772 1.36373
v 0.233315 0.00878256 1.36024
v 0.226829 0.007 1.35589
v 0.228807 0.00878256 1.33993
v 0.223852 0.0137772 1.3361
v 0.221102 0.0209946 1.33398
v 0.221102 0.0290054 1.33398
v 0.223852 0.0362228 1.3361
v 0.228807 0.0412174 1.33993
v 0.234985 0.043 1.34471
v 0.241164 0.0412174 1.34949
v 0.246119 0.0362228 1.35332
v 0.248868 0.0290054 1.35545
v 0.248868 0.0209946 1.35545
v 0.246119 0.0137772 1.35332
v 0.241164 0.00878256 1.34949
v 0.234985 0.007 1.34471
v 0.238241 0.00878256 1.32841
v 0.23347 0.0137772 1.32435
v 0.230821 0.0209946 1.3221
v 0.230821 0.0290054 1.3221
v 0.23347 0.0362228 1.32435
v 0.238241 0.0412174 1.32841
v 0.244192 0.043 1.33347
v 0.250142 0.0412174 1.33852
v 0.254914 0.0362228 1.34258
v 0.257562 0.0290054 1.34483
v 0.257562 0.0209946 1.34483
v 0.254914 0.0137772 1.34258
v 0.250142 0.00878256 1.33852
v 0.244192 0.007 1.33347
v 0.248369 0.00878256 1.31693
v 0.243718 0.0137772 1.31274
v 0.241137 0.0209946 1.31041
v 0.241137 0.0290054 1.31041
v 0.243718 0.0362228 1.31274
v 0.248369 0.0412174 1.31693
v 0.254169 0.043 1.32216
v 0.259969 0.0412174 1.32739
v 0.26462 0.0362228 1.33159
v 0.267201 0.0290054 1.33391
v 0.267201 0.0209946 1.33391
v 0.26462 0.0137772 1.33159
v 0.259969 0.00878256 1.32739
v 0.254169 0.007 1.32216
v 0.258916 0.00878256 1.30548
v 0.254327 0.0137772 1.30122
v 0.251781 0.0209946 1.29886
v 0.251781 0.0290054 1.29886
v 0.254327 0.0362228 1.30122
v 0.258916 0.0412174 1.30548
v 0.264638 0.043 1.3108
v 0.27036 0.0412174 1.31612
v 0.274949 0.0362228 1.32038
v 0.277496 0.0290054 1.32274
v 0.277496 0.0209946 1.32274
v 0.274949 0.0137772 1.32038
v 0.27036 0.00878256 1.31612
v 0.264638 0.007 1.3108
v 0.269606 0.00878256 1.29407
v 0.265024 0.0137772 1.2898
v 0.262481 0.0209946 1.28743
v 0.262481 0.0290054 1.28743
v 0.265024 0.0362228 1.2898
v 0.269606 0.0412174 1.29407
v 0.275321 0.043 1.29939
v 0.281035 0.0412174 1.30471
v 0.285618 0.0362228 1.30898
v 0.288161 0.0290054 1.31135
v 0.288161 0.0209946 1.31135
v 0.285618 0.0137772 1.30898
v 0.281035 0.00878256 1.30471
v 0.275321 0.007 1.29939
v 0.280162 0.00878256 1.28268
v 0.275531 0.0137772 1.27846
v 0.27296 0.0209946 1.27612
v 0.27296 0.0290054 1.27612
v 0.275531 0.0362228 1.27846
v 0.280162 0.0412174 1.28268
v 0.285937 0.043 1.28794
v 0.291713 0.0412174 1.29319
v 0.296344 0.0362228 1.29741
v 0.298915 0.0290054 1.29975
v 0.298915 0.0209946 1.29975
v 0.296344 0.0137772 1.29741
v 0.291713 0.00878256 1.29319
v 0.285937 0.007 1.28794
v 0.290304 0.00878256 1.27134
v 0.285567 0.0137772 1.26724
v 0.282939 0.0209946 1.26496
v 0.282939 0.0290054 1.26496
v 0.285567 0.0362228 1.26724
v 0.290304 0.0412174 1.27134
v 0.29621 0.043 1.27645
v 0.302116 0.0412174 1.28156
v 0.306852 0.0362228 1.28565
v 0.309481 0.0290054 1.28793
v 0.309481 0.0209946 1.28793
v 0.306852 0.0137772 1.28565
v 0.302116 0.00878256 1.28156
v 0.29621 0.007 1.27645
v 0.29975 0.00878256 1.26006
v 0.294851 0.0137772 1.25615
v 0.292132 0.0209946 1.25399
v 0.292132 0.0290054 1.25399
v 0.294851 0.0362228 1.25615
v 0.29975 0.0412174 1.26006
v 0.305859 0.043 1.26492
v 0.311968 0.0412174 1.26979
v 0.316867 0.0362228 1.27369
v 0.319586 0.0290054 1.27585
v 0.319586 0.0209946 1.27585
v 0.316867 0.0137772 1.27369
v 0.311968 0.00878256 1.26979
v 0.305859 0.007 1.26492
v 0.308221 0.00878256 1.24887
v 0.3031 0.0137772 1.24527
v 0.300259 0.0209946 1.24327
v 0.300259 0.0290054 1.24327
v 0.3031 0.0362228 1.24527
v 0.308221 0.0412174 1.24887
v 0.314606 0.043 1.25337
v 0.320992 0.0412174 1.25787
v 0.326112 0.0362228 1.26147
v 0.328954 0.0290054 1.26347
v 0.328954 0.0209946 1.26347
v 0.326112 0.0137772 1.26147
v 0.320992 0.00878256 1.25787
v 0.314606 0.007 1.25337
v 0.315442 0.00878256 1.23784
v 0.310045 0.0137772 1.23466
v 0.30705 0.0209946 1.2329
v 0.30705 0.0290054 1.2329
v 0.310045 0.0362228 1.23466
v 0.315442 0.0412174 1.23784
v 0.322173 0.043 1.2418
v 0.328903 0.0412174 1.24576
v 0.334301 0.0362228 1.24894
v 0.337296 0.0290054 1.2507
v 0.337296 0.0209946 1.2507
v 0.334301 0.0137772 1.24894
v 0.328903 0.00878256 1.24576
v 0.322173 0.007 1.2418
v 0.321157 0.00878256 1.227
v 0.315445 0.0137772 1.22444
v 0.312275 0.0209946 1.22301
v 0.312275 0.0290054 1.22301
v 0.315445 0.0362228 1.22444
v 0.321157 0.0412174 1.227
v 0.32828 0.043 1.23021
v 0.335403 0.0412174 1.23341
v 0.341115 0.0362228 1.23598
v 0.344285 0.0290054 1.2374
v 0.344285 0.0209946 1.2374
v 0.341115 0.0137772 1.23598
v 0.335403 0.00878256 1.23341
v 0.32828 0.007 1.23021
v 0.325143 0.00878256 1.21645
v 0.319124 0.0137772 1.21472
v 0.315783 0.0209946 1.21376
v 0.315783 0.0290054 1.21376
v 0.319124 0.0362228 1.21472
v 0.325143 0.0412174 1.21645
v 0.332648 0.043 1.21861
v 0.340154 0.0412174 1.22076
v 0.346173 0.0362228 1.2225
v 0.349514 0.0290054 1.22346
v 0.349514 0.0209946 1.22346
v 0.346173 0.0137772 1.2225
v 0.340154 0.00878256 1.22076
v 0.332648 0.007 1.21861
v 0.32724 0.00878256 1.20612
v 0.321017 0.0137772 1.20541
v 0.317564 0.0209946 1.20501
v 0.317564 0.0290054 1.20501
v 0.321017 0.0362228 1.20541
v 0.32724 0.0412174 1.20612
v 0.335 0.043 1.207
v 0.34276 0.0412174 1.20788
v 0.348983 0.0362228 1.20859
v 0.352436 0.0290054 1.20899
v 0.352436 0.0209946 1.20899
v 0.348983 0.0137772 1.20859
v 0.34276 0.00878256 1.20788
v 0.335 0.007 1.207
v 0.327513 0.00878256 1.19564
v 0.321256 0.0137772 1.19593
v 0.317784 0.0209946 1.19609
v 0.317784 0.0290054 1.19609
v 0.321256 0.0362228 1.19593
v 0.327513 0.0412174 1.19564
v 0.335314 0.043 1.19529
v 0.343116 0.0412174 1.19493
v 0.349372 0.0362228 1.19464
v 0.352844 0.0290054 1.19448
v 0.352844 0.0209946 1.19448
v 0.349372 0.0137772 1.19464
v 0.343116 0.00878256 1.19493
v 0.335314 0.007 1.19529
v 0.326208 0.00878256 1.18478
v 0.320046 0.0137772 1.1859
v 0.316626 0.0209946 1.18652
v 0.316626 0.0290054 1.18652
v 0.320046 0.0362228 1.1859
v 0.326208 0.0412174 1.18478
v 0.333892 0.043 1.18338
v 0.341576 0.0412174 1.18199
v 0.347738 0.0362228 1.18087
v 0.351158 0.0290054 1.18025
v 0.351158 0.0209946 1.18025
v 0.347738 0.0137772 1.18087
v 0.341576 0.00878256 1.18199
v 0.333892 0.007 1.18338
v 0.323452 0.00878256 1.17358
v 0.317451 0.0137772 1.17537
v 0.31412 0.0209946 1.17636
v 0.31412 0.0290054 1.17636
v 0.317451 0.0362228 1.17537
v 0.323452 0.0412174 1.17358
v 0.330936 0.043 1.17134
v 0.338419 0.0412174 1.16911
v 0.34442 0.0362228 1.16732
v 0.347751 0.0290054 1.16632
v 0.347751 0.0209946 1.16632
v 0.34442 0.0137772 1.16732
v 0.338419 0.00878256 1.16911
v 0.330936 0.007 1.17134
v 0.319391 0.00878256 1.16209
v 0.313572 0.0137772 1.16441
v 0.310343 0.0209946 1.16569
v 0.310343 0.0290054 1.16569
v 0.313572 0.0362228 1.16441
v 0.319391 0.0412174 1.16209
v 0.326647 0.043 1.1592
v 0.333903 0.0412174 1.15631
v 0.339722 0.0362228 1.154
v 0.342952 0.0290054 1.15271
v 0.342952 0.0209946 1.15271
v 0.339722 0.0137772 1.154
v 0.333903 0.00878256 1.15631
v 0.326647 0.007 1.1592
v 0.314192 0.00878256 1.15039
v 0.308549 0.0137772 1.15311
v 0.305418 0.0209946 1.15462
v 0.305418 0.0290054 1.15462
v 0.308549 0.0362228 1.15311
v 0.314192 0.0412174 1.15039
v 0.321229 0.043 1.14701
v 0.328266 0.0412174 1.14362
v 0.333909 0.0362228 1.1409
v 0.33704 0.0290054 1.13939
v 0.33704 0.0209946 1.13939
v 0.333909 0.0137772 1.1409
v 0.328266 0.00878256 1.14362
v 0.321229 0.007 1.14701
v 0.30804 0.00878256 1.13856
v 0.302552 0.0137772 1.14158
v 0.299507 0.0209946 1.14326
v 0.299507 0.0290054 1.14326
v 0.302552 0.0362228 1.14158
v 0.30804 0.0412174 1.13856
v 0.314883 0.043 1.1348
v 0.321727 0.0412174 1.13104
v 0.327215 0.0362228 1.12802
v 0.33026 0.0290054 1.12634
v 0.33026 0.0209946 1.12634
v 0.327215 0.0137772 1.12802
v 0.321727 0.00878256 1.13104
v 0.314883 0.007 1.1348
v 0.301127 0.00878256 1.12666
v 0.295767 0.0137772 1.1299
v 0.292791 0.0209946 1.1317
v 0.292791 0.0290054 1.1317
v 0.295767 0.0362228 1.1299
v 0.301127 0.0412174 1.12666
v 0.307812 0.043 1.12263
v 0.314498 0.0412174 1.11859
v 0.319858 0.0362228 1.11535
v 0.322834 0.0290054 1.11355
v 0.322834 0.0209946 1.11355
v 0.319858 0.0137772 1.11535
v 0.314498 0.00878256 1.11859
v 0.307812 0.007 1.12263
v 0.293653 0.00878256 1.11476
v 0.288388 0.0137772 1.11815
v 0.285466 0.0209946 1.12003
v 0.285466 0.0290054 1.12003
v 0.288388 0.0362228 1.11815
v 0.293653 0.0412174 1.11476
v 0.300219 0.043 1.11053
v 0.306784 0.0412174 1.1063
v 0.31205 0.0362228 1.10291
v 0.314972 0.0290054 1.10102
v 0.314972 0.0209946 1.10102
v 0.31205 0.0137772 1.10291
v 0.306784 0.00878256 1.1063
v 0.300219 0.007 1.11053
v 0.285817 0.00878256 1.1029
v 0.280615 0.0137772 1.10639
v 0.277728 0.0209946 1.10832
v 0.277728 0.0290054 1.10832
v 0.280615 0.0362228 1.10639
v 0.285817 0.0412174 1.1029
v 0.292304 0.043 1.09855
v 0.298791 0.0412174 1.0942
v 0.303993 0.0362228 1.09071
v 0.306881 0.0290054 1.08878
v 0.306881 0.0209946 1.08878
v 0.303993 0.0137772 1.09071
v 0.298791 0.00878256 1.0942
v 0.292304 0.007 1.09855
v 0.27782 0.00878256 1.09114
v 0.272647 0.0137772 1.09467
v 0.269776 0.0209946 1.09663
v 0.269776 0.0290054 1.09663
v 0.272647 0.0362228 1.09467
v 0.27782 0.0412174 1.09114
v 0.284271 0.043 1.08674
v 0.290722 0.0412174 1.08234
v 0.295895 0.0362228 1.0788
v 0.298766 0.0290054 1.07685
v 0.298766 0.0209946 1.07685
v 0.295895 0.0137772 1.0788
v 0.290722 0.00878256 1.08234
v 0.284271 0.007 1.08674
v 0.269864 0.00878256 1.07952
v 0.264684 0.0137772 1.08305
v 0.26181 0.0209946 1.085
v 0.26181 0.0290054 1.085
v 0.264684 0.0362228 1.08305
v 0.269864 0.0412174 1.07952
v 0.276322 0.043 1.07513
v 0.28278 0.0412174 1.07074
v 0.28796 0.0362228 1.06722
v 0.290834 0.0290054 1.06527
v 0.290834 0.0209946 1.06527
v 0.28796 0.0137772 1.06722
v 0.28278 0.00878256 1.07074
v 0.276322 0.007 1.07513
v 0.262146 0.00878256 1.06809
v 0.256923 0.0137772 1.07155
v 0.254025 0.0209946 1.07346
v 0.254025 0.0290054 1.07346
v 0.256923 0.0362228 1.07155
v 0.262146 0.0412174 1.06809
v 0.268659 0.043 1.06378
v 0.275172 0.0412174 1.05947
v 0.280395 0.0362228 1.05601
v 0.283293 0.0290054 1.05409
v 0.283293 0.0209946 1.05409
v 0.280395 0.0137772 1.05601
v 0.275172 0.00878256 1.05947
v 0.268659 0.007 1.06378
v 0.254866 0.00878256 1.05687
v 0.249559 0.0137772 1.06019
v 0.246614 0.0209946 1.06204
v 0.246614 0.0290054 1.06204
v 0.249559 0.0362228 1.06019
v 0.254866 0.0412174 1.05687
v 0.261484 0.043 1.05272
v 0.268102 0.0412174 1.04857
v 0.273409 0.0362228 1.04525
v 0.276355 0.0290054 1.0434
v 0.276355 0.0209946 1.0434
v 0.273409 0.0137772 1.04525
v 0.268102 0.00878256 1.04857
v 0.261484 0.007 1.05272
v 0.248239 0.00878256 1.04591
v 0.242817 0.0137772 1.04904
v 0.239807 0.0209946 1.05078
v 0.239808 0.0290054 1.05078
v 0.242817 0.0362228 1.04904
v 0.248239 0.0412174 1.04591
v 0.255 0.043 1.042
v 0.261761 0.0412174 1.03809
v 0.267183 0.0362228 1.03496
v 0.270193 0.0290054 1.03322
v 0.270193 0.0209946 1.03322
v 0.267183 0.0137772 1.03496
v 0.261761 0.00878256 1.03809
v 0.255 0.007 1.042
v 0.242166 0.00878256 1.03491
v 0.23664 0.0137772 1.03786
v 0.233574 0.0209946 1.03949
v 0.233574 0.0290054 1.03949
v 0.23664 0.0362228 1.03786
v 0.242166 0.0412174 1.03491
v 0.249057 0.043 1.03123
v 0.255948 0.0412174 1.02756
v 0.261474 0.0362228 1.02461
v 0.26454 0.0290054 1.02297
v 0.26454 0.0209946 1.02297
v 0.261474 0.0137772 1.02461
v 0.255948 0.00878256 1.02756
v 0.249057 0.007 1.03123
v 0.23635 0.00878256 1.02362
v 0.230757 0.0137772 1.02644
v 0.227654 0.0209946 1.02801
v 0.227654 0.0290054 1.02801
v 0.230757 0.0362228 1.02644
v 0.23635 0.0412174 1.02362
v 0.243324 0.043 1.02011
v 0.250297 0.0412174 1.01659
v 0.25589 0.0362228 1.01377
v 0.258994 0.0290054 1.01221
v 0.258994 0.0209946 1.01221
v 0.25589 0.0137772 1.01377
v 0.250297 0.00878256 1.01659
v 0.243324 0.007 1.02011
v 0.230712 0.00878256 1.01219
v 0.225085 0.0137772 1.01494
v 0.221963 0.0209946 1.01647
v 0.221963 0.0290054 1.01647
v 0.225085 0.0362228 1.01494
v 0.230712 0.0412174 1.01219
v 0.237729 0.043 1.00876
v 0.244745 0.0412174 1.00533
v 0.250372 0.0362228 1.00258
v 0.253495 0.0290054 1.00105
v 0.253495 0.0209946 1.00105
v 0.250372 0.0137772 1.00258
v 0.244745 0.00878256 1.00533
v 0.237729 0.007 1.00876
v 0.225178 0.00878256 1.00077
v 0.219545 0.0137772 1.0035
v 0.216419 0.0209946 1.00502
v 0.216419 0.0290054 1.00502
v 0.219545 0.0362228 1.0035
v 0.225178 0.0412174 1.00077
v 0.232201 0.043 0.99735
v 0.239225 0.0412174 0.993935
v 0.244857 0.0362228 0.991196
v 0.247983 0.0290054 0.989676
v 0.247983 0.0209946 0.989676
v 0.244857 0.0137772 0.991196
v 0.239225 0.00878256 0.993935
v 0.232201 0.007 0.99735
v 0.219675 0.00878256 0.989492
v 0.214065 0.0137772 0.992277
v 0.210952 0.0209946 0.993823
v 0.210952 0.0290054 0.993823
v 0.214065 0.0362228 0.992277
v 0.219675 0.0412174 0.989492
v 0.22667 0.043 0.986019
v 0.233665 0.0412174 0.982546
v 0.239275 0.0362228 0.979761
v 0.242388 0.0290054 0.978215
v 0.242388 0.0209946 0.978215
v 0.239275 0.0137772 0.979761
v 0.233665 0.00878256 0.982546
v 0.22667 0.007 0.986019
v 0.214136 0.00878256 0.978521
v 0.20858 0.0137772 0.981412
v 0.205497 0.0209946 0.983017
v 0.205497 0.0290054 0.983017
v 0.20858 0.0362228 0.981412
v 0.214136 0.0412174 0.978521
v 0.221064 0.043 0.974915
v 0.227992 0.0412174 0.97131
v 0.233548 0.0362228 0.968419
v 0.236631 0.0290054 0.966814
v 0.236631 0.0209946 0.966814
v 0.233548 0.0137772 0.968419
v 0.227992 0.00878256 0.97131
v 0.221064 0.007 0.974915
v 0.208499 0.00878256 0.968005
v 0.203035 0.0137772 0.971066
v 0.200003 0.0209946 0.972765
v 0.200003 0.0290054 0.972765
v 0.203035 0.0362228 0.971066
v 0.208499 0.0412174 0.968005
v 0.215312 0.043 0.964188
v 0.222126 0.0412174 0.96037
v 0.22759 0.0362228 0.957309
v 0.230622 0.0290054 0.95561
v 0.230622 0.0209946 0.95561
v 0.22759 0.0137772 0.957309
v 0.222126 0.00878256 0.96037
v 0.215312 0.007 0.964188
v 0.202706 0.00878256 0.958098
v 0.197383 0.0137772 0.961398
v 0.194429 0.0209946 0.963229
v 0.194429 0.0290054 0.963229
v 0.197383 0.0362228 0.961398
v 0.202706 0.0412174 0.958098
v 0.209344 0.043 0.953983
v 0.215982 0.0412174 0.949867
v 0.221305 0.0362228 0.946567
v 0.224259 0.0290054 0.944736
v 0.224259 0.0209946 0.944736
v 0.221305 0.0137772 0.946567
v 0.215982 0.00878256 0.949867
v 0.209344 0.007 0.953983
v 0.196709 0.00878256 0.948954
v 0.191593 0.0137772 0.952567
v 0.188754 0.0209946 0.954572
v 0.188754 0.0290054 0.954572
v 0.191593 0.0362228 0.952567
v 0.196709 0.0412174 0.948954
v 0.203088 0.043 0.944448
v 0.209467 0.0412174 0.939942
v 0.214582 0.0362228 0.936329
v 0.217421 0.0290054 0.934324
v 0.217421 0.0209946 0.934324
v 0.214582 0.0137772 0.936329
v 0.209467 0.00878256 0.939942
v 0.203088 0.007 0.944448
v 0.190466 0.00878256 0.940724
v 0.18565 0.0137772 0.944728
v 0.182977 0.0209946 0.946949
v 0.182977 0.0290054 0.946949
v 0.18565 0.0362228 0.944728
v 0.190466 0.0412174 0.940724
v 0.196472 0.043 0.935732
v 0.202478 0.0412174 0.93074
v 0.207295 0.0362228 0.926736
v 0.209968 0.0290054 0.924514
v 0.209968 0.0209946 0.924514
v 0.207295 0.0137772 0.926736
v 0.202478 0.00878256 0.93074
v 0.196472 0.007 0.935732
v 0.18395 0.00878256 0.933549
v 0.179558 0.0137772 0.938014
v 0.17712 0.0209946 0.940491
v 0.17712 0.0290054 0.940491
v 0.179558 0.0362228 0.938014
v 0.18395 0.0412174 0.933549
v 0.189427 0.043 0.927981
v 0.194904 0.0412174 0.922414
v 0.199296 0.0362228 0.917949
v 0.201734 0.0290054 0.915471
v 0.201734 0.0209946 0.915471
v 0.199296 0.0137772 0.917949
v 0.194904 0.00878256 0.922414
v 0.189427 0.007 0.927981
v 0.177134 0.00878256 0.927547
v 0.173328 0.0137772 0.93252
v 0.171216 0.0209946 0.935281
v 0.171216 0.0290054 0.935281
v 0.173328 0.0362228 0.93252
v 0.177134 0.0412174 0.927547
v 0.18188 0.043 0.921344
v 0.186627 0.0412174 0.915142
v 0.190433 0.0362228 0.910168
v 0.192545 0.0290054 0.907407
v 0.192545 0.0209946 0.907407
v 0.190433 0.0137772 0.910168
v 0.186627 0.00878256 0.915142
v 0.18188 0.007 0.921344
v 0.169983 0.00878256 0.922803
v 0.166952 0.0137772 0.928284
v 0.165271 0.0209946 0.931325
v 0.165271 0.0290054 0.931325
v 0.166952 0.0362228 0.928284
v 0.169983 0.0412174 0.922803
v 0.173762 0.043 0.915968
v 0.177541 0.0412174 0.909133
v 0.180571 0.0362228 0.903652
v 0.182253 0.0290054 0.90061
v 0.182253 0.0209946 0.90061
v 0.180571 0.0137772 0.903652
v 0.177541 0.00878256 0.909133
v 0.173762 0.007 0.915968
v 0.162466 0.00878256 0.919388
v 0.160434 0.0137772 0.925312
v 0.159307 0.0209946 0.9286
v 0.159307 0.0290054 0.9286
v 0.160434 0.0362228 0.925312
v 0.162466 0.0412174 0.919387
v 0.165 0.043 0.912
v 0.167534 0.0412174 0.904612
v 0.169566 0.0362228 0.898688
v 0.170693 0.0290054 0.8954
v 0.170693 0.0209946 0.8954
v 0.169566 0.0137772 0.898688
v 0.167534 0.00878256 0.904612
v 0.165 0.007 0.912
v 0.154354 0.00878256 0.917444
v 0.153445 0.0137772 0.923641
v 0.15294 0.0209946 0.927079
v 0.15294 0.0290054 0.927079
v 0.153445 0.0362228 0.923641
v 0.154354 0.0412174 0.917444
v 0.155488 0.043 0.909717
v 0.156623 0.0412174 0.90199
v 0.157532 0.0362228 0.895793
v 0.158037 0.0290054 0.892354
v 0.158037 0.0209946 0.892354
v 0.157532 0.0137772 0.895793
v 0.156623 0.00878256 0.90199
v 0.155488 0.007 0.909717
v 0.145339 0.00878256 0.916952
v 0.145423 0.0137772 0.923215
v 0.14547 0.0209946 0.92669
v 0.14547 0.0290054 0.92669
v 0.145423 0.0362228 0.923215
v 0.145339 0.0412174 0.916952
v 0.145233 0.043 0.909143
v 0.145128 0.0412174 0.901334
v 0.145043 0.0362228 0.895071
v 0.144997 0.0290054 0.891596
v 0.144997 0.0209946 0.891596
v 0.145043 0.0137772 0.895071
v 0.145128 0.00878256 0.901334
v 0.145233 0.007 0.909143
v 0.13538 0.00878256 0.917788
v 0.13622 0.0137772 0.923994
v 0.136687 0.0209946 0.927439
v 0.136687 0.0290054 0.927439
v 0.13622 0.0362228 0.923994
v 0.13538 0.0412174 0.917788
v 0.134333 0.043 0.910048
v 0.133286 0.0412174 0.902309
v 0.132446 0.0362228 0.896103
v 0.13198 0.0290054 0.892658
v 0.13198 0.0209946 0.892658
v 0.132446 0.0137772 0.896103
v 0.133286 0.00878256 0.902309
v 0.134333 0.007 0.910048
v 0.124618 0.00878256 0.91982
v 0.126006 0.0137772 0.925927
v 0.126776 0.0209946 0.929316
v 0.126776 0.0290054 0.929316
v 0.126006 0.0362228 0.925927
v 0.124618 0.0412174 0.91982
v 0.122886 0.043 0.912204
v 0.121155 0.0412174 0.904588
v 0.119767 0.0362228 0.898481
v 0.118996 0.0290054 0.895092
v 0.118996 0.0209946 0.895092
v 0.119767 0.0137772 0.898481
v 0.121155 0.00878256 0.904588
v 0.122886 0.007 0.912204
v 0.113203 0.00878256 0.92287
v 0.114976 0.0137772 0.928877
v 0.115961 0.0209946 0.932211
v 0.115961 0.0290054 0.932211
v 0.114976 0.0362228 0.928877
v 0.113203 0.0412174 0.92287
v 0.110991 0.043 0.91538
v 0.10878 0.0412174 0.90789
v 0.107006 0.0362228 0.901883
v 0.106022 0.0290054 0.89855
v 0.106022 0.0209946 0.89855
v 0.107006 0.0137772 0.901883
v 0.10878 0.00878256 0.90789
v 0.110991 0.007 0.91538
v 0.101281 0.00878256 0.926734
v 0.103313 0.0137772 0.932658
v 0.104441 0.0209946 0.935946
v 0.104441 0.0290054 0.935946
v 0.103313 0.0362228 0.932658
v 0.101281 0.0412174 0.926734
v 0.0987464 0.043 0.919347
v 0.0962122 0.0412174 0.91196
v 0.09418 0.0362228 0.906035
v 0.0930521 0.0290054 0.902748
v 0.0930521 0.0209946 0.902748
v 0.09418 0.0137772 0.906035
v 0.0962122 0.00878256 0.91196
v 0.0987464 0.007 0.919347
v 0.0889809 0.00878256 0.931192
v 0.0911709 0.0137772 0.93706
v 0.0923863 0.0209946 0.940316
v 0.0923863 0.0290054 0.940316
v 0.0911709 0.0362228 0.93706
v 0.0889809 0.0412174 0.931192
v 0.08625 0.043 0.923875
v 0.0835191 0.0412174 0.916558
v 0.0813291 0.0362228 0.91069
v 0.0801137 0.0290054 0.907434
v 0.0801137 0.0209946 0.907434
v 0.0813291 0.0137772 0.91069
v 0.0835191 0.00878256 0.916558
v 0.08625 0.007 0.923875
v 0.0764216 0.00878256 0.936017
v 0.078684 0.0137772 0.941858
v 0.0799395 0.0209946 0.945099
v 0.0799395 0.0290054 0.945099
v 0.078684 0.0362228 0.941858
v 0.0764216 0.0412174 0.936017
v 0.0736006 0.043 0.928735
v 0.0707795 0.0412174 0.921452
v 0.0685172 0.0362228 0.915612
v 0.0672617 0.0290054 0.912371
v 0.0672617 0.0209946 0.912371
v 0.0685172 0.0137772 0.915612
v 0.0707795 0.00878256 0.921452
v 0.0736006 0.007 0.928735
v 0.0637101 0.00878256 0.940982
v 0.0659664 0.0137772 0.946824
v 0.0672186 0.0209946 0.950067
v 0.0672186 0.0290054 0.950067
v 0.0659664 0.0362228 0.946824
v 0.0637101 0.0412174 0.940982
v 0.0608965 0.043 0.933697
v 0.0580829 0.0412174 0.926411
v 0.0558266 0.0362228 0.920569
v 0.0545744 0.0290054 0.917326
v 0.0545744 0.0209946 0.917326
v 0.0558266 0.0137772 0.920569
v 0.0580829 0.00878256 0.926411
v 0.0608965 0.007 0.933697
v 0.0509443 0.00878256 0.945856
v 0.053116 0.0137772 0.95173
v 0.0543212 0.0209946 0.954991
v 0.0543212 0.0290054 0.954991
v 0.053116 0.0362228 0.95173
v 0.0509443 0.0412174 0.945856
v 0.0482361 0.043 0.938531
v 0.045528 0.0412174 0.931205
v 0.0433563 0.0362228 0.925331
v 0.0421511 0.0290054 0.922071
v 0.0421511 0.0209946 0.922071
v 0.0433563 0.0137772 0.925331
v 0.045528 0.00878256 0.931205
v 0.0482361 0.007 0.938531
v 0.0382129 0.00878256 0.950408
v 0.0402137 0.0137772 0.956343
v 0.0413241 0.0209946 0.959637
v 0.0413241 0.0290054 0.959637
v 0.0402137 0.0362228 0.956343
v 0.0382129 0.0412174 0.950408
v 0.0357179 0.043 0.943008
v 0.033223 0.0412174 0.935607
v 0.0312221 0.0362228 0.929672
v 0.0301118 0.0290054 0.926379
v 0.0301118 0.0209946 0.926379
v 0.0312221 0.0137772 0.929672
v 0.033223 0.00878256 0.935607
v 0.0357179 0.007 0.943008
v 0.0255943 0.00878256 0.954405
v 0.0273217 0.0137772 0.960425
v 0.0282803 0.0209946 0.963766
v 0.0282803 0.0290054 0.963766
v 0.0273217 0.0362228 0.960425
v 0.0255943 0.0412174 0.954405
v 0.0234402 0.043 0.946898
v 0.0212862 0.0412174 0.939391
v 0.0195588 0.0362228 0.933371
v 0.0186001 0.0290054 0.93003
v 0.0186001 0.0209946 0.93003
v 0.0195588 0.0137772 0.933371
v 0.0212862 0.00878256 0.939391
v 0.0234402 0.007 0.946898
v 0.0131544 0.00878256 0.957605
v 0.01448 0.0137772 0.963726
v 0.0152157 0.0209946 0.967123
v 0.0152157 0.0290054 0.967123
v 0.01448 0.0362228 0.963726
v 0.0131544 0.0412174 0.957605
v 0.0115014 0.043 0.949972
v 0.00984845 0.0412174 0.942339
v 0.00852286 0.0362228 0.936218
v 0.00778721 0.0290054 0.932821
v 0.00778721 0.0209946 0.932821
v 0.00852286 0.0137772 0.936218
v 0.00984845 0.00878256 0.942339
v 0.0115014 0.007 0.949972
v 0.00113807 0.00878256 0.959727
v 0.00205072 0.0137772 0.965923
v 0.00255721 0.0209946 0.969361
v 0.00255721 0.0290054 0.969361
v 0.00205072 0.0362228 0.965923
v 0.00113807 0.0412174 0.959727
v 0 0.043 0.952
v -0.00113807 0.0412174 0.944273
v -0.00205073 0.0362228 0.938077
v -0.00255721 0.0290054 0.934639
v -0.00255721 0.0209946 0.934639
v -0.00205072 0.0137772 0.938077
v -0.00113807 0.00878256 0.944273
v 0 0.007 0.952
v -0.010242 0.00878256 0.961078
v -0.00955926 0.0137772 0.967304
v -0.00918038 0.0209946 0.970759
v -0.00918038 0.0290054 0.970759
v -0.00955926 0.0362228 0.967304
v -0.010242 0.0412174 0.961078
v -0.0110933 0.043 0.953315
v -0.0119446 0.0412174 0.945551
v -0.0126273 0.0362228 0.939326
v -0.0130062 0.0290054 0.935871
v -0.0130062 0.0209946 0.935871
v -0.0126273 0.0137772 0.939326
v -0.0119446 0.00878256 0.945551
v -0.0110933 0.007 0.953315
v -0.0211976 0.00878256 0.962183
v -0.0206265 0.0137772 0.96842
v -0.0203096 0.0209946 0.971881
v -0.0203096 0.0290054 0.971881
v -0.0206265 0.0362228 0.96842
v -0.0211976 0.0412174 0.962183
v -0.0219096 0.043 0.954405
v -0.0226217 0.0412174 0.946628
v -0.0231927 0.0362228 0.940391
v -0.0235096 0.0290054 0.93693
v -0.0235096 0.0209946 0.93693
v -0.0231927 0.0137772 0.940391
v -0.0226217 0.00878256 0.946628
v -0.0219096 0.007 0.954405
v -0.0319371 0.00878256 0.963066
v -0.0314828 0.0137772 0.969313
v -0.0312306 0.0209946 0.97278
v -0.0312306 0.0290054 0.97278
v -0.0314828 0.0362228 0.969313
v -0.0319371 0.0412174 0.963066
v -0.0325036 0.043 0.955277
v -0.0330702 0.0412174 0.947488
v -0.0335245 0.0362228 0.941241
v -0.0337767 0.0290054 0.937775
v -0.0337767 0.0209946 0.937775
v -0.0335245 0.0137772 0.941241
v -0.0330702 0.00878256 0.947488
v -0.0325036 0.007 0.955277
v -0.0425132 0.00878256 0.963735
v -0.0421789 0.0137772 0.969989
v -0.0419934 0.0209946 0.97346
v -0.0419934 0.0290054 0.97346
v -0.0421789 0.0362228 0.969989
v -0.0425132 0.0412174 0.963735
v -0.04293 0.043 0.955936
v -0.0433469 0.0412174 0.948137
v -0.0436811 0.0362228 0.941883
v -0.0438666 0.0290054 0.938412
v -0.0438666 0.0209946 0.938412
v -0.0436811 0.0137772 0.941883
v -0.0433469 0.00878256 0.948137
v -0.04293 0.007 0.955936
v -0.0529782 0.00878256 0.964192
v -0.0527654 0.0137772 0.970452
v -0.0526474 0.0209946 0.973925
v -0.0526474 0.0290054 0.973925
v -0.0527654 0.0362228 0.970452
v -0.0529782 0.0412174 0.964192
v -0.0532434 0.043 0.956387
v -0.0535087 0.0412174 0.948581
v -0.0537215 0.0362228 0.942322
v -0.0538395 0.0290054 0.938848
v -0.0538395 0.0209946 0.938848
v -0.0537215 0.0137772 0.942322
v -0.0535087 0.00878256 0.948581
v -0.0532434 0.007 0.956387
v -0.0633841 0.00878256 0.964445
v -0.0632923 0.0137772 0.970707
v -0.0632413 0.0209946 0.974182
v -0.0632413 0.0290054 0.974182
v -0.0632923 0.0362228 0.970707
v -0.0633841 0.0412174 0.964445
v -0.0634985 0.043 0.956636
v -0.063613 0.0412174 0.948826
v -0.0637048 0.0362228 0.942564
v -0.0637557 0.0290054 0.939089
v -0.0637557 0.0209946 0.939089
v -0.0637048 0.0137772 0.942564
v -0.063613 0.00878256 0.948827
v -0.0634985 0.007 0.956636
v -0.0737831 0.00878256 0.964497
v -0.0738096 0.0137772 0.97076
v -0.0738243 0.0209946 0.974236
v -0.0738243 0.0290054 0.974236
v -0.0738096 0.0362228 0.97076
v -0.0737831 0.0412174 0.964497
v -0.07375 0.043 0.956688
v -0.0737169 0.0412174 0.948878
v -0.0736904 0.0362228 0.942615
v -0.0736757 0.0290054 0.939139
v -0.0736757 0.0209946 0.939139
v -0.0736904 0.0137772 0.942615
v -0.0737169 0.00878256 0.948878
v -0.07375 0.007 0.956688
v -0.0842273 0.00878256 0.964356
v -0.0843675 0.0137772 0.970618
v -0.0844453 0.0209946 0.974092
v -0.0844453 0.0290054 0.974092
v -0.0843675 0.0362228 0.970618
v -0.0842273 0.0412174 0.964356
v -0.0840525 0.043 0.956548
v -0.0838777 0.0412174 0.94874
v -0.0837375 0.0362228 0.942479
v -0.0836597 0.0290054 0.939004
v -0.0836597 0.0209946 0.939004
v -0.0837375 0.0137772 0.942479
v -0.0838777 0.00878256 0.94874
v -0.0840525 0.007 0.956548
v -0.0947692 0.00878256 0.964027
v -0.0950167 0.0137772 0.970285
v -0.095154 0.0209946 0.973758
v -0.095154 0.0290054 0.973758
v -0.0950167 0.0362228 0.970285
v -0.0947692 0.0412174 0.964027
v -0.0944606 0.043 0.956223
v -0.094152 0.0412174 0.948419
v -0.0939046 0.0362228 0.942161
v -0.0937672 0.0290054 0.938688
v -0.0937672 0.0209946 0.938688
v -0.0939046 0.0137772 0.942161
v -0.094152 0.00878256 0.948419
v -0.0944606 0.007 0.956223
v -0.105462 0.00878256 0.963515
v -0.105809 0.0137772 0.969769
v -0.106001 0.0209946 0.973239
v -0.106001 0.0290054 0.973239
v -0.105809 0.0362228 0.969769
v -0.105462 0.0412174 0.963515
v -0.105029 0.043 0.955717
v -0.104597 0.0412174 0.947919
v -0.10425 0.0362228 0.941666
v -0.104057 0.0290054 0.938195
v -0.104057 0.0209946 0.938195
v -0.10425 0.0137772 0.941666
v -0.104597 0.00878256 0.947919
v -0.105029 0.007 0.955717
v -0.116358 0.00878256 0.962827
v -0.116795 0.0137772 0.969075
v -0.117038 0.0209946 0.972542
v -0.117038 0.0290054 0.972542
v -0.116795 0.0362228 0.969075
v -0.116358 0.0412174 0.962827
v -0.115813 0.043 0.955037
v -0.115267 0.0412174 0.947246
v -0.11483 0.0362228 0.940998
v -0.114587 0.0290054 0.937531
v -0.114587 0.0209946 0.937531
v -0.11483 0.0137772 0.940998
v -0.115267 0.00878256 0.947246
v -0.115813 0.007 0.955037
v -0.127512 0.00878256 0.96197
v -0.12803 0.0137772 0.968211
v -0.128318 0.0209946 0.971675
v -0.128318 0.0290054 0.971675
v -0.12803 0.0362228 0.968211
v -0.127512 0.0412174 0.96197
v -0.126866 0.043 0.954187
v -0.12622 0.0412174 0.946403
v -0.125702 0.0362228 0.940162
v -0.125414 0.0290054 0.936698
v -0.125414 0.0209946 0.936698
v -0.125702 0.0137772 0.940162
v -0.12622 0.00878256 0.946403
v -0.126866 0.007 0.954187
v -0.138978 0.00878256 0.960948
v -0.139566 0.0137772 0.967183
v -0.139893 0.0209946 0.970644
v -0.139893 0.0290054 0.970643
v -0.139566 0.0362228 0.967183
v -0.138978 0.0412174 0.960948
v -0.138243 0.043 0.953173
v -0.137509 0.0412174 0.945397
v -0.13692 0.0362228 0.939162
v -0.136594 0.0290054 0.935701
v -0.136594 0.0209946 0.935701
v -0.13692 0.0137772 0.939162
v -0.137509 0.00878256 0.945397
v -0.138243 0.007 0.953173
v -0.150995 0.00878256 0.959746
v -0.151794 0.0137772 0.965958
v -0.152236 0.0209946 0.969406
v -0.152236 0.0290054 0.969406
v -0.151794 0.0362228 0.965958
v -0.150995 0.0412174 0.959746
v -0.15 0.043 0.952
v -0.149005 0.0412174 0.944254
v -0.148207 0.0362228 0.938042
v -0.147764 0.0290054 0.934594
v -0.147764 0.0209946 0.934594
v -0.148207 0.0137772 0.938042
v -0.149005 0.00878256 0.944254
v -0.15 0.007 0.952
v -0.163798 0.00878256 0.957727
v -0.165025 0.0137772 0.963868
v -0.165707 0.0209946 0.967277
v -0.165707 0.0290054 0.967277
v -0.165025 0.0362228 0.963868
v -0.163798 0.0412174 0.957727
v -0.162267 0.043 0.950068
v -0.160736 0.0412174 0.94241
v -0.159508 0.0362228 0.936269
v -0.158827 0.0290054 0.93286
v -0.158827 0.0209946 0.93286
v -0.159508 0.0137772 0.936269
v -0.160736 0.00878256 0.94241
v -0.162267 0.007 0.950068
v -0.17713 0.00878256 0.95449
v -0.178779 0.0137772 0.960532
v -0.179695 0.0209946 0.963885
v -0.179695 0.0290054 0.963885
v -0.178779 0.0362228 0.960532
v -0.17713 0.0412174 0.95449
v -0.175073 0.043 0.946956
v -0.173016 0.0412174 0.939422
v -0.171367 0.0362228 0.93338
v -0.170451 0.0290054 0.930027
v -0.170451 0.0209946 0.930027
v -0.171367 0.0137772 0.93338
v -0.173016 0.00878256 0.939422
v -0.175073 0.007 0.946956
v -0.190719 0.00878256 0.950369
v -0.192644 0.0137772 0.956329
v -0.193711 0.0209946 0.959637
v -0.193711 0.0290054 0.959637
v -0.192644 0.0362228 0.956329
v -0.190719 0.0412174 0.950369
v -0.18832 0.043 0.942937
v -0.185921 0.0412174 0.935504
v -0.183996 0.0362228 0.929544
v -0.182929 0.0290054 0.926237
v -0.182929 0.0209946 0.926237
v -0.183996 0.0137772 0.929544
v -0.185921 0.00878256 0.935504
v -0.18832 0.007 0.942937
v -0.204506 0.00878256 0.945649
v -0.206587 0.0137772 0.951556
v -0.207743 0.0209946 0.954834
v -0.207743 0.0290054 0.954834
v -0.206587 0.0362228 0.951556
v -0.204506 0.0412174 0.945649
v -0.20191 0.043 0.938283
v -0.199314 0.0412174 0.930917
v -0.197232 0.0362228 0.92501
v -0.196077 0.0290054 0.921732
v -0.196077 0.0209946 0.921732
v -0.197232 0.0137772 0.92501
v -0.199314 0.00878256 0.930917
v -0.20191 0.007 0.938283
v -0.218413 0.00878256 0.940608
v -0.220554 0.0137772 0.946494
v -0.221742 0.0209946 0.94976
v -0.221742 0.0290054 0.94976
v -0.220554 0.0362228 0.946494
v -0.218413 0.0412174 0.940608
v -0.215743 0.043 0.933268
v -0.213074 0.0412174 0.925929
v -0.210933 0.0362228 0.920043
v -0.209745 0.0290054 0.916777
v -0.209745 0.0209946 0.916777
v -0.210933 0.0137772 0.920043
v -0.213074 0.00878256 0.925929
v -0.215743 0.007 0.933268
v -0.232353 0.00878256 0.93552
v -0.234463 0.0137772 0.941417
v -0.235634 0.0209946 0.94469
v -0.235634 0.0290054 0.94469
v -0.234463 0.0362228 0.941417
v -0.232353 0.0412174 0.93552
v -0.229723 0.043 0.928166
v -0.227093 0.0412174 0.920813
v -0.224983 0.0362228 0.914916
v -0.223813 0.0290054 0.911643
v -0.223813 0.0209946 0.911643
v -0.224983 0.0137772 0.914916
v -0.227093 0.00878256 0.920813
v -0.229723 0.007 0.928166
v -0.246228 0.00878256 0.930656
v -0.248216 0.0137772 0.936596
v -0.249319 0.0209946 0.939892
v -0.249319 0.0290054 0.939892
v -0.248216 0.0362228 0.936596
v -0.246228 0.0412174 0.930656
v -0.24375 0.043 0.92325
v -0.241272 0.0412174 0.915844
v -0.239284 0.0362228 0.909904
v -0.238181 0.0290054 0.906608
v -0.238181 0.0209946 0.906608
v -0.239284 0.0137772 0.909904
v -0.241272 0.00878256 0.915844
v -0.24375 0.007 0.92325
v -0.259929 0.00878256 0.926286
v -0.261695 0.0137772 0.932295
v -0.262675 0.0209946 0.935629
v -0.262675 0.0290054 0.935629
v -0.261695 0.0362228 0.932295
v -0.259929 0.0412174 0.926286
v -0.257726 0.043 0.918793
v -0.255523 0.0412174 0.9113
v -0.253757 0.0362228 0.905291
v -0.252777 0.0290054 0.901957
v -0.252777 0.0209946 0.901957
v -0.253757 0.0137772 0.905291
v -0.255523 0.00878256 0.9113
v -0.257726 0.007 0.918793
v -0.273336 0.00878256 0.922672
v -0.274766 0.0137772 0.92877
v -0.275559 0.0209946 0.932154
v -0.275559 0.0290054 0.932154
v -0.274766 0.0362228 0.92877
v -0.273336 0.0412174 0.922672
v -0.271552 0.043 0.915069
v -0.269769 0.0412174 0.907465
v -0.268339 0.0362228 0.901367
v -0.267546 0.0290054 0.897983
v -0.267546 0.0209946 0.897983
v -0.268339 0.0137772 0.901367
v -0.269769 0.00878256 0.907465
v -0.271552 0.007 0.915069
v -0.286321 0.00878256 0.920069
v -0.287276 0.0137772 0.926258
v -0.287805 0.0209946 0.929694
v -0.287805 0.0290054 0.929694
v -0.287276 0.0362228 0.926258
v -0.286321 0.0412174 0.920069
v -0.285131 0.043 0.91235
v -0.283941 0.0412174 0.904631
v -0.282987 0.0362228 0.898441
v -0.282457 0.0290054 0.895006
v -0.282457 0.0209946 0.895006
v -0.282987 0.0137772 0.898441
v -0.283941 0.00878256 0.904631
v -0.285131 0.007 0.91235
v -0.298752 0.00878256 0.918711
v -0.299064 0.0137772 0.924966
v -0.299237 0.0209946 0.928437
v -0.299237 0.0290054 0.928437
v -0.299064 0.0362228 0.924966
v -0.298752 0.0412174 0.918711
v -0.298364 0.043 0.91091
v -0.297975 0.0412174 0.90311
v -0.297664 0.0362228 0.896855
v -0.297491 0.0290054 0.893383
v -0.297491 0.0209946 0.893383
v -0.297664 0.0137772 0.896855
v -0.297975 0.00878256 0.90311
v -0.298364 0.007 0.91091
v -0.310505 0.00878256 0.918806
v -0.309986 0.0137772 0.925048
v -0.309698 0.0209946 0.928512
v -0.309698 0.0290054 0.928512
v -0.309986 0.0362228 0.925048
v -0.310505 0.0412174 0.918806
v -0.311152 0.043 0.911023
v -0.311799 0.0412174 0.90324
v -0.312317 0.0362228 0.896999
v -0.312605 0.0290054 0.893535
v -0.312605 0.0209946 0.893535
v -0.312317 0.0137772 0.896999
v -0.311799 0.00878256 0.90324
v -0.311152 0.007 0.911023
v -0.321495 0.00878256 0.920537
v -0.31997 0.0137772 0.926611
v -0.319124 0.0209946 0.929983
v -0.319124 0.0290054 0.929983
v -0.31997 0.0362228 0.926611
v -0.321495 0.0412174 0.920537
v -0.323397 0.043 0.912962
v -0.325298 0.0412174 0.905387
v -0.326823 0.0362228 0.899313
v -0.327669 0.0290054 0.895941
v -0.327669 0.0209946 0.895941
v -0.326823 0.0137772 0.899313
v -0.325298 0.00878256 0.905387
v -0.323397 0.007 0.912962
f 1857 1871 1884 1870
f 1858 1872 1871 1857
f 1859 1873 1872 1858
f 1860 1874 1873 1859
f 1861 1875 1874 1860
f 1862 1876 1875 1861
f 1863 1877 1876 1862
f 1864 1878 1877 1863
f 1865 1879 1878 1864
f 1866 1880 1879 1865
f 1867 1881 1880 1866
f 1868 1882 1881 1867
f 1869 1883 1882 1868
f 1870 1884 1883 1869
f 1871 1885 1898 1884
f 1872 1886 1885 1871
f 1873 1887 1886 1872
f 1874 1888 1887 1873
f 1875 1889 1888 1874
f 1876 1890 1889 1875
f 1877 1891 1890 1876
f 1878 1892 1891 1877
f 1879 1893 1892 1878
f 1880 1894 1893 1879
f 1881 1895 1894 1880
f 1882 1896 1895 1881
f 1883 1897 1896 1882
f 1884 1898 1897 1883
f 1885 1899 1912 1898
f 1886 1900 1899 1885
f 1887 1901 1900 1886
f 1888 1902 1901 1887
f 1889 1903 1902 1888
f 1890 1904 1903 1889
f 1891 1905 1904 1890
f 1892 1906 1905 1891
f 1893 1907 1906 1892
f 1894 1908 1907 1893
f 1895 1909 1908 1894
f 1896 1910 1909 1895
f 1897 1911 1910 1896
f 1898 1912 1911 1897
f 1899 1913 1926 1912
f 1900 1914 1913 1899
f 1901 1915 1914 1900
f 1902 1916 1915 1901
f 1903 1917 1916 1902
f 1904 1918 1917 1903
f 1905 1919 1918 1904
f 1906 1920 1919 1905
f 1907 1921 1920 1906
f 1908 1922 1921 1907
f 1909 1923 1922 1908
f 1910 1924 1923 1909
f 1911 1925 1924 1910
f 1912 1926 1925 1911
f 1913 1927 1940 1926
f 1914 1928 1927 1913
f 1915 1929 1928 1914
f 1916 1930 1929 1915
f 1917 1931 1930 1916
f 1918 1932 1931 1917
f 1919 1933 1932 1918
f 1920 1934 1933 1919
f 1921 1935 1934 1920
f 1922 1936 1935 1921
f 1923 1937 1936 1922
f 1924 1938 1937 1923
f 1925 1939 1938 1924
f 1926 1940 1939 1925
f 1927 1941 1954 1940
f 1928 1942 1941 1927
f 1929 1943 1942 1928
f 1930 1944 1943 1929
f 1931 1945 1944 1930
f 1932 1946 1945 1931
f 1933 1947 1946 1932
f 1934 1948 1947 1933
f 1935 1949 1948 1934
f 1936 1950 1949 1935
f 1937 1951 1950 1936
f 1938 1952 1951 1937
f 1939 1953 1952 1938
f 1940 1954 1953 1939
f 1941 1955 1968 1954
f 1942 1956 1955 1941
f 1943 1957 1956 1942
f 1944 1958 1957 1943
f 1945 1959 1958 1944
f 1946 1960 1959 1945
f 1947 1961 1960 1946
f 1948 1962 1961 1947
f 1949 1963 1962 1948
f 1950 1964 1963 1949
f 1951 1965 1964 1950
f 1952 1966 1965 1951
f 1953 1967 1966 1952
f 1954 1968 1967 1953
f 1955 1969 1982 1968
f 1956 1970 1969 1955
f 1957 1971 1970 1956
f 1958 1972 1971 1957
f 1959 1973 1972 1958
f 1960 1974 1973 1959
f 1961 1975 1974 1960
f 1962 1976 1975 1961
f 1963 1977 1976 1962
f 1964 1978 1977 1963
f 1965 1979 1978 1964
f 1966 1980 1979 1965
f 1967 1981 1980 1966
f 1968 1982 1981 1967
f 1969 1983 1996 1982
f 1970 1984 1983 1969
f 1971 1985 1984 1970
f 1972 1986 1985 1971
f 1973 1987 1986 1972
f 1974 1988 1987 1973
f 1975 1989 1988 1974
f 1976 1990 1989 1975
f 1977 1991 1990 1976
f 1978 1992 1991 1977
f 1979 1993 1992 1978
f 1980 1994 1993 1979
f 1981 1995 1994 1980
f 1982 1996 1995 1981
f 1983 1997 2010 1996
f 1984 1998 1997 1983
f 1985 1999 1998 1984
f 1986 2000 1999 1985
f 1987 2001 2000 1986
f 1988 2002 2001 1987
f 1989 2003 2002 1988
f 1990 2004 2003 1989
f 1991 2005 2004 1990
f 1992 2006 2005 1991
f 1993 2007 2006 1992
f 1994 2008 2007 1993
f 1995 2009 2008 1994
f 1996 2010 2009 1995
f 1997 2011 2024 2010
f 1998 2012 2011 1997
f 1999 2013 2012 1998
f 2000 2014 2013 1999
f 2001 2015 2014 2000
f 2002 2016 2015 2001
f 2003 2017 2016 2002
f 2004 2018 2017 2003
f 2005 2019 2018 2004
f 2006 2020 2019 2005
f 2007 2021 2020 2006
f 2008 2022 2021 2007
f 2009 2023 2022 2008
f 2010 2024 2023 2009
f 2011 2025 2038 2024
f 2012 2026 2025 2011
f 2013 2027 2026 2012
f 2014 2028 2027 2013
f 2015 2029 2028 2014
f 2016 2030 2029 2015
f 2017 2031 2030 2016
f 2018 2032 2031 2017
f 2019 2033 2032 2018
f 2020 2034 2033 2019
f 2021 2035 2034 2020
f 2022 2036 2035 2021
f 2023 2037 2036 2022
f 2024 2038 2037 2023
f 2025 2039 2052 2038
f 2026 2040 2039 2025
f 2027 2041 2040 2026
f 2028 2042 2041 2027
f 2029 2043 2042 2028
f 2030 2044 2043 2029
f 2031 2045 2044 2030
f 2032 2046 2045 2031
f 2033 2047 2046 2032
f 2034 2048 2047 2033
f 2035 2049 2048 2034
f 2036 2050 2049 2035
f 2037 2051 2050 2036
f 2038 2052 2051 2037
f 2039 2053 2066 2052
f 2040 2054 2053 2039
f 2041 2055 2054 2040
f 2042 2056 2055 2041
f 2043 2057 2056 2042
f 2044 2058 2057 2043
f 2045 2059 2058 2044
f 2046 2060 2059 2045
f 2047 2061 2060 2046
f 2048 2062 2061 2047
f 2049 2063 2062 2048
f 2050 2064 2063 2049
f 2051 2065 2064 2050
f 2052 2066 2065 2051
f 2053 2067 2080 2066
f 2054 2068 2067 2053
f 2055 2069 2068 2054
f 2056 2070 2069 2055
f 2057 2071 2070 2056
f 2058 2072 2071 2057
f 2059 2073 2072 2058
f 2060 2074 2073 2059
f 2061 2075 2074 2060
f 2062 2076 2075 2061
f 2063 2077 2076 2062
f 2064 2078 2077 2063
f 2065 2079 2078 2064
f 2066 2080 2079 2065
f 2067 2081 2094 2080
f 2068 2082 2081 2067
f 2069 2083 2082 2068
f 2070 2084 2083 2069
f 2071 2085 2084 2070
f 2072 2086 2085 2071
f 2073 2087 2086 2072
f 2074 2088 2087 2073
f 2075 2089 2088 2074
f 2076 2090 2089 2075
f 2077 2091 2090 2076
f 2078 2092 2091 2077
f 2079 2093 2092 2078
f 2080 2094 2093 2079
f 2081 2095 2108 2094
f 2082 2096 2095 2081
f 2083 2097 2096 2082
f 2084 2098 2097 2083
f 2085 2099 2098 2084
f 2086 2100 2099 2085
f 2087 2101 2100 2086
f 2088 2102 2101 2087
f 2089 2103 2102 2088
f 2090 2104 2103 2089
f 2091 2105 2104 2090
f 2092 2106 2105 2091
f 2093 2107 2106 2092
f 2094 2108 2107 2093
f 2095 2109 2122 2108
f 2096 2110 2109 2095
f 2097 2111 2110 2096
f 2098 2112 2111 2097
f 2099 2113 2112 2098
f 2100 2114 2113 2099
f 2101 2115 2114 2100
f 2102 2116 2115 2101
f 2103 2117 2116 2102
f 2104 2118 2117 2103
f 2105 2119 2118 2104
f 2106 2120 2119 2105
f 2107 2121 2120 2106
f 2108 2122 2121 2107
f 2109 2123 2136 2122
f 2110 2124 2123 2109
f 2111 2125 2124 2110
f 2112 2126 2125 2111
f 2113 2127 2126 2112
f 2114 2128 2127 2113
f 2115 2129 2128 2114
f 2116 2130 2129 2115
f 2117 2131 2130 2116
f 2118 2132 2131 2117
f 2119 2133 2132 2118
f 2120 2134 2133 2119
f 2121 2135 2134 2120
f 2122 2136 2135 2121
f 2123 2137 2150 2136
f 2124 2138 2137 2123
f 2125 2139 2138 2124
f 2126 2140 2139 2125
f 2127 2141 2140 2126
f 2128 2142 2141 2127
f 2129 2143 2142 2128
f 2130 2144 2143 2129
f 2131 2145 2144 2130
f 2132 2146 2145 2131
f 2133 2147 2146 2132
f 2134 2148 2147 2133
f 2135 2149 2148 2134
f 2136 2150 2149 2135
f 2137 2151 2164 2150
f 2138 2152 2151 2137
f 2139 2153 2152 2138
f 2140 2154 2153 2139
f 2141 2155 2154 2140
f 2142 2156 2155 2141
f 2143 2157 2156 2142
f 2144 2158 2157 2143
f 2145 2159 2158 2144
f 2146 2160 2159 2145
f 2147 2161 2160 2146
f 2148 2162 2161 2147
f 2149 2163 2162 2148
f 2150 2164 2163 2149
f 2151 2165 2178 2164
f 2152 2166 2165 2151
f 2153 2167 2166 2152
f 2154 2168 2167 2153
f 2155 2169 2168 2154
f 2156 2170 2169 2155
f 2157 2171 2170 2156
f 2158 2172 2171 2157
f 2159 2173 2172 2158
f 2160 2174 2173 2159
f 2161 2175 2174 2160
f 2162 2176 2175 2161
f 2163 2177 2176 2162
f 2164 2178 2177 2163
f 2165 2179 2192 2178
f 2166 2180 2179 2165
f 2167 2181 2180 2166
f 2168 2182 2181 2167
f 2169 2183 2182 2168
f 2170 2184 2183 2169
f 2171 2185 2184 2170
f 2172 2186 2185 2171
f 2173 2187 2186 2172
f 2174 2188 2187 2173
f 2175 2189 2188 2174
f 2176 2190 2189 2175
f 2177 2191 2190 2176
f 2178 2192 2191 2177
f 2179 2193 2206 2192
f 2180 2194 2193 2179
f 2181 2195 2194 2180
f 2182 2196 2195 2181
f 2183 2197 2196 2182
f 2184 2198 2197 2183
f 2185 2199 2198 2184
f 2186 2200 2199 2185
f 2187 2201 2200 2186
f 2188 2202 2201 2187
f 2189 2203 2202 2188
f 2190 2204 2203 2189
f 2191 2205 2204 2190
f 2192 2206 2205 2191
f 2193 2207 2220 2206
f 2194 2208 2207 2193
f 2195 2209 2208 2194
f 2196 2210 2209 2195
f 2197 2211 2210 2196
f 2198 2212 2211 2197
f 2199 2213 2212 2198
f 2200 2214 2213 2199
f 2201 2215 2214 2200
f 2202 2216 2215 2201
f 2203 2217 2216 2202
f 2204 2218 2217 2203
f 2205 2219 2218 2204
f 2206 2220 2219 2205
f 2207 2221 2234 2220
f 2208 2222 2221 2207
f 2209 2223 2222 2208
f 2210 2224 2223 2209
f 2211 2225 2224 2210
f 2212 2226 2225 2211
f 2213 2227 2226 2212
f 2214 2228 2227 2213
f 2215 2229 2228 2214
f 2216 2230 2229 2215
f 2217 2231 2230 2216
f 2218 2232 2231 2217
f 2219 2233 2232 2218
f 2220 2234 2233 2219
f 2221 2235 2248 2234
f 2222 2236 2235 2221
f 2223 2237 2236 2222
f 2224 2238 2237 2223
f 2225 2239 2238 2224
f 2226 2240 2239 2225
f 2227 2241 2240 2226
f 2228 2242 2241 2227
f 2229 2243 2242 2228
f 2230 2244 2243 2229
f 2231 2245 2244 2230
f 2232 2246 2245 2231
f 2233 2247 2246 2232
f 2234 2248 2247 2233
f 2235 2249 2262 2248
f 2236 2250 2249 2235
f 2237 2251 2250 2236
f 2238 2252 2251 2237
f 2239 2253 2252 2238
f 2240 2254 2253 2239
f 2241 2255 2254 2240
f 2242 2256 2255 2241
f 2243 2257 2256 2242
f 2244 2258 2257 2243
f 2245 2259 2258 2244
f 2246 2260 2259 2245
f 2247 2261 2260 2246
f 2248 2262 2261 2247
f 2249 2263 2276 2262
f 2250 2264 2263 2249
f 2251 2265 2264 2250
f 2252 2266 2265 2251
f 2253 2267 2266 2252
f 2254 2268 2267 2253
f 2255 2269 2268 2254
f 2256 2270 2269 2255
f 2257 2271 2270 2256
f 2258 2272 2271 2257
f 2259 2273 2272 2258
f 2260 2274 2273 2259
f 2261 2275 2274 2260
f 2262 2276 2275 2261
f 2263 2277 2290 2276
f 2264 2278 2277 2263
f 2265 2279 2278 2264
f 2266 2280 2279 2265
f 2267 2281 2280 2266
f 2268 2282 2281 2267
f 2269 2283 2282 2268
f 2270 2284 2283 2269
f 2271 2285 2284 2270
f 2272 2286 2285 2271
f 2273 2287 2286 2272
f 2274 2288 2287 2273
f 2275 2289 2288 2274
f 2276 2290 2289 2275
f 2277 2291 2304 2290
f 2278 2292 2291 2277
f 2279 2293 2292 2278
f 2280 2294 2293 2279
f 2281 2295 2294 2280
f 2282 2296 2295 2281
f 2283 2297 2296 2282
f 2284 2298 2297 2283
f 2285 2299 2298 2284
f 2286 2300 2299 2285
f 2287 2301 2300 2286
f 2288 2302 2301 2287
f 2289 2303 2302 2288
f 2290 2304 2303 2289
f 2291 2305 2318 2304
f 2292 2306 2305 2291
f 2293 2307 2306 2292
f 2294 2308 2307 2293
f 2295 2309 2308 2294
f 2296 2310 2309 2295
f 2297 2311 2310 2296
f 2298 2312 2311 2297
f 2299 2313 2312 2298
f 2300 2314 2313 2299
f 2301 2315 2314 2300
f 2302 2316 2315 2301
f 2303 2317 2316 2302
f 2304 2318 2317 2303
f 2305 2319 2332 2318
f 2306 2320 2319 2305
f 2307 2321 2320 2306
f 2308 2322 2321 2307
f 2309 2323 2322 2308
f 2310 2324 2323 2309
f 2311 2325 2324 2310
f 2312 2326 2325 2311
f 2313 2327 2326 2312
f 2314 2328 2327 2313
f 2315 2329 2328 2314
f 2316 2330 2329 2315
f 2317 2331 2330 2316
f 2318 2332 2331 2317
f 2319 2333 2346 2332
f 2320 2334 2333 2319
f 2321 2335 2334 2320
f 2322 2336 2335 2321
f 2323 2337 2336 2322
f 2324 2338 2337 2323
f 2325 2339 2338 2324
f 2326 2340 2339 2325
f 2327 2341 2340 2326
f 2328 2342 2341 2327
f 2329 2343 2342 2328
f 2330 2344 2343 2329
f 2331 2345 2344 2330
f 2332 2346 2345 2331
f 2333 2347 2360 2346
f 2334 2348 2347 2333
f 2335 2349 2348 2334
f 2336 2350 2349 2335
f 2337 2351 2350 2336
f 2338 2352 2351 2337
f 2339 2353 2352 2338
f 2340 2354 2353 2339
f 2341 2355 2354 2340
f 2342 2356 2355 2341
f 2343 2357 2356 2342
f 2344 2358 2357 2343
f 2345 2359 2358 2344
f 2346 2360 2359 2345
f 2347 2361 2374 2360
f 2348 2362 2361 2347
f 2349 2363 2362 2348
f 2350 2364 2363 2349
f 2351 2365 2364 2350
f 2352 2366 2365 2351
f 2353 2367 2366 2352
f 2354 2368 2367 2353
f 2355 2369 2368 2354
f 2356 2370 2369 2355
f 2357 2371 2370 2356
f 2358 2372 2371 2357
f 2359 2373 2372 2358
f 2360 2374 2373 2359
f 2361 2375 2388 2374
f 2362 2376 2375 2361
f 2363 2377 2376 2362
f 2364 2378 2377 2363
f 2365 2379 2378 2364
f 2366 2380 2379 2365
f 2367 2381 2380 2366
f 2368 2382 2381 2367
f 2369 2383 2382 2368
f 2370 2384 2383 2369
f 2371 2385 2384 2370
f 2372 2386 2385 2371
f 2373 2387 2386 2372
f 2374 2388 2387 2373
f 2375 2389 2402 2388
f 2376 2390 2389 2375
f 2377 2391 2390 2376
f 2378 2392 2391 2377
f 2379 2393 2392 2378
f 2380 2394 2393 2379
f 2381 2395 2394 2380
f 2382 2396 2395 2381
f 2383 2397 2396 2382
f 2384 2398 2397 2383
f 2385 2399 2398 2384
f 2386 2400 2399 2385
f 2387 2401 2400 2386
f 2388 2402 2401 2387
f 2389 2403 2416 2402
f 2390 2404 2403 2389
f 2391 2405 2404 2390
f 2392 2406 2405 2391
f 2393 2407 2406 2392
f 2394 2408 2407 2393
f 2395 2409 2408 2394
f 2396 2410 2409 2395
f 2397 2411 2410 2396
f 2398 2412 2411 2397
f 2399 2413 2412 2398
f 2400 2414 2413 2399
f 2401 2415 2414 2400
f 2402 2416 2415 2401
f 2403 2417 2430 2416
f 2404 2418 2417 2403
f 2405 2419 2418 2404
f 2406 2420 2419 2405
f 2407 2421 2420 2406
f 2408 2422 2421 2407
f 2409 2423 2422 2408
f 2410 2424 2423 2409
f 2411 2425 2424 2410
f 2412 2426 2425 2411
f 2413 2427 2426 2412
f 2414 2428 2427 2413
f 2415 2429 2428 2414
f 2416 2430 2429 2415
f 2417 2431 2444 2430
f 2418 2432 2431 2417
f 2419 2433 2432 2418
f 2420 2434 2433 2419
f 2421 2435 2434 2420
f 2422 2436 2435 2421
f 2423 2437 2436 2422
f 2424 2438 2437 2423
f 2425 2439 2438 2424
f 2426 2440 2439 2425
f 2427 2441 2440 2426
f 2428 2442 2441 2427
f 2429 2443 2442 2428
f 2430 2444 2443 2429
f 2431 2445 2458 2444
f 2432 2446 2445 2431
f 2433 2447 2446 2432
f 2434 2448 2447 2433
f 2435 2449 2448 2434
f 2436 2450 2449 2435
f 2437 2451 2450 2436
f 2438 2452 2451 2437
f 2439 2453 2452 2438
f 2440 2454 2453 2439
f 2441 2455 2454 2440
f 2442 2456 2455 2441
f 2443 2457 2456 2442
f 2444 2458 2457 2443
f 2445 2459 2472 2458
f 2446 2460 2459 2445
f 2447 2461 2460 2446
f 2448 2462 2461 2447
f 2449 2463 2462 2448
f 2450 2464 2463 2449
f 2451 2465 2464 2450
f 2452 2466 2465 2451
f 2453 2467 2466 2452
f 2454 2468 2467 2453
f 2455 2469 2468 2454
f 2456 2470 2469 2455
f 2457 2471 2470 2456
f 2458 2472 2471 2457
f 2459 2473 2486 2472
f 2460 2474 2473 2459
f 2461 2475 2474 2460
f 2462 2476 2475 2461
f 2463 2477 2476 2462
f 2464 2478 2477 2463
f 2465 2479 2478 2464
f 2466 2480 2479 2465
f 2467 2481 2480 2466
f 2468 2482 2481 2467
f 2469 2483 2482 2468
f 2470 2484 2483 2469
f 2471 2485 2484 2470
f 2472 2486 2485 2471
f 2473 2487 2500 2486
f 2474 2488 2487 2473
f 2475 2489 2488 2474
f 2476 2490 2489 2475
f 2477 2491 2490 2476
f 2478 2492 2491 2477
f 2479 2493 2492 2478
f 2480 2494 2493 2479
f 2481 2495 2494 2480
f 2482 2496 2495 2481
f 2483 2497 2496 2482
f 2484 2498 2497 2483
f 2485 2499 2498 2484
f 2486 2500 2499 2485
f 2487 2501 2514 2500
f 2488 2502 2501 2487
f 2489 2503 2502 2488
f 2490 2504 2503 2489
f 2491 2505 2504 2490
f 2492 2506 2505 2491
f 2493 2507 2506 2492
f 2494 2508 2507 2493
f 2495 2509 2508 2494
f 2496 2510 2509 2495
f 2497 2511 2510 2496
f 2498 2512 2511 2497
f 2499 2513 2512 2498
f 2500 2514 2513 2499
f 2501 2515 2528 2514
f 2502 2516 2515 2501
f 2503 2517 2516 2502
f 2504 2518 2517 2503
f 2505 2519 2518 2504
f 2506 2520 2519 2505
f 2507 2521 2520 2506
f 2508 2522 2521 2507
f 2509 2523 2522 2508
f 2510 2524 2523 2509
f 2511 2525 2524 2510
f 2512 2526 2525 2511
f 2513 2527 2526 2512
f 2514 2528 2527 2513
f 2515 2529 2542 2528
f 2516 2530 2529 2515
f 2517 2531 2530 2516
f 2518 2532 2531 2517
f 2519 2533 2532 2518
f 2520 2534 2533 2519
f 2521 2535 2534 2520
f 2522 2536 2535 2521
f 2523 2537 2536 2522
f 2524 2538 2537 2523
f 2525 2539 2538 2524
f 2526 2540 2539 2525
f 2527 2541 2540 2526
f 2528 2542 2541 2527
f 2529 2543 2556 2542
f 2530 2544 2543 2529
f 2531 2545 2544 2530
f 2532 2546 2545 2531
f 2533 2547 2546 2532
f 2534 2548 2547 2533
f 2535 2549 2548 2534
f 2536 2550 2549 2535
f 2537 2551 2550 2536
f 2538 2552 2551 2537
f 2539 2553 2552 2538
f 2540 2554 2553 2539
f 2541 2555 2554 2540
f 2542 2556 2555 2541
f 2543 2557 2570 2556
f 2544 2558 2557 2543
f 2545 2559 2558 2544
f 2546 2560 2559 2545
f 2547 2561 2560 2546
f 2548 2562 2561 2547
f 2549 2563 2562 2548
f 2550 2564 2563 2549
f 2551 2565 2564 2550
f 2552 2566 2565 2551
f 2553 2567 2566 2552
f 2554 2568 2567 2553
f 2555 2569 2568 2554
f 2556 2570 2569 2555
f 2557 2571 2584 2570
f 2558 2572 2571 2557
f 2559 2573 2572 2558
f 2560 2574 2573 2559
f 2561 2575 2574 2560
f 2562 2576 2575 2561
f 2563 2577 2576 2562
f 2564 2578 2577 2563
f 2565 2579 2578 2564
f 2566 2580 2579 2565
f 2567 2581 2580 2566
f 2568 2582 2581 2567
f 2569 2583 2582 2568
f 2570 2584 2583 2569
f 2571 2585 2598 2584
f 2572 2586 2585 2571
f 2573 2587 2586 2572
f 2574 2588 2587 2573
f 2575 2589 2588 2574
f 2576 2590 2589 2575
f 2577 2591 2590 2576
f 2578 2592 2591 2577
f 2579 2593 2592 2578
f 2580 2594 2593 2579
f 2581 2595 2594 2580
f 2582 2596 2595 2581
f 2583 2597 2596 2582
f 2584 2598 2597 2583
f 2585 2599 2612 2598
f 2586 2600 2599 2585
f 2587 2601 2600 2586
f 2588 2602 2601 2587
f 2589 2603 2602 2588
f 2590 2604 2603 2589
f 2591 2605 2604 2590
f 2592 2606 2605 2591
f 2593 2607 2606 2592
f 2594 2608 2607 2593
f 2595 2609 2608 2594
f 2596 2610 2609 2595
f 2597 2611 2610 2596
f 2598 2612 2611 2597
f 2599 2613 2626 2612
f 2600 2614 2613 2599
f 2601 2615 2614 2600
f 2602 2616 2615 2601
f 2603 2617 2616 2602
f 2604 2618 2617 2603
f 2605 2619 2618 2604
f 2606 2620 2619 2605
f 2607 2621 2620 2606
f 2608 2622 2621 2607
f 2609 2623 2622 2608
f 2610 2624 2623 2609
f 2611 2625 2624 2610
f 2612 2626 2625 2611
f 2613 2627 2640 2626
f 2614 2628 2627 2613
f 2615 2629 2628 2614
f 2616 2630 2629 2615
f 2617 2631 2630 2616
f 2618 2632 2631 2617
f 2619 2633 2632 2618
f 2620 2634 2633 2619
f 2621 2635 2634 2620
f 2622 2636 2635 2621
f 2623 2637 2636 2622
f 2624 2638 2637 2623
f 2625 2639 2638 2624
f 2626 2640 2639 2625
f 2627 2641 2654 2640
f 2628 2642 2641 2627
f 2629 2643 2642 2628
f 2630 2644 2643 2629
f 2631 2645 2644 2630
f 2632 2646 2645 2631
f 2633 2647 2646 2632
f 2634 2648 2647 2633
f 2635 2649 2648 2634
f 2636 2650 2649 2635
f 2637 2651 2650 2636
f 2638 2652 2651 2637
f 2639 2653 2652 2638
f 2640 2654 2653 2639
f 2641 2655 2668 2654
f 2642 2656 2655 2641
f 2643 2657 2656 2642
f 2644 2658 2657 2643
f 2645 2659 2658 2644
f 2646 2660 2659 2645
f 2647 2661 2660 2646
f 2648 2662 2661 2647
f 2649 2663 2662 2648
f 2650 2664 2663 2649
f 2651 2665 2664 2650
f 2652 2666 2665 2651
f 2653 2667 2666 2652
f 2654 2668 2667 2653
f 2655 2669 2682 2668
f 2656 2670 2669 2655
f 2657 2671 2670 2656
f 2658 2672 2671 2657
f 2659 2673 2672 2658
f 2660 2674 2673 2659
f 2661 2675 2674 2660
f 2662 2676 2675 2661
f 2663 2677 2676 2662
f 2664 2678 2677 2663
f 2665 2679 2678 2664
f 2666 2680 2679 2665
f 2667 2681 2680 2666
f 2668 2682 2681 2667
f 2669 2683 2696 2682
f 2670 2684 2683 2669
f 2671 2685 2684 2670
f 2672 2686 2685 2671
f 2673 2687 2686 2672
f 2674 2688 2687 2673
f 2675 2689 2688 2674
f 2676 2690 2689 2675
f 2677 2691 2690 2676
f 2678 2692 2691 2677
f 2679 2693 2692 2678
f 2680 2694 2693 2679
f 2681 2695 2694 2680
f 2682 2696 2695 2681
f 2683 2697 2710 2696
f 2684 2698 2697 2683
f 2685 2699 2698 2684
f 2686 2700 2699 2685
f 2687 2701 2700 2686
f 2688 2702 2701 2687
f 2689 2703 2702 2688
f 2690 2704 2703 2689
f 2691 2705 2704 2690
f 2692 2706 2705 2691
f 2693 2707 2706 2692
f 2694 2708 2707 2693
f 2695 2709 2708 2694
f 2696 2710 2709 2695
f 2697 2711 2724 2710
f 2698 2712 2711 2697
f 2699 2713 2712 2698
f 2700 2714 2713 2699
f 2701 2715 2714 2700
f 2702 2716 2715 2701
f 2703 2717 2716 2702
f 2704 2718 2717 2703
f 2705 2719 2718 2704
f 2706 2720 2719 2705
f 2707 2721 2720 2706
f 2708 2722 2721 2707
f 2709 2723 2722 2708
f 2710 2724 2723 2709
f 2711 2725 2738 2724
f 2712 2726 2725 2711
f 2713 2727 2726 2712
f 2714 2728 2727 2713
f 2715 2729 2728 2714
f 2716 2730 2729 2715
f 2717 2731 2730 2716
f 2718 2732 2731 2717
f 2719 2733 2732 2718
f 2720 2734 2733 2719
f 2721 2735 2734 2720
f 2722 2736 2735 2721
f 2723 2737 2736 2722
f 2724 2738 2737 2723
f 2725 2739 2752 2738
f 2726 2740 2739 2725
f 2727 2741 2740 2726
f 2728 2742 2741 2727
f 2729 2743 2742 2728
f 2730 2744 2743 2729
f 2731 2745 2744 2730
f 2732 2746 2745 2731
f 2733 2747 2746 2732
f 2734 2748 2747 2733
f 2735 2749 2748 2734
f 2736 2750 2749 2735
f 2737 2751 2750 2736
f 2738 2752 2751 2737
f 2739 2753 2766 2752
f 2740 2754 2753 2739
f 2741 2755 2754 2740
f 2742 2756 2755 2741
f 2743 2757 2756 2742
f 2744 2758 2757 2743
f 2745 2759 2758 2744
f 2746 2760 2759 2745
f 2747 2761 2760 2746
f 2748 2762 2761 2747
f 2749 2763 2762 2748
f 2750 2764 2763 2749
f 2751 2765 2764 2750
f 2752 2766 2765 2751
f 2753 2767 2780 2766
f 2754 2768 2767 2753
f 2755 2769 2768 2754
f 2756 2770 2769 2755
f 2757 2771 2770 2756
f 2758 2772 2771 2757
f 2759 2773 2772 2758
f 2760 2774 2773 2759
f 2761 2775 2774 2760
f 2762 2776 2775 2761
f 2763 2777 2776 2762
f 2764 2778 2777 2763
f 2765 2779 2778 2764
f 2766 2780 2779 2765
f 2767 2781 2794 2780
f 2768 2782 2781 2767
f 2769 2783 2782 2768
f 2770 2784 2783 2769
f 2771 2785 2784 2770
f 2772 2786 2785 2771
f 2773 2787 2786 2772
f 2774 2788 2787 2773
f 2775 2789 2788 2774
f 2776 2790 2789 2775
f 2777 2791 2790 2776
f 2778 2792 2791 2777
f 2779 2793 2792 2778
f 2780 2794 2793 2779
f 2781 2795 2808 2794
f 2782 2796 2795 2781
f 2783 2797 2796 2782
f 2784 2798 2797 2783
f 2785 2799 2798 2784
f 2786 2800 2799 2785
f 2787 2801 2800 2786
f 2788 2802 2801 2787
f 2789 2803 2802 2788
f 2790 2804 2803 2789
f 2791 2805 2804 2790
f 2792 2806 2805 2791
f 2793 2807 2806 2792
f 2794 2808 2807 2793
f 2795 2809 2822 2808
f 2796 2810 2809 2795
f 2797 2811 2810 2796
f 2798 2812 2811 2797
f 2799 2813 2812 2798
f 2800 2814 2813 2799
f 2801 2815 2814 2800
f 2802 2816 2815 2801
f 2803 2817 2816 2802
f 2804 2818 2817 2803
f 2805 2819 2818 2804
f 2806 2820 2819 2805
f 2807 2821 2820 2806
f 2808 2822 2821 2807
f 2809 2823 2836 2822
f 2810 2824 2823 2809
f 2811 2825 2824 2810
f 2812 2826 2825 2811
f 2813 2827 2826 2812
f 2814 2828 2827 2813
f 2815 2829 2828 2814
f 2816 2830 2829 2815
f 2817 2831 2830 2816
f 2818 2832 2831 2817
f 2819 2833 2832 2818
f 2820 2834 2833 2819
f 2821 2835 2834 2820
f 2822 2836 2835 2821
f 2823 2837 2850 2836
f 2824 2838 2837 2823
f 2825 2839 2838 2824
f 2826 2840 2839 2825
f 2827 2841 2840 2826
f 2828 2842 2841 2827
f 2829 2843 2842 2828
f 2830 2844 2843 2829
f 2831 2845 2844 2830
f 2832 2846 2845 2831
f 2833 2847 2846 2832
f 2834 2848 2847 2833
f 2835 2849 2848 2834
f 2836 2850 2849 2835
f 2837 2851 2864 2850
f 2838 2852 2851 2837
f 2839 2853 2852 2838
f 2840 2854 2853 2839
f 2841 2855 2854 2840
f 2842 2856 2855 2841
f 2843 2857 2856 2842
f 2844 2858 2857 2843
f 2845 2859 2858 2844
f 2846 2860 2859 2845
f 2847 2861 2860 2846
f 2848 2862 2861 2847
f 2849 2863 2862 2848
f 2850 2864 2863 2849
f 2851 2865 2878 2864
f 2852 2866 2865 2851
f 2853 2867 2866 2852
f 2854 2868 2867 2853
f 2855 2869 2868 2854
f 2856 2870 2869 2855
f 2857 2871 2870 2856
f 2858 2872 2871 2857
f 2859 2873 2872 2858
f 2860 2874 2873 2859
f 2861 2875 2874 2860
f 2862 2876 2875 2861
f 2863 2877 2876 2862
f 2864 2878 2877 2863
f 2865 2879 2892 2878
f 2866 2880 2879 2865
f 2867 2881 2880 2866
f 2868 2882 2881 2867
f 2869 2883 2882 2868
f 2870 2884 2883 2869
f 2871 2885 2884 2870
f 2872 2886 2885 2871
f 2873 2887 2886 2872
f 2874 2888 2887 2873
f 2875 2889 2888 2874
f 2876 2890 2889 2875
f 2877 2891 2890 2876
f 2878 2892 2891 2877
f 2879 2893 2906 2892
f 2880 2894 2893 2879
f 2881 2895 2894 2880
f 2882 2896 2895 2881
f 2883 2897 2896 2882
f 2884 2898 2897 2883
f 2885 2899 2898 2884
f 2886 2900 2899 2885
f 2887 2901 2900 2886
f 2888 2902 2901 2887
f 2889 2903 2902 2888
f 2890 2904 2903 2889
f 2891 2905 2904 2890
f 2892 2906 2905 2891
f 2893 2907 2920 2906
f 2894 2908 2907 2893
f 2895 2909 2908 2894
f 2896 2910 2909 2895
f 2897 2911 2910 2896
f 2898 2912 2911 2897
f 2899 2913 2912 2898
f 2900 2914 2913 2899
f 2901 2915 2914 2900
f 2902 2916 2915 2901
f 2903 2917 2916 2902
f 2904 2918 2917 2903
f 2905 2919 2918 2904
f 2906 2920 2919 2905
f 2907 2921 2934 2920
f 2908 2922 2921 2907
f 2909 2923 2922 2908
f 2910 2924 2923 2909
f 2911 2925 2924 2910
f 2912 2926 2925 2911
f 2913 2927 2926 2912
f 2914 2928 2927 2913
f 2915 2929 2928 2914
f 2916 2930 2929 2915
f 2917 2931 2930 2916
f 2918 2932 2931 2917
f 2919 2933 2932 2918
f 2920 2934 2933 2919
f 2921 2935 2948 2934
f 2922 2936 2935 2921
f 2923 2937 2936 2922
f 2924 2938 2937 2923
f 2925 2939 2938 2924
f 2926 2940 2939 2925
f 2927 2941 2940 2926
f 2928 2942 2941 2927
f 2929 2943 2942 2928
f 2930 2944 2943 2929
f 2931 2945 2944 2930
f 2932 2946 2945 2931
f 2933 2947 2946 2932
f 2934 2948 2947 2933
f 2935 2949 2962 2948
f 2936 2950 2949 2935
f 2937 2951 2950 2936
f 2938 2952 2951 2937
f 2939 2953 2952 2938
f 2940 2954 2953 2939
f 2941 2955 2954 2940
f 2942 2956 2955 2941
f 2943 2957 2956 2942
f 2944 2958 2957 2943
f 2945 2959 2958 2944
f 2946 2960 2959 2945
f 2947 2961 2960 2946
f 2948 2962 2961 2947
f 2949 2963 2976 2962
f 2950 2964 2963 2949
f 2951 2965 2964 2950
f 2952 2966 2965 2951
f 2953 2967 2966 2952
f 2954 2968 2967 2953
f 2955 2969 2968 2954
f 2956 2970 2969 2955
f 2957 2971 2970 2956
f 2958 2972 2971 2957
f 2959 2973 2972 2958
f 2960 2974 2973 2959
f 2961 2975 2974 2960
f 2962 2976 2975 2961
f 2963 2977 2990 2976
f 2964 2978 2977 2963
f 2965 2979 2978 2964
f 2966 2980 2979 2965
f 2967 2981 2980 2966
f 2968 2982 2981 2967
f 2969 2983 2982 2968
f 2970 2984 2983 2969
f 2971 2985 2984 2970
f 2972 2986 2985 2971
f 2973 2987 2986 2972
f 2974 2988 2987 2973
f 2975 2989 2988 2974
f 2976 2990 2989 2975
f 2977 2991 3004 2990
f 2978 2992 2991 2977
f 2979 2993 2992 2978
f 2980 2994 2993 2979
f 2981 2995 2994 2980
f 2982 2996 2995 2981
f 2983 2997 2996 2982
f 2984 2998 2997 2983
f 2985 2999 2998 2984
f 2986 3000 2999 2985
f 2987 3001 3000 2986
f 2988 3002 3001 2987
f 2989 3003 3002 2988
f 2990 3004 3003 2989
f 2991 3005 3018 3004
f 2992 3006 3005 2991
f 2993 3007 3006 2992
f 2994 3008 3007 2993
f 2995 3009 3008 2994
f 2996 3010 3009 2995
f 2997 3011 3010 2996
f 2998 3012 3011 2997
f 2999 3013 3012 2998
f 3000 3014 3013 2999
f 3001 3015 3014 3000
f 3002 3016 3015 3001
f 3003 3017 3016 3002
f 3004 3018 3017 3003
f 3005 3019 3032 3018
f 3006 3020 3019 3005
f 3007 3021 3020 3006
f 3008 3022 3021 3007
f 3009 3023 3022 3008
f 3010 3024 3023 3009
f 3011 3025 3024 3010
f 3012 3026 3025 3011
f 3013 3027 3026 3012
f 3014 3028 3027 3013
f 3015 3029 3028 3014
f 3016 3030 3029 3015
f 3017 3031 3030 3016
f 3018 3032 3031 3017
f 3019 3033 3046 3032
f 3020 3034 3033 3019
f 3021 3035 3034 3020
f 3022 3036 3035 3021
f 3023 3037 3036 3022
f 3024 3038 3037 3023
f 3025 3039 3038 3024
f 3026 3040 3039 3025
f 3027 3041 3040 3026
f 3028 3042 3041 3027
f 3029 3043 3042 3028
f 3030 3044 3043 3029
f 3031 3045 3044 3030
f 3032 3046 3045 3031
f 3033 3047 3060 3046
f 3034 3048 3047 3033
f 3035 3049 3048 3034
f 3036 3050 3049 3035
f 3037 3051 3050 3036
f 3038 3052 3051 3037
f 3039 3053 3052 3038
f 3040 3054 3053 3039
f 3041 3055 3054 3040
f 3042 3056 3055 3041
f 3043 3057 3056 3042
f 3044 3058 3057 3043
f 3045 3059 3058 3044
f 3046 3060 3059 3045
f 3047 3061 3074 3060
f 3048 3062 3061 3047
f 3049 3063 3062 3048
f 3050 3064 3063 3049
f 3051 3065 3064 3050
f 3052 3066 3065 3051
f 3053 3067 3066 3052
f 3054 3068 3067 3053
f 3055 3069 3068 3054
f 3056 3070 3069 3055
f 3057 3071 3070 3056
f 3058 3072 3071 3057
f 3059 3073 3072 3058
f 3060 3074 3073 3059
f 3061 3075 3088 3074
f 3062 3076 3075 3061
f 3063 3077 3076 3062
f 3064 3078 3077 3063
f 3065 3079 3078 3064
f 3066 3080 3079 3065
f 3067 3081 3080 3066
f 3068 3082 3081 3067
f 3069 3083 3082 3068
f 3070 3084 3083 3069
f 3071 3085 3084 3070
f 3072 3086 3085 3071
f 3073 3087 3086 3072
f 3074 3088 3087 3073
f 3075 3089 3102 3088
f 3076 3090 3089 3075
f 3077 3091 3090 3076
f 3078 3092 3091 3077
f 3079 3093 3092 3078
f 3080 3094 3093 3079
f 3081 3095 3094 3080
f 3082 3096 3095 3081
f 3083 3097 3096 3082
f 3084 3098 3097 3083
f 3085 3099 3098 3084
f 3086 3100 3099 3085
f 3087 3101 3100 3086
f 3088 3102 3101 3087
f 3089 3103 3116 3102
f 3090 3104 3103 3089
f 3091 3105 3104 3090
f 3092 3106 3105 3091
f 3093 3107 3106 3092
f 3094 3108 3107 3093
f 3095 3109 3108 3094
f 3096 3110 3109 3095
f 3097 3111 3110 3096
f 3098 3112 3111 3097
f 3099 3113 3112 3098
f 3100 3114 3113 3099
f 3101 3115 3114 3100
f 3102 3116 3115 3101
f 3103 3117 3130 3116
f 3104 3118 3117 3103
f 3105 3119 3118 3104
f 3106 3120 3119 3105
f 3107 3121 3120 3106
f 3108 3122 3121 3107
f 3109 3123 3122 3108
f 3110 3124 3123 3109
f 3111 3125 3124 3110
f 3112 3126 3125 3111
f 3113 3127 3126 3112
f 3114 3128 3127 3113
f 3115 3129 3128 3114
f 3116 3130 3129 3115
f 3117 3131 3144 3130
f 3118 3132 3131 3117
f 3119 3133 3132 3118
f 3120 3134 3133 3119
f 3121 3135 3134 3120
f 3122 3136 3135 3121
f 3123 3137 3136 3122
f 3124 3138 3137 3123
f 3125 3139 3138 3124
f 3126 3140 3139 3125
f 3127 3141 3140 3126
f 3128 3142 3141 3127
f 3129 3143 3142 3128
f 3130 3144 3143 3129
f 3131 3145 3158 3144
f 3132 3146 3145 3131
f 3133 3147 3146 3132
f 3134 3148 3147 3133
f 3135 3149 3148 3134
f 3136 3150 3149 3135
f 3137 3151 3150 3136
f 3138 3152 3151 3137
f 3139 3153 3152 3138
f 3140 3154 3153 3139
f 3141 3155 3154 3140
f 3142 3156 3155 3141
f 3143 3157 3156 3142
f 3144 3158 3157 3143
f 3145 3159 3172 3158
f 3146 3160 3159 3145
f 3147 3161 3160 3146
f 3148 3162 3161 3147
f 3149 3163 3162 3148
f 3150 3164 3163 3149
f 3151 3165 3164 3150
f 3152 3166 3165 3151
f 3153 3167 3166 3152
f 3154 3168 3167 3153
f 3155 3169 3168 3154
f 3156 3170 3169 3155
f 3157 3171 3170 3156
f 3158 3172 3171 3157
f 3159 3173 3186 3172
f 3160 3174 3173 3159
f 3161 3175 3174 3160
f 3162 3176 3175 3161
f 3163 3177 3176 3162
f 3164 3178 3177 3163
f 3165 3179 3178 3164
f 3166 3180 3179 3165
f 3167 3181 3180 3166
f 3168 3182 3181 3167
f 3169 3183 3182 3168
f 3170 3184 3183 3169
f 3171 3185 3184 3170
f 3172 3186 3185 3171
f 3173 3187 3200 3186
f 3174 3188 3187 3173
f 3175 3189 3188 3174
f 3176 3190 3189 3175
f 3177 3191 3190 3176
f 3178 3192 3191 3177
f 3179 3193 3192 3178
f 3180 3194 3193 3179
f 3181 3195 3194 3180
f 3182 3196 3195 3181
f 3183 3197 3196 3182
f 3184 3198 3197 3183
f 3185 3199 3198 3184
f 3186 3200 3199 3185
f 3187 3201 3214 3200
f 3188 3202 3201 3187
f 3189 3203 3202 3188
f 3190 3204 3203 3189
f 3191 3205 3204 3190
f 3192 3206 3205 3191
f 3193 3207 3206 3192
f 3194 3208 3207 3193
f 3195 3209 3208 3194
f 3196 3210 3209 3195
f 3197 3211 3210 3196
f 3198 3212 3211 3197
f 3199 3213 3212 3198
f 3200 3214 3213 3199
f 3201 3215 3228 3214
f 3202 3216 3215 3201
f 3203 3217 3216 3202
f 3204 3218 3217 3203
f 3205 3219 3218 3204
f 3206 3220 3219 3205
f 3207 3221 3220 3206
f 3208 3222 3221 3207
f 3209 3223 3222 3208
f 3210 3224 3223 3209
f 3211 3225 3224 3210
f 3212 3226 3225 3211
f 3213 3227 3226 3212
f 3214 3228 3227 3213
f 3215 3229 3242 3228
f 3216 3230 3229 3215
f 3217 3231 3230 3216
f 3218 3232 3231 3217
f 3219 3233 3232 3218
f 3220 3234 3233 3219
f 3221 3235 3234 3220
f 3222 3236 3235 3221
f 3223 3237 3236 3222
f 3224 3238 3237 3223
f 3225 3239 3238 3224
f 3226 3240 3239 3225
f 3227 3241 3240 3226
f 3228 3242 3241 3227
f 3229 3243 3256 3242
f 3230 3244 3243 3229
f 3231 3245 3244 3230
f 3232 3246 3245 3231
f 3233 3247 3246 3232
f 3234 3248 3247 3233
f 3235 3249 3248 3234
f 3236 3250 3249 3235
f 3237 3251 3250 3236
f 3238 3252 3251 3237
f 3239 3253 3252 3238
f 3240 3254 3253 3239
f 3241 3255 3254 3240
f 3242 3256 3255 3241
f 3243 3257 3270 3256
f 3244 3258 3257 3243
f 3245 3259 3258 3244
f 3246 3260 3259 3245
f 3247 3261 3260 3246
f 3248 3262 3261 3247
f 3249 3263 3262 3248
f 3250 3264 3263 3249
f 3251 3265 3264 3250
f 3252 3266 3265 3251
f 3253 3267 3266 3252
f 3254 3268 3267 3253
f 3255 3269 3268 3254
f 3256 3270 3269 3255
f 3257 3271 3284 3270
f 3258 3272 3271 3257
f 3259 3273 3272 3258
f 3260 3274 3273 3259
f 3261 3275 3274 3260
f 3262 3276 3275 3261
f 3263 3277 3276 3262
f 3264 3278 3277 3263
f 3265 3279 3278 3264
f 3266 3280 3279 3265
f 3267 3281 3280 3266
f 3268 3282 3281 3267
f 3269 3283 3282 3268
f 3270 3284 3283 3269
f 3271 3285 3298 3284
f 3272 3286 3285 3271
f 3273 3287 3286 3272
f 3274 3288 3287 3273
f 3275 3289 3288 3274
f 3276 3290 3289 3275
f 3277 3291 3290 3276
f 3278 3292 3291 3277
f 3279 3293 3292 3278
f 3280 3294 3293 3279
f 3281 3295 3294 3280
f 3282 3296 3295 3281
f 3283 3297 3296 3282
f 3284 3298 3297 3283
f 3285 3299 3312 3298
f 3286 3300 3299 3285
f 3287 3301 3300 3286
f 3288 3302 3301 3287
f 3289 3303 3302 3288
f 3290 3304 3303 3289
f 3291 3305 3304 3290
f 3292 3306 3305 3291
f 3293 3307 3306 3292
f 3294 3308 3307 3293
f 3295 3309 3308 3294
f 3296 3310 3309 3295
f 3297 3311 3310 3296
f 3298 3312 3311 3297
f 3299 3313 3326 3312
f 3300 3314 3313 3299
f 3301 3315 3314 3300
f 3302 3316 3315 3301
f 3303 3317 3316 3302
f 3304 3318 3317 3303
f 3305 3319 3318 3304
f 3306 3320 3319 3305
f 3307 3321 3320 3306
f 3308 3322 3321 3307
f 3309 3323 3322 3308
f 3310 3324 3323 3309
f 3311 3325 3324 3310
f 3312 3326 3325 3311
f 3313 3327 3340 3326
f 3314 3328 3327 3313
f 3315 3329 3328 3314
f 3316 3330 3329 3315
f 3317 3331 3330 3316
f 3318 3332 3331 3317
f 3319 3333 3332 3318
f 3320 3334 3333 3319
f 3321 3335 3334 3320
f 3322 3336 3335 3321
f 3323 3337 3336 3322
f 3324 3338 3337 3323
f 3325 3339 3338 3324
f 3326 3340 3339 3325
f 3327 3341 3354 3340
f 3328 3342 3341 3327
f 3329 3343 3342 3328
f 3330 3344 3343 3329
f 3331 3345 3344 3330
f 3332 3346 3345 3331
f 3333 3347 3346 3332
f 3334 3348 3347 3333
f 3335 3349 3348 3334
f 3336 3350 3349 3335
f 3337 3351 3350 3336
f 3338 3352 3351 3337
f 3339 3353 3352 3338
f 3340 3354 3353 3339
f 3341 3355 3368 3354
f 3342 3356 3355 3341
f 3343 3357 3356 3342
f 3344 3358 3357 3343
f 3345 3359 3358 3344
f 3346 3360 3359 3345
f 3347 3361 3360 3346
f 3348 3362 3361 3347
f 3349 3363 3362 3348
f 3350 3364 3363 3349
f 3351 3365 3364 3350
f 3352 3366 3365 3351
f 3353 3367 3366 3352
f 3354 3368 3367 3353
f 3355 3369 3382 3368
f 3356 3370 3369 3355
f 3357 3371 3370 3356
f 3358 3372 3371 3357
f 3359 3373 3372 3358
f 3360 3374 3373 3359
f 3361 3375 3374 3360
f 3362 3376 3375 3361
f 3363 3377 3376 3362
f 3364 3378 3377 3363
f 3365 3379 3378 3364
f 3366 3380 3379 3365
f 3367 3381 3380 3366
f 3368 3382 3381 3367
f 3369 3383 3396 3382
f 3370 3384 3383 3369
f 3371 3385 3384 3370
f 3372 3386 3385 3371
f 3373 3387 3386 3372
f 3374 3388 3387 3373
f 3375 3389 3388 3374
f 3376 3390 3389 3375
f 3377 3391 3390 3376
f 3378 3392 3391 3377
f 3379 3393 3392 3378
f 3380 3394 3393 3379
f 3381 3395 3394 3380
f 3382 3396 3395 3381
f 3383 3397 3410 3396
f 3384 3398 3397 3383
f 3385 3399 3398 3384
f 3386 3400 3399 3385
f 3387 3401 3400 3386
f 3388 3402 3401 3387
f 3389 3403 3402 3388
f 3390 3404 3403 3389
f 3391 3405 3404 3390
f 3392 3406 3405 3391
f 3393 3407 3406 3392
f 3394 3408 3407 3393
f 3395 3409 3408 3394
f 3396 3410 3409 3395
f 3397 3411 3424 3410
f 3398 3412 3411 3397
f 3399 3413 3412 3398
f 3400 3414 3413 3399
f 3401 3415 3414 3400
f 3402 3416 3415 3401
f 3403 3417 3416 3402
f 3404 3418 3417 3403
f 3405 3419 3418 3404
f 3406 3420 3419 3405
f 3407 3421 3420 3406
f 3408 3422 3421 3407
f 3409 3423 3422 3408
f 3410 3424 3423 3409
f 3411 3425 3438 3424
f 3412 3426 3425 3411
f 3413 3427 3426 3412
f 3414 3428 3427 3413
f 3415 3429 3428 3414
f 3416 3430 3429 3415
f 3417 3431 3430 3416
f 3418 3432 3431 3417
f 3419 3433 3432 3418
f 3420 3434 3433 3419
f 3421 3435 3434 3420
f 3422 3436 3435 3421
f 3423 3437 3436 3422
f 3424 3438 3437 3423
f 3425 3439 3452 3438
f 3426 3440 3439 3425
f 3427 3441 3440 3426
f 3428 3442 3441 3427
f 3429 3443 3442 3428
f 3430 3444 3443 3429
f 3431 3445 3444 3430
f 3432 3446 3445 3431
f 3433 3447 3446 3432
f 3434 3448 3447 3433
f 3435 3449 3448 3434
f 3436 3450 3449 3435
f 3437 3451 3450 3436
f 3438 3452 3451 3437
f 3439 3453 3466 3452
f 3440 3454 3453 3439
f 3441 3455 3454 3440
f 3442 3456 3455 3441
f 3443 3457 3456 3442
f 3444 3458 3457 3443
f 3445 3459 3458 3444
f 3446 3460 3459 3445
f 3447 3461 3460 3446
f 3448 3462 3461 3447
f 3449 3463 3462 3448
f 3450 3464 3463 3449
f 3451 3465 3464 3450
f 3452 3466 3465 3451
f 3453 3467 3480 3466
f 3454 3468 3467 3453
f 3455 3469 3468 3454
f 3456 3470 3469 3455
f 3457 3471 3470 3456
f 3458 3472 3471 3457
f 3459 3473 3472 3458
f 3460 3474 3473 3459
f 3461 3475 3474 3460
f 3462 3476 3475 3461
f 3463 3477 3476 3462
f 3464 3478 3477 3463
f 3465 3479 3478 3464
f 3466 3480 3479 3465
f 3467 3481 3494 3480
f 3468 3482 3481 3467
f 3469 3483 3482 3468
f 3470 3484 3483 3469
f 3471 3485 3484 3470
f 3472 3486 3485 3471
f 3473 3487 3486 3472
f 3474 3488 3487 3473
f 3475 3489 3488 3474
f 3476 3490 3489 3475
f 3477 3491 3490 3476
f 3478 3492 3491 3477
f 3479 3493 3492 3478
f 3480 3494 3493 3479
f 3481 3495 3508 3494
f 3482 3496 3495 3481
f 3483 3497 3496 3482
f 3484 3498 3497 3483
f 3485 3499 3498 3484
f 3486 3500 3499 3485
f 3487 3501 3500 3486
f 3488 3502 3501 3487
f 3489 3503 3502 3488
f 3490 3504 3503 3489
f 3491 3505 3504 3490
f 3492 3506 3505 3491
f 3493 3507 3506 3492
f 3494 3508 3507 3493
f 3495 3509 3522 3508
f 3496 3510 3509 3495
f 3497 3511 3510 3496
f 3498 3512 3511 3497
f 3499 3513 3512 3498
f 3500 3514 3513 3499
f 3501 3515 3514 3500
f 3502 3516 3515 3501
f 3503 3517 3516 3502
f 3504 3518 3517 3503
f 3505 3519 3518 3504
f 3506 3520 3519 3505
f 3507 3521 3520 3506
f 3508 3522 3521 3507
f 3509 3523 3536 3522
f 3510 3524 3523 3509
f 3511 3525 3524 3510
f 3512 3526 3525 3511
f 3513 3527 3526 3512
f 3514 3528 3527 3513
f 3515 3529 3528 3514
f 3516 3530 3529 3515
f 3517 3531 3530 3516
f 3518 3532 3531 3517
f 3519 3533 3532 3518
f 3520 3534 3533 3519
f 3521 3535 3534 3520
f 3522 3536 3535 3521
f 3523 3537 3550 3536
f 3524 3538 3537 3523
f 3525 3539 3538 3524
f 3526 3540 3539 3525
f 3527 3541 3540 3526
f 3528 3542 3541 3527
f 3529 3543 3542 3528
f 3530 3544 3543 3529
f 3531 3545 3544 3530
f 3532 3546 3545 3531
f 3533 3547 3546 3532
f 3534 3548 3547 3533
f 3535 3549 3548 3534
f 3536 3550 3549 3535
f 3537 3551 3564 3550
f 3538 3552 3551 3537
f 3539 3553 3552 3538
f 3540 3554 3553 3539
f 3541 3555 3554 3540
f 3542 3556 3555 3541
f 3543 3557 3556 3542
f 3544 3558 3557 3543
f 3545 3559 3558 3544
f 3546 3560 3559 3545
f 3547 3561 3560 3546
f 3548 3562 3561 3547
f 3549 3563 3562 3548
f 3550 3564 3563 3549
f 3551 3565 3578 3564
f 3552 3566 3565 3551
f 3553 3567 3566 3552
f 3554 3568 3567 3553
f 3555 3569 3568 3554
f 3556 3570 3569 3555
f 3557 3571 3570 3556
f 3558 3572 3571 3557
f 3559 3573 3572 3558
f 3560 3574 3573 3559
f 3561 3575 3574 3560
f 3562 3576 3575 3561
f 3563 3577 3576 3562
f 3564 3578 3577 3563
f 3565 3579 3592 3578
f 3566 3580 3579 3565
f 3567 3581 3580 3566
f 3568 3582 3581 3567
f 3569 3583 3582 3568
f 3570 3584 3583 3569
f 3571 3585 3584 3570
f 3572 3586 3585 3571
f 3573 3587 3586 3572
f 3574 3588 3587 3573
f 3575 3589 3588 3574
f 3576 3590 3589 3575
f 3577 3591 3590 3576
f 3578 3592 3591 3577
f 3579 3593 3606 3592
f 3580 3594 3593 3579
f 3581 3595 3594 3580
f 3582 3596 3595 3581
f 3583 3597 3596 3582
f 3584 3598 3597 3583
f 3585 3599 3598 3584
f 3586 3600 3599 3585
f 3587 3601 3600 3586
f 3588 3602 3601 3587
f 3589 3603 3602 3588
f 3590 3604 3603 3589
f 3591 3605 3604 3590
f 3592 3606 3605 3591
f 3593 3607 3620 3606
f 3594 3608 3607 3593
f 3595 3609 3608 3594
f 3596 3610 3609 3595
f 3597 3611 3610 3596
f 3598 3612 3611 3597
f 3599 3613 3612 3598
f 3600 3614 3613 3599
f 3601 3615 3614 3600
f 3602 3616 3615 3601
f 3603 3617 3616 3602
f 3604 3618 3617 3603
f 3605 3619 3618 3604
f 3606 3620 3619 3605
f 3607 3621 3634 3620
f 3608 3622 3621 3607
f 3609 3623 3622 3608
f 3610 3624 3623 3609
f 3611 3625 3624 3610
f 3612 3626 3625 3611
f 3613 3627 3626 3612
f 3614 3628 3627 3613
f 3615 3629 3628 3614
f 3616 3630 3629 3615
f 3617 3631 3630 3616
f 3618 3632 3631 3617
f 3619 3633 3632 3618
f 3620 3634 3633 3619
f 3621 3635 3648 3634
f 3622 3636 3635 3621
f 3623 3637 3636 3622
f 3624 3638 3637 3623
f 3625 3639 3638 3624
f 3626 3640 3639 3625
f 3627 3641 3640 3626
f 3628 3642 3641 3627
f 3629 3643 3642 3628
f 3630 3644 3643 3629
f 3631 3645 3644 3630
f 3632 3646 3645 3631
f 3633 3647 3646 3632
f 3634 3648 3647 3633
f 3635 3649 3662 3648
f 3636 3650 3649 3635
f 3637 3651 3650 3636
f 3638 3652 3651 3637
f 3639 3653 3652 3638
f 3640 3654 3653 3639
f 3641 3655 3654 3640
f 3642 3656 3655 3641
f 3643 3657 3656 3642
f 3644 3658 3657 3643
f 3645 3659 3658 3644
f 3646 3660 3659 3645
f 3647 3661 3660 3646
f 3648 3662 3661 3647
f 3649 3663 3676 3662
f 3650 3664 3663 3649
f 3651 3665 3664 3650
f 3652 3666 3665 3651
f 3653 3667 3666 3652
f 3654 3668 3667 3653
f 3655 3669 3668 3654
f 3656 3670 3669 3655
f 3657 3671 3670 3656
f 3658 3672 3671 3657
f 3659 3673 3672 3658
f 3660 3674 3673 3659
f 3661 3675 3674 3660
f 3662 3676 3675 3661
f 3663 3677 3690 3676
f 3664 3678 3677 3663
f 3665 3679 3678 3664
f 3666 3680 3679 3665
f 3667 3681 3680 3666
f 3668 3682 3681 3667
f 3669 3683 3682 3668
f 3670 3684 3683 3669
f 3671 3685 3684 3670
f 3672 3686 3685 3671
f 3673 3687 3686 3672
f 3674 3688 3687 3673
f 3675 3689 3688 3674
f 3676 3690 3689 3675
f 3677 3691 3704 3690
f 3678 3692 3691 3677
f 3679 3693 3692 3678
f 3680 3694 3693 3679
f 3681 3695 3694 3680
f 3682 3696 3695 3681
f 3683 3697 3696 3682
f 3684 3698 3697 3683
f 3685 3699 3698 3684
f 3686 3700 3699 3685
f 3687 3701 3700 3686
f 3688 3702 3701 3687
f 3689 3703 3702 3688
f 3690 3704 3703 3689
f 3691 3705 3718 3704
f 3692 3706 3705 3691
f 3693 3707 3706 3692
f 3694 3708 3707 3693
f 3695 3709 3708 3694
f 3696 3710 3709 3695
f 3697 3711 3710 3696
f 3698 3712 3711 3697
f 3699 3713 3712 3698
f 3700 3714 3713 3699
f 3701 3715 3714 3700
f 3702 3716 3715 3701
f 3703 3717 3716 3702
f 3704 3718 3717 3703
f 3705 3719 3732 3718
f 3706 3720 3719 3705
f 3707 3721 3720 3706
f 3708 3722 3721 3707
f 3709 3723 3722 3708
f 3710 3724 3723 3709
f 3711 3725 3724 3710
f 3712 3726 3725 3711
f 3713 3727 3726 3712
f 3714 3728 3727 3713
f 3715 3729 3728 3714
f 3716 3730 3729 3715
f 3717 3731 3730 3716
f 3718 3732 3731 3717
f 3719 3733 3746 3732
f 3720 3734 3733 3719
f 3721 3735 3734 3720
f 3722 3736 3735 3721
f 3723 3737 3736 3722
f 3724 3738 3737 3723
f 3725 3739 3738 3724
f 3726 3740 3739 3725
f 3727 3741 3740 3726
f 3728 3742 3741 3727
f 3729 3743 3742 3728
f 3730 3744 3743 3729
f 3731 3745 3744 3730
f 3732 3746 3745 3731
f 3733 3747 3760 3746
f 3734 3748 3747 3733
f 3735 3749 3748 3734
f 3736 3750 3749 3735
f 3737 3751 3750 3736
f 3738 3752 3751 3737
f 3739 3753 3752 3738
f 3740 3754 3753 3739
f 3741 3755 3754 3740
f 3742 3756 3755 3741
f 3743 3757 3756 3742
f 3744 3758 3757 3743
f 3745 3759 3758 3744
f 3746 3760 3759 3745
f 3747 3761 3774 3760
f 3748 3762 3761 3747
f 3749 3763 3762 3748
f 3750 3764 3763 3749
f 3751 3765 3764 3750
f 3752 3766 3765 3751
f 3753 3767 3766 3752
f 3754 3768 3767 3753
f 3755 3769 3768 3754
f 3756 3770 3769 3755
f 3757 3771 3770 3756
f 3758 3772 3771 3757
f 3759 3773 3772 3758
f 3760 3774 3773 3759
f 3761 3775 3788 3774
f 3762 3776 3775 3761
f 3763 3777 3776 3762
f 3764 3778 3777 3763
f 3765 3779 3778 3764
f 3766 3780 3779 3765
f 3767 3781 3780 3766
f 3768 3782 3781 3767
f 3769 3783 3782 3768
f 3770 3784 3783 3769
f 3771 3785 3784 3770
f 3772 3786 3785 3771
f 3773 3787 3786 3772
f 3774 3788 3787 3773
f 3775 3789 3802 3788
f 3776 3790 3789 3775
f 3777 3791 3790 3776
f 3778 3792 3791 3777
f 3779 3793 3792 3778
f 3780 3794 3793 3779
f 3781 3795 3794 3780
f 3782 3796 3795 3781
f 3783 3797 3796 3782
f 3784 3798 3797 3783
f 3785 3799 3798 3784
f 3786 3800 3799 3785
f 3787 3801 3800 3786
f 3788 3802 3801 3787
f 3789 3803 3816 3802
f 3790 3804 3803 3789
f 3791 3805 3804 3790
f 3792 3806 3805 3791
f 3793 3807 3806 3792
f 3794 3808 3807 3793
f 3795 3809 3808 3794
f 3796 3810 3809 3795
f 3797 3811 3810 3796
f 3798 3812 3811 3797
f 3799 3813 3812 3798
f 3800 3814 3813 3799
f 3801 3815 3814 3800
f 3802 3816 3815 3801
f 3803 3817 3830 3816
f 3804 3818 3817 3803
f 3805 3819 3818 3804
f 3806 3820 3819 3805
f 3807 3821 3820 3806
f 3808 3822 3821 3807
f 3809 3823 3822 3808
f 3810 3824 3823 3809
f 3811 3825 3824 3810
f 3812 3826 3825 3811
f 3813 3827 3826 3812
f 3814 3828 3827 3813
f 3815 3829 3828 3814
f 3816 3830 3829 3815
f 3817 3831 3844 3830
f 3818 3832 3831 3817
f 3819 3833 3832 3818
f 3820 3834 3833 3819
f 3821 3835 3834 3820
f 3822 3836 3835 3821
f 3823 3837 3836 3822
f 3824 3838 3837 3823
f 3825 3839 3838 3824
f 3826 3840 3839 3825
f 3827 3841 3840 3826
f 3828 3842 3841 3827
f 3829 3843 3842 3828
f 3830 3844 3843 3829
f 3831 3845 3858 3844
f 3832 3846 3845 3831
f 3833 3847 3846 3832
f 3834 3848 3847 3833
f 3835 3849 3848 3834
f 3836 3850 3849 3835
f 3837 3851 3850 3836
f 3838 3852 3851 3837
f 3839 3853 3852 3838
f 3840 3854 3853 3839
f 3841 3855 3854 3840
f 3842 3856 3855 3841
f 3843 3857 3856 3842
f 3844 3858 3857 3843
f 3845 3859 3872 3858
f 3846 3860 3859 3845
f 3847 3861 3860 3846
f 3848 3862 3861 3847
f 3849 3863 3862 3848
f 3850 3864 3863 3849
f 3851 3865 3864 3850
f 3852 3866 3865 3851
f 3853 3867 3866 3852
f 3854 3868 3867 3853
f 3855 3869 3868 3854
f 3856 3870 3869 3855
f 3857 3871 3870 3856
f 3858 3872 3871 3857
f 3859 3873 3886 3872
f 3860 3874 3873 3859
f 3861 3875 3874 3860
f 3862 3876 3875 3861
f 3863 3877 3876 3862
f 3864 3878 3877 3863
f 3865 3879 3878 3864
f 3866 3880 3879 3865
f 3867 3881 3880 3866
f 3868 3882 3881 3867
f 3869 3883 3882 3868
f 3870 3884 3883 3869
f 3871 3885 3884 3870
f 3872 3886 3885 3871
f 3873 3887 3900 3886
f 3874 3888 3887 3873
f 3875 3889 3888 3874
f 3876 3890 3889 3875
f 3877 3891 3890 3876
f 3878 3892 3891 3877
f 3879 3893 3892 3878
f 3880 3894 3893 3879
f 3881 3895 3894 3880
f 3882 3896 3895 3881
f 3883 3897 3896 3882
f 3884 3898 3897 3883
f 3885 3899 3898 3884
f 3886 3900 3899 3885
f 3887 3901 3914 3900
f 3888 3902 3901 3887
f 3889 3903 3902 3888
f 3890 3904 3903 3889
f 3891 3905 3904 3890
f 3892 3906 3905 3891
f 3893 3907 3906 3892
f 3894 3908 3907 3893
f 3895 3909 3908 3894
f 3896 3910 3909 3895
f 3897 3911 3910 3896
f 3898 3912 3911 3897
f 3899 3913 3912 3898
f 3900 3914 3913 3899
f 3901 3915 3928 3914
f 3902 3916 3915 3901
f 3903 3917 3916 3902
f 3904 3918 3917 3903
f 3905 3919 3918 3904
f 3906 3920 3919 3905
f 3907 3921 3920 3906
f 3908 3922 3921 3907
f 3909 3923 3922 3908
f 3910 3924 3923 3909
f 3911 3925 3924 3910
f 3912 3926 3925 3911
f 3913 3927 3926 3912
f 3914 3928 3927 3913
f 3915 3929 3942 3928
f 3916 3930 3929 3915
f 3917 3931 3930 3916
f 3918 3932 3931 3917
f 3919 3933 3932 3918
f 3920 3934 3933 3919
f 3921 3935 3934 3920
f 3922 3936 3935 3921
f 3923 3937 3936 3922
f 3924 3938 3937 3923
f 3925 3939 3938 3924
f 3926 3940 3939 3925
f 3927 3941 3940 3926
f 3928 3942 3941 3927
f 3929 3943 3956 3942
f 3930 3944 3943 3929
f 3931 3945 3944 3930
f 3932 3946 3945 3931
f 3933 3947 3946 3932
f 3934 3948 3947 3933
f 3935 3949 3948 3934
f 3936 3950 3949 3935
f 3937 3951 3950 3936
f 3938 3952 3951 3937
f 3939 3953 3952 3938
f 3940 3954 3953 3939
f 3941 3955 3954 3940
f 3942 3956 3955 3941
f 3943 3957 3970 3956
f 3944 3958 3957 3943
f 3945 3959 3958 3944
f 3946 3960 3959 3945
f 3947 3961 3960 3946
f 3948 3962 3961 3947
f 3949 3963 3962 3948
f 3950 3964 3963 3949
f 3951 3965 3964 3950
f 3952 3966 3965 3951
f 3953 3967 3966 3952
f 3954 3968 3967 3953
f 3955 3969 3968 3954
f 3956 3970 3969 3955
f 3957 3971 3984 3970
f 3958 3972 3971 3957
f 3959 3973 3972 3958
f 3960 3974 3973 3959
f 3961 3975 3974 3960
f 3962 3976 3975 3961
f 3963 3977 3976 3962
f 3964 3978 3977 3963
f 3965 3979 3978 3964
f 3966 3980 3979 3965
f 3967 3981 3980 3966
f 3968 3982 3981 3967
f 3969 3983 3982 3968
f 3970 3984 3983 3969
f 3971 3985 3998 3984
f 3972 3986 3985 3971
f 3973 3987 3986 3972
f 3974 3988 3987 3973
f 3975 3989 3988 3974
f 3976 3990 3989 3975
f 3977 3991 3990 3976
f 3978 3992 3991 3977
f 3979 3993 3992 3978
f 3980 3994 3993 3979
f 3981 3995 3994 3980
f 3982 3996 3995 3981
f 3983 3997 3996 3982
f 3984 3998 3997 3983
f 3985 3999 4012 3998
f 3986 4000 3999 3985
f 3987 4001 4000 3986
f 3988 4002 4001 3987
f 3989 4003 4002 3988
f 3990 4004 4003 3989
f 3991 4005 4004 3990
f 3992 4006 4005 3991
f 3993 4007 4006 3992
f 3994 4008 4007 3993
f 3995 4009 4008 3994
f 3996 4010 4009 3995
f 3997 4011 4010 3996
f 3998 4012 4011 3997
f 3999 4013 4026 4012
f 4000 4014 4013 3999
f 4001 4015 4014 4000
f 4002 4016 4015 4001
f 4003 4017 4016 4002
f 4004 4018 4017 4003
f 4005 4019 4018 4004
f 4006 4020 4019 4005
f 4007 4021 4020 4006
f 4008 4022 4021 4007
f 4009 4023 4022 4008
f 4010 4024 4023 4009
f 4011 4025 4024 4010
f 4012 4026 4025 4011
f 4013 4027 4040 4026
f 4014 4028 4027 4013
f 4015 4029 4028 4014
f 4016 4030 4029 4015
f 4017 4031 4030 4016
f 4018 4032 4031 4017
f 4019 4033 4032 4018
f 4020 4034 4033 4019
f 4021 4035 4034 4020
f 4022 4036 4035 4021
f 4023 4037 4036 4022
f 4024 4038 4037 4023
f 4025 4039 4038 4024
f 4026 4040 4039 4025
f 4027 4041 4054 4040
f 4028 4042 4041 4027
f 4029 4043 4042 4028
f 4030 4044 4043 4029
f 4031 4045 4044 4030
f 4032 4046 4045 4031
f 4033 4047 4046 4032
f 4034 4048 4047 4033
f 4035 4049 4048 4034
f 4036 4050 4049 4035
f 4037 4051 4050 4036
f 4038 4052 4051 4037
f 4039 4053 4052 4038
f 4040 4054 4053 4039
f 4041 4055 4068 4054
f 4042 4056 4055 4041
f 4043 4057 4056 4042
f 4044 4058 4057 4043
f 4045 4059 4058 4044
f 4046 4060 4059 4045
f 4047 4061 4060 4046
f 4048 4062 4061 4047
f 4049 4063 4062 4048
f 4050 4064 4063 4049
f 4051 4065 4064 4050
f 4052 4066 4065 4051
f 4053 4067 4066 4052
f 4054 4068 4067 4053
f 4055 4069 4082 4068
f 4056 4070 4069 4055
f 4057 4071 4070 4056
f 4058 4072 4071 4057
f 4059 4073 4072 4058
f 4060 4074 4073 4059
f 4061 4075 4074 4060
f 4062 4076 4075 4061
f 4063 4077 4076 4062
f 4064 4078 4077 4063
f 4065 4079 4078 4064
f 4066 4080 4079 4065
f 4067 4081 4080 4066
f 4068 4082 4081 4067
f 4069 4083 4096 4082
f 4070 4084 4083 4069
f 4071 4085 4084 4070
f 4072 4086 4085 4071
f 4073 4087 4086 4072
f 4074 4088 4087 4073
f 4075 4089 4088 4074
f 4076 4090 4089 4075
f 4077 4091 4090 4076
f 4078 4092 4091 4077
f 4079 4093 4092 4078
f 4080 4094 4093 4079
f 4081 4095 4094 4080
f 4082 4096 4095 4081
f 4083 4097 4110 4096
f 4084 4098 4097 4083
f 4085 4099 4098 4084
f 4086 4100 4099 4085
f 4087 4101 4100 4086
f 4088 4102 4101 4087
f 4089 4103 4102 4088
f 4090 4104 4103 4089
f 4091 4105 4104 4090
f 4092 4106 4105 4091
f 4093 4107 4106 4092
f 4094 4108 4107 4093
f 4095 4109 4108 4094
f 4096 4110 4109 4095
f 4097 4111 4124 4110
f 4098 4112 4111 4097
f 4099 4113 4112 4098
f 4100 4114 4113 4099
f 4101 4115 4114 4100
f 4102 4116 4115 4101
f 4103 4117 4116 4102
f 4104 4118 4117 4103
f 4105 4119 4118 4104
f 4106 4120 4119 4105
f 4107 4121 4120 4106
f 4108 4122 4121 4107
f 4109 4123 4122 4108
f 4110 4124 4123 4109
f 4111 4125 4138 4124
f 4112 4126 4125 4111
f 4113 4127 4126 4112
f 4114 4128 4127 4113
f 4115 4129 4128 4114
f 4116 4130 4129 4115
f 4117 4131 4130 4116
f 4118 4132 4131 4117
f 4119 4133 4132 4118
f 4120 4134 4133 4119
f 4121 4135 4134 4120
f 4122 4136 4135 4121
f 4123 4137 4136 4122
f 4124 4138 4137 4123
f 4125 4139 4152 4138
f 4126 4140 4139 4125
f 4127 4141 4140 4126
f 4128 4142 4141 4127
f 4129 4143 4142 4128
f 4130 4144 4143 4129
f 4131 4145 4144 4130
f 4132 4146 4145 4131
f 4133 4147 4146 4132
f 4134 4148 4147 4133
f 4135 4149 4148 4134
f 4136 4150 4149 4135
f 4137 4151 4150 4136
f 4138 4152 4151 4137
f 4139 4153 4166 4152
f 4140 4154 4153 4139
f 4141 4155 4154 4140
f 4142 4156 4155 4141
f 4143 4157 4156 4142
f 4144 4158 4157 4143
f 4145 4159 4158 4144
f 4146 4160 4159 4145
f 4147 4161 4160 4146
f 4148 4162 4161 4147
f 4149 4163 4162 4148
f 4150 4164 4163 4149
f 4151 4165 4164 4150
f 4152 4166 4165 4151
f 4153 4167 4180 4166
f 4154 4168 4167 4153
f 4155 4169 4168 4154
f 4156 4170 4169 4155
f 4157 4171 4170 4156
f 4158 4172 4171 4157
f 4159 4173 4172 4158
f 4160 4174 4173 4159
f 4161 4175 4174 4160
f 4162 4176 4175 4161
f 4163 4177 4176 4162
f 4164 4178 4177 4163
f 4165 4179 4178 4164
f 4166 4180 4179 4165
f 4167 4181 4194 4180
f 4168 4182 4181 4167
f 4169 4183 4182 4168
f 4170 4184 4183 4169
f 4171 4185 4184 4170
f 4172 4186 4185 4171
f 4173 4187 4186 4172
f 4174 4188 4187 4173
f 4175 4189 4188 4174
f 4176 4190 4189 4175
f 4177 4191 4190 4176
f 4178 4192 4191 4177
f 4179 4193 4192 4178
f 4180 4194 4193 4179
f 4181 4195 4208 4194
f 4182 4196 4195 4181
f 4183 4197 4196 4182
f 4184 4198 4197 4183
f 4185 4199 4198 4184
f 4186 4200 4199 4185
f 4187 4201 4200 4186
f 4188 4202 4201 4187
f 4189 4203 4202 4188
f 4190 4204 4203 4189
f 4191 4205 4204 4190
f 4192 4206 4205 4191
f 4193 4207 4206 4192
f 4194 4208 4207 4193
f 4195 4209 4222 4208
f 4196 4210 4209 4195
f 4197 4211 4210 4196
f 4198 4212 4211 4197
f 4199 4213 4212 4198
f 4200 4214 4213 4199
f 4201 4215 4214 4200
f 4202 4216 4215 4201
f 4203 4217 4216 4202
f 4204 4218 4217 4203
f 4205 4219 4218 4204
f 4206 4220 4219 4205
f 4207 4221 4220 4206
f 4208 4222 4221 4207
f 4209 4223 4236 4222
f 4210 4224 4223 4209
f 4211 4225 4224 4210
f 4212 4226 4225 4211
f 4213 4227 4226 4212
f 4214 4228 4227 4213
f 4215 4229 4228 4214
f 4216 4230 4229 4215
f 4217 4231 4230 4216
f 4218 4232 4231 4217
f 4219 4233 4232 4218
f 4220 4234 4233 4219
f 4221 4235 4234 4220
f 4222 4236 4235 4221
f 4223 4237 4250 4236
f 4224 4238 4237 4223
f 4225 4239 4238 4224
f 4226 4240 4239 4225
f 4227 4241 4240 4226
f 4228 4242 4241 4227
f 4229 4243 4242 4228
f 4230 4244 4243 4229
f 4231 4245 4244 4230
f 4232 4246 4245 4231
f 4233 4247 4246 4232
f 4234 4248 4247 4233
f 4235 4249 4248 4234
f 4236 4250 4249 4235
f 4237 4251 4264 4250
f 4238 4252 4251 4237
f 4239 4253 4252 4238
f 4240 4254 4253 4239
f 4241 4255 4254 4240
f 4242 4256 4255 4241
f 4243 4257 4256 4242
f 4244 4258 4257 4243
f 4245 4259 4258 4244
f 4246 4260 4259 4245
f 4247 4261 4260 4246
f 4248 4262 4261 4247
f 4249 4263 4262 4248
f 4250 4264 4263 4249
f 4251 4265 4278 4264
f 4252 4266 4265 4251
f 4253 4267 4266 4252
f 4254 4268 4267 4253
f 4255 4269 4268 4254
f 4256 4270 4269 4255
f 4257 4271 4270 4256
f 4258 4272 4271 4257
f 4259 4273 4272 4258
f 4260 4274 4273 4259
f 4261 4275 4274 4260
f 4262 4276 4275 4261
f 4263 4277 4276 4262
f 4264 4278 4277 4263
f 4265 4279 4292 4278
f 4266 4280 4279 4265
f 4267 4281 4280 4266
f 4268 4282 4281 4267
f 4269 4283 4282 4268
f 4270 4284 4283 4269
f 4271 4285 4284 4270
f 4272 4286 4285 4271
f 4273 4287 4286 4272
f 4274 4288 4287 4273
f 4275 4289 4288 4274
f 4276 4290 4289 4275
f 4277 4291 4290 4276
f 4278 4292 4291 4277
f 4279 4293 4306 4292
f 4280 4294 4293 4279
f 4281 4295 4294 4280
f 4282 4296 4295 4281
f 4283 4297 4296 4282
f 4284 4298 4297 4283
f 4285 4299 4298 4284
f 4286 4300 4299 4285
f 4287 4301 4300 4286
f 4288 4302 4301 4287
f 4289 4303 4302 4288
f 4290 4304 4303 4289
f 4291 4305 4304 4290
f 4292 4306 4305 4291
f 4293 4307 4320 4306
f 4294 4308 4307 4293
f 4295 4309 4308 4294
f 4296 4310 4309 4295
f 4297 4311 4310 4296
f 4298 4312 4311 4297
f 4299 4313 4312 4298
f 4300 4314 4313 4299
f 4301 4315 4314 4300
f 4302 4316 4315 4301
f 4303 4317 4316 4302
f 4304 4318 4317 4303
f 4305 4319 4318 4304
f 4306 4320 4319 4305
f 4307 4321 4334 4320
f 4308 4322 4321 4307
f 4309 4323 4322 4308
f 4310 4324 4323 4309
f 4311 4325 4324 4310
f 4312 4326 4325 4311
f 4313 4327 4326 4312
f 4314 4328 4327 4313
f 4315 4329 4328 4314
f 4316 4330 4329 4315
f 4317 4331 4330 4316
f 4318 4332 4331 4317
f 4319 4333 4332 4318
f 4320 4334 4333 4319
f 4321 4335 4348 4334
f 4322 4336 4335 4321
f 4323 4337 4336 4322
f 4324 4338 4337 4323
f 4325 4339 4338 4324
f 4326 4340 4339 4325
f 4327 4341 4340 4326
f 4328 4342 4341 4327
f 4329 4343 4342 4328
f 4330 4344 4343 4329
f 4331 4345 4344 4330
f 4332 4346 4345 4331
f 4333 4347 4346 4332
f 4334 4348 4347 4333
f 4335 4349 4362 4348
f 4336 4350 4349 4335
f 4337 4351 4350 4336
f 4338 4352 4351 4337
f 4339 4353 4352 4338
f 4340 4354 4353 4339
f 4341 4355 4354 4340
f 4342 4356 4355 4341
f 4343 4357 4356 4342
f 4344 4358 4357 4343
f 4345 4359 4358 4344
f 4346 4360 4359 4345
f 4347 4361 4360 4346
f 4348 4362 4361 4347
f 4349 4363 4376 4362
f 4350 4364 4363 4349
f 4351 4365 4364 4350
f 4352 4366 4365 4351
f 4353 4367 4366 4352
f 4354 4368 4367 4353
f 4355 4369 4368 4354
f 4356 4370 4369 4355
f 4357 4371 4370 4356
f 4358 4372 4371 4357
f 4359 4373 4372 4358
f 4360 4374 4373 4359
f 4361 4375 4374 4360
f 4362 4376 4375 4361
f 4363 4377 4390 4376
f 4364 4378 4377 4363
f 4365 4379 4378 4364
f 4366 4380 4379 4365
f 4367 4381 4380 4366
f 4368 4382 4381 4367
f 4369 4383 4382 4368
f 4370 4384 4383 4369
f 4371 4385 4384 4370
f 4372 4386 4385 4371
f 4373 4387 4386 4372
f 4374 4388 4387 4373
f 4375 4389 4388 4374
f 4376 4390 4389 4375
f 4377 4391 4404 4390
f 4378 4392 4391 4377
f 4379 4393 4392 4378
f 4380 4394 4393 4379
f 4381 4395 4394 4380
f 4382 4396 4395 4381
f 4383 4397 4396 4382
f 4384 4398 4397 4383
f 4385 4399 4398 4384
f 4386 4400 4399 4385
f 4387 4401 4400 4386
f 4388 4402 4401 4387
f 4389 4403 4402 4388
f 4390 4404 4403 4389
f 4391 4405 4418 4404
f 4392 4406 4405 4391
f 4393 4407 4406 4392
f 4394 4408 4407 4393
f 4395 4409 4408 4394
f 4396 4410 4409 4395
f 4397 4411 4410 4396
f 4398 4412 4411 4397
f 4399 4413 4412 4398
f 4400 4414 4413 4399
f 4401 4415 4414 4400
f 4402 4416 4415 4401
f 4403 4417 4416 4402
f 4404 4418 4417 4403
f 4405 4419 4432 4418
f 4406 4420 4419 4405
f 4407 4421 4420 4406
f 4408 4422 4421 4407
f 4409 4423 4422 4408
f 4410 4424 4423 4409
f 4411 4425 4424 4410
f 4412 4426 4425 4411
f 4413 4427 4426 4412
f 4414 4428 4427 4413
f 4415 4429 4428 4414
f 4416 4430 4429 4415
f 4417 4431 4430 4416
f 4418 4432 4431 4417
f 4419 4433 4446 4432
f 4420 4434 4433 4419
f 4421 4435 4434 4420
f 4422 4436 4435 4421
f 4423 4437 4436 4422
f 4424 4438 4437 4423
f 4425 4439 4438 4424
f 4426 4440 4439 4425
f 4427 4441 4440 4426
f 4428 4442 4441 4427
f 4429 4443 4442 4428
f 4430 4444 4443 4429
f 4431 4445 4444 4430
f 4432 4446 4445 4431
f 4433 4447 4460 4446
f 4434 4448 4447 4433
f 4435 4449 4448 4434
f 4436 4450 4449 4435
f 4437 4451 4450 4436
f 4438 4452 4451 4437
f 4439 4453 4452 4438
f 4440 4454 4453 4439
f 4441 4455 4454 4440
f 4442 4456 4455 4441
f 4443 4457 4456 4442
f 4444 4458 4457 4443
f 4445 4459 4458 4444
f 4446 4460 4459 4445
f 4447 4461 4474 4460
f 4448 4462 4461 4447
f 4449 4463 4462 4448
f 4450 4464 4463 4449
f 4451 4465 4464 4450
f 4452 4466 4465 4451
f 4453 4467 4466 4452
f 4454 4468 4467 4453
f 4455 4469 4468 4454
f 4456 4470 4469 4455
f 4457 4471 4470 4456
f 4458 4472 4471 4457
f 4459 4473 4472 4458
f 4460 4474 4473 4459
f 4461 4475 4488 4474
f 4462 4476 4475 4461
f 4463 4477 4476 4462
f 4464 4478 4477 4463
f 4465 4479 4478 4464
f 4466 4480 4479 4465
f 4467 4481 4480 4466
f 4468 4482 4481 4467
f 4469 4483 4482 4468
f 4470 4484 4483 4469
f 4471 4485 4484 4470
f 4472 4486 4485 4471
f 4473 4487 4486 4472
f 4474 4488 4487 4473
f 4475 4489 4502 4488
f 4476 4490 4489 4475
f 4477 4491 4490 4476
f 4478 4492 4491 4477
f 4479 4493 4492 4478
f 4480 4494 4493 4479
f 4481 4495 4494 4480
f 4482 4496 4495 4481
f 4483 4497 4496 4482
f 4484 4498 4497 4483
f 4485 4499 4498 4484
f 4486 4500 4499 4485
f 4487 4501 4500 4486
f 4488 4502 4501 4487
f 4489 4503 4516 4502
f 4490 4504 4503 4489
f 4491 4505 4504 4490
f 4492 4506 4505 4491
f 4493 4507 4506 4492
f 4494 4508 4507 4493
f 4495 4509 4508 4494
f 4496 4510 4509 4495
f 4497 4511 4510 4496
f 4498 4512 4511 4497
f 4499 4513 4512 4498
f 4500 4514 4513 4499
f 4501 4515 4514 4500
f 4502 4516 4515 4501
f 4503 4517 4530 4516
f 4504 4518 4517 4503
f 4505 4519 4518 4504
f 4506 4520 4519 4505
f 4507 4521 4520 4506
f 4508 4522 4521 4507
f 4509 4523 4522 4508
f 4510 4524 4523 4509
f 4511 4525 4524 4510
f 4512 4526 4525 4511
f 4513 4527 4526 4512
f 4514 4528 4527 4513
f 4515 4529 4528 4514
f 4516 4530 4529 4515
f 4517 4531 4544 4530
f 4518 4532 4531 4517
f 4519 4533 4532 4518
f 4520 4534 4533 4519
f 4521 4535 4534 4520
f 4522 4536 4535 4521
f 4523 4537 4536 4522
f 4524 4538 4537 4523
f 4525 4539 4538 4524
f 4526 4540 4539 4525
f 4527 4541 4540 4526
f 4528 4542 4541 4527
f 4529 4543 4542 4528
f 4530 4544 4543 4529
f 4531 4545 4558 4544
f 4532 4546 4545 4531
f 4533 4547 4546 4532
f 4534 4548 4547 4533
f 4535 4549 4548 4534
f 4536 4550 4549 4535
f 4537 4551 4550 4536
f 4538 4552 4551 4537
f 4539 4553 4552 4538
f 4540 4554 4553 4539
f 4541 4555 4554 4540
f 4542 4556 4555 4541
f 4543 4557 4556 4542
f 4544 4558 4557 4543
f 4545 4559 4572 4558
f 4546 4560 4559 4545
f 4547 4561 4560 4546
f 4548 4562 4561 4547
f 4549 4563 4562 4548
f 4550 4564 4563 4549
f 4551 4565 4564 4550
f 4552 4566 4565 4551
f 4553 4567 4566 4552
f 4554 4568 4567 4553
f 4555 4569 4568 4554
f 4556 4570 4569 4555
f 4557 4571 4570 4556
f 4558 4572 4571 4557
f 4559 4573 4586 4572
f 4560 4574 4573 4559
f 4561 4575 4574 4560
f 4562 4576 4575 4561
f 4563 4577 4576 4562
f 4564 4578 4577 4563
f 4565 4579 4578 4564
f 4566 4580 4579 4565
f 4567 4581 4580 4566
f 4568 4582 4581 4567
f 4569 4583 4582 4568
f 4570 4584 4583 4569
f 4571 4585 4584 4570
f 4572 4586 4585 4571
f 4573 4587 4600 4586
f 4574 4588 4587 4573
f 4575 4589 4588 4574
f 4576 4590 4589 4575
f 4577 4591 4590 4576
f 4578 4592 4591 4577
f 4579 4593 4592 4578
f 4580 4594 4593 4579
f 4581 4595 4594 4580
f 4582 4596 4595 4581
f 4583 4597 4596 4582
f 4584 4598 4597 4583
f 4585 4599 4598 4584
f 4586 4600 4599 4585
f 4587 1857 1870 4600
f 4588 1858 1857 4587
f 4589 1859 1858 4588
f 4590 1860 1859 4589
f 4591 1861 1860 4590
f 4592 1862 1861 4591
f 4593 1863 1862 4592
f 4594 1864 1863 4593
f 4595 1865 1864 4594
f 4596 1866 1865 4595
f 4597 1867 1866 4596
f 4598 1868 1867 4597
f 4599 1869 1868 4598
f 4600 1870 1869 4599
g mirror_inner_tube
v -0.30057 0.00718837 0.9631
v -0.29888 0.0105181 0.966918
v -0.297942 0.0153298 0.969037
v -0.297942 0.0206703 0.969037
v -0.29888 0.0254819 0.966918
v -0.30057 0.0288116 0.9631
v -0.302679 0.03 0.958339
v -0.304787 0.0288116 0.953579
v -0.306477 0.0254819 0.949761
v -0.307415 0.0206702 0.947642
v -0.307415 0.0153297 0.947642
v -0.306477 0.0105181 0.949761
v -0.304787 0.00718837 0.953579
v -0.302679 0.006 0.958339
v -0.309895 0.00718837 0.96819
v -0.307695 0.0105181 0.971739
v -0.306474 0.0153298 0.973708
v -0.306474 0.0206703 0.973708
v -0.307695 0.0254819 0.971739
v -0.309895 0.0288116 0.96819
v -0.312638 0.03 0.963765
v -0.315381 0.0288116 0.95934
v -0.317581 0.0254819 0.955791
v -0.318802 0.0206702 0.953822
v -0.318802 0.0153297 0.953822
v -0.317581 0.0105181 0.955791
v -0.315381 0.00718837 0.95934
v -0.312638 0.006 0.963765
v -0.319582 0.00718837 0.97498
v -0.317037 0.0105181 0.97829
v -0.315625 0.0153298 0.980127
v -0.315625 0.0206703 0.980127
v -0.317037 0.0254819 0.97829
v -0.319582 0.0288116 0.97498
v -0.322755 0.03 0.970852
v -0.325928 0.0288116 0.966724
v -0.328473 0.0254819 0.963414
v -0.329885 0.0206702 0.961577
v -0.329885 0.0153297 0.961577
v -0.328473 0.0105181 0.963414
v -0.325928 0.00718837 0.966724
v -0.322755 0.006 0.970852
v -0.329425 0.00718837 0.983268
v -0.326623 0.0105181 0.986364
v -0.325067 0.0153298 0.988081
v -0.325067 0.0206703 0.988081
v -0.326623 0.0254819 0.986363
v -0.329425 0.0288116 0.983268
v -0.33292 0.03 0.979409
v -0.336415 0.0288116 0.97555
v -0.339218 0.0254819 0.972455
v -0.340773 0.0206702 0.970737
v -0.340773 0.0153297 0.970737
v -0.339218 0.0105181 0.972455
v -0.336415 0.00718837 0.97555
v -0.33292 0.006 0.979409
v -0.339279 0.00718838 0.992863
v -0.336277 0.0105181 0.995765
v -0.33461 0.0153298 0.997375
v -0.33461 0.0206703 0.997375
v -0.336277 0.0254819 0.995765
v -0.339279 0.0288116 0.992863
v -0.343023 0.03 0.989245
v -0.346767 0.0288116 0.985627
v -0.349769 0.0254819 0.982725
v -0.351436 0.0206702 0.981115
v -0.351436 0.0153297 0.981115
v -0.349769 0.0105181 0.982725
v -0.346767 0.00718837 0.985627
v -0.343023 0.006 0.989245
v -0.349009 0.00718837 1.00357
v -0.345846 0.0105181 1.00629
v -0.344091 0.0153298 1.0078
v -0.344091 0.0206703 1.0078
v -0.345846 0.0254819 1.00629
v -0.349009 0.0288116 1.00357
v -0.352954 0.03 1.00017
v -0.356898 0.0288116 0.996769
v -0.360061 0.0254819 0.994044
v -0.361816 0.0206702 0.992531
v -0.361816 0.0153297 0.992531
v -0.360061 0.0105181 0.994044
v -0.356898 0.00718837 0.996769
v -0.352954 0.006 1.00017
v -0.358491 0.00718837 1.01518
v -0.355194 0.0105181 1.01774
v -0.353364 0.0153298 1.01917
v -0.353364 0.0206703 1.01917
v -0.355194 0.0254819 1.01774
v -0.358491 0.0288116 1.01518
v -0.362602 0.03 1.01199
v -0.366713 0.0288116 1.00879
v -0.370011 0.0254819 1.00623
v -0.37184 0.0206702 1.00481
v -0.37184 0.0153297 1.00481
v -0.370011 0.0105181 1.00623
v -0.366713 0.00718837 1.00879
v -0.362602 0.006 1.01199
v -0.367602 0.00718837 1.02751
v -0.364189 0.0105181 1.02992
v -0.362295 0.0153298 1.03125
v -0.362295 0.0206703 1.03125
v -0.364189 0.0254819 1.02992
v -0.367602 0.0288116 1.02751
v -0.371858 0.03 1.02451
v -0.376114 0.0288116 1.02151
v -0.379527 0.0254819 1.01911
v -0.381421 0.0206702 1.01777
v -0.381421 0.0153297 1.01777
v -0.379527 0.0105181 1.01911
v -0.376114 0.00718837 1.02151
v -0.371858 0.006 1.02451
v -0.376227 0.00718837 1.04036
v -0.37271 0.0105181 1.04261
v -0.370758 0.0153298 1.04385
v -0.370758 0.0206703 1.04385
v -0.37271 0.0254819 1.04261
v -0.376227 0.0288116 1.04036
v -0.380612 0.03 1.03755
v -0.384998 0.0288116 1.03474
v -0.388514 0.0254819 1.03249
v -0.390466 0.0206702 1.03124
v -0.390466 0.0153297 1.03124
v -0.388514 0.0105181 1.03249
v -0.384998 0.00718837 1.03474
v -0.380612 0.006 1.03755
v -0.384249 0.00718837 1.05352
v -0.380636 0.0105181 1.05561
v -0.378631 0.0153298 1.05677
v -0.378631 0.0206703 1.05677
v -0.380636 0.0254819 1.05561
v -0.384249 0.0288116 1.05352
v -0.388754 0.03 1.05091
v -0.393259 0.0288116 1.0483
v -0.396872 0.0254819 1.0462
v -0.398877 0.0206702 1.04504
v -0.398877 0.0153297 1.04504
v -0.396872 0.0105181 1.0462
v -0.393259 0.00718837 1.0483
v -0.388754 0.006 1.05091
v -0.391554 0.00718837 1.0668
v -0.387849 0.0105181 1.06873
v -0.385793 0.0153298 1.06979
v -0.385793 0.0206703 1.06979
v -0.387849 0.0254819 1.06873
v -0.391554 0.0288116 1.0668
v -0.396173 0.03 1.0644
v -0.400793 0.0288116 1.062
v -0.404498 0.0254819 1.06007
v -0.406554 0.0206702 1.059
v -0.406554 0.0153297 1.059
v -0.404498 0.0105181 1.06007
v -0.400793 0.00718837 1.062
v -0.396173 0.006 1.0644
v -0.398029 0.00718837 1.08
v -0.394234 0.0105181 1.08174
v -0.392128 0.0153298 1.08271
v -0.392128 0.0206703 1.08271
v -0.394234 0.0254819 1.08174
v -0.398029 0.0288116 1.08
v -0.402761 0.03 1.07783
v -0.407493 0.0288116 1.07566
v -0.411287 0.0254819 1.07391
v -0.413393 0.0206702 1.07295
v -0.413393 0.0153297 1.07295
v -0.411287 0.0105181 1.07391
v -0.407493 0.00718837 1.07566
v -0.402761 0.006 1.07783
v -0.403562 0.00718837 1.09291
v -0.399677 0.0105181 1.09445
v -0.397521 0.0153298 1.09529
v -0.397521 0.0206703 1.09529
v -0.399677 0.0254819 1.09445
v -0.403562 0.0288116 1.09291
v -0.408406 0.03 1.09101
v -0.41325 0.0288116 1.0891
v -0.417134 0.0254819 1.08756
v -0.41929 0.0206702 1.08672
v -0.41929 0.0153297 1.08672
v -0.417134 0.0105181 1.08756
v -0.41325 0.00718837 1.0891
v -0.408406 0.006 1.09101
v -0.408042 0.00718837 1.10533
v -0.404067 0.0105181 1.10661
v -0.401861 0.0153298 1.10732
v -0.401861 0.0206703 1.10732
v -0.404067 0.0254819 1.10661
v -0.408042 0.0288116 1.10533
v -0.412998 0.03 1.10374
v -0.417955 0.0288116 1.10215
v -0.42193 0.0254819 1.10087
v -0.424135 0.0206702 1.10016
v -0.424135 0.0153297 1.10016
v -0.42193 0.0105181 1.10087
v -0.417955 0.00718837 1.10215
v -0.412998 0.006 1.10374
v -0.411347 0.00718837 1.11697
v -0.407272 0.0105181 1.11788
v -0.40501 0.0153298 1.11839
v -0.40501 0.0206703 1.11839
v -0.407272 0.0254819 1.11788
v -0.411347 0.0288116 1.11697
v -0.416429 0.03 1.11584
v -0.42151 0.0288116 1.1147
v -0.425585 0.0254819 1.1138
v -0.427847 0.0206702 1.11329
v -0.427847 0.0153297 1.11329
v -0.425585 0.0105181 1.1138
v -0.42151 0.00718837 1.1147
v -0.416429 0.006 1.11584
v -0.413203 0.00718837 1.12824
v -0.409047 0.0105181 1.12865
v -0.406741 0.0153298 1.12888
v -0.406741 0.0206703 1.12888
v -0.409047 0.0254819 1.12865
v -0.413203 0.0288116 1.12824
v -0.418385 0.03 1.12774
v -0.423567 0.0288116 1.12723
v -0.427722 0.0254819 1.12682
v -0.430028 0.0206702 1.1266
v -0.430028 0.0153297 1.1266
v -0.427722 0.0105181 1.12682
v -0.423567 0.00718837 1.12723
v -0.418385 0.006 1.12774
v -0.41357 0.00718837 1.13983
v -0.409396 0.0105181 1.13974
v -0.407079 0.0153298 1.13969
v -0.407079 0.0206703 1.13969
v -0.409396 0.0254819 1.13974
v -0.41357 0.0288116 1.13983
v -0.418775 0.03 1.13995
v -0.423981 0.0288116 1.14006
v -0.428155 0.0254819 1.14016
v -0.430472 0.0206702 1.14021
v -0.430472 0.0153297 1.14021
v -0.428155 0.0105181 1.14016
v -0.423981 0.00718837 1.14006
v -0.418775 0.006 1.13995
v -0.412651 0.00718837 1.15178
v -0.408506 0.0105181 1.15128
v -0.406205 0.0153298 1.151
v -0.406205 0.0206703 1.151
v -0.408506 0.0254819 1.15128
v -0.412651 0.0288116 1.15178
v -0.41782 0.03 1.1524
v -0.42299 0.0288116 1.15302
v -0.427135 0.0254819 1.15352
v -0.429436 0.0206702 1.1538
v -0.429436 0.0153297 1.1538
v -0.427135 0.0105181 1.15352
v -0.42299 0.00718837 1.15302
v -0.41782 0.006 1.1524
v -0.410634 0.00718837 1.16402
v -0.406539 0.0105181 1.1632
v -0.404266 0.0153298 1.16275
v -0.404266 0.0206703 1.16275
v -0.406539 0.0254819 1.1632
v -0.410634 0.0288116 1.16402
v -0.41574 0.03 1.16504
v -0.420846 0.0288116 1.16605
v -0.424941 0.0254819 1.16687
v -0.427213 0.0206702 1.16732
v -0.427213 0.0153297 1.16732
v -0.424941 0.0105181 1.16687
v -0.420846 0.00718837 1.16605
v -0.41574 0.006 1.16504
v -0.407715 0.00718837 1.17647
v -0.403675 0.0105181 1.17542
v -0.401432 0.0153298 1.17483
v -0.401432 0.0206703 1.17483
v -0.403675 0.0254819 1.17542
v -0.407715 0.0288116 1.17647
v -0.412754 0.03 1.17778
v -0.417792 0.0288116 1.17909
v -0.421833 0.0254819 1.18015
v -0.424075 0.0206702 1.18073
v -0.424075 0.0153297 1.18073
v -0.421832 0.0105181 1.18015
v -0.417792 0.00718837 1.17909
v -0.412754 0.006 1.17778
v -0.404102 0.00718837 1.18905
v -0.400109 0.0105181 1.18783
v -0.397893 0.0153298 1.18715
v -0.397893 0.0206703 1.18715
v -0.400109 0.0254819 1.18783
v -0.404102 0.0288116 1.18905
v -0.409082 0.03 1.19057
v -0.414061 0.0288116 1.19209
v -0.418054 0.0254819 1.19331
v -0.42027 0.0206702 1.19399
v -0.42027 0.0153297 1.19399
v -0.418054 0.0105181 1.19331
v -0.414061 0.00718837 1.19209
v -0.409082 0.006 1.19057
v -0.400007 0.00718837 1.20169
v -0.396048 0.0105181 1.20036
v -0.39385 0.0153297 1.19962
v -0.39385 0.0206703 1.19962
v -0.396048 0.0254819 1.20036
v -0.400007 0.0288116 1.20169
v -0.404944 0.03 1.20334
v -0.409881 0.0288116 1.20499
v -0.413841 0.0254819 1.20632
v -0.416038 0.0206702 1.20705
v -0.416038 0.0153297 1.20705
v -0.413841 0.0105181 1.20632
v -0.409881 0.00718837 1.20499
v -0.404944 0.006 1.20334
v -0.395645 0.00718837 1.2143
v -0.391703 0.0105181 1.21293
v -0.389515 0.0153298 1.21216
v -0.389515 0.0206703 1.21216
v -0.391703 0.0254819 1.21293
v -0.395645 0.0288116 1.2143
v -0.400561 0.03 1.21602
v -0.405477 0.0288116 1.21773
v -0.40942 0.0254819 1.21911
v -0.411607 0.0206702 1.21987
v -0.411607 0.0153297 1.21987
v -0.40942 0.0105181 1.21911
v -0.405477 0.00718837 1.21773
v -0.400561 0.006 1.21602
v -0.391234 0.00718837 1.22683
v -0.38729 0.0105181 1.22546
v -0.385101 0.0153298 1.2247
v -0.385101 0.0206703 1.2247
v -0.38729 0.0254819 1.22546
v -0.391234 0.0288116 1.22683
v -0.396153 0.03 1.22854
v -0.401071 0.0288116 1.23025
v -0.405015 0.0254819 1.23162
v -0.407204 0.0206702 1.23238
v -0.407204 0.0153297 1.23238
v -0.405015 0.0105181 1.23162
v -0.401071 0.00718837 1.23025
v -0.396153 0.006 1.22854
v -0.386994 0.00718837 1.23921
v -0.383028 0.0105181 1.2379
v -0.380827 0.0153298 1.23718
v -0.380827 0.0206703 1.23718
v -0.383028 0.0254819 1.2379
v -0.386994 0.0288116 1.23921
v -0.391939 0.03 1.24084
v -0.396884 0.0288116 1.24247
v -0.40085 0.0254819 1.24378
v -0.40305 0.0206702 1.2445
v -0.40305 0.0153297 1.2445
v -0.40085 0.0105181 1.24378
v -0.396884 0.00718837 1.24247
v -0.391939 0.006 1.24084
v -0.383144 0.00718837 1.25138
v -0.379138 0.0105181 1.2502
v -0.376915 0.0153298 1.24955
v -0.376915 0.0206703 1.24955
v -0.379138 0.0254819 1.2502
v -0.383144 0.0288116 1.25138
v -0.388139 0.03 1.25285
v -0.393135 0.0288116 1.25432
v -0.397141 0.0254819 1.25549
v -0.399364 0.0206702 1.25615
v -0.399364 0.0153297 1.25615
v -0.397141 0.0105181 1.25549
v -0.393135 0.00718837 1.25432
v -0.388139 0.006 1.25285
v -0.37991 0.00718837 1.26329
v -0.375848 0.0105181 1.26232
v -0.373594 0.0153298 1.26179
v -0.373594 0.0206703 1.26179
v -0.375848 0.0254819 1.26232
v -0.37991 0.0288116 1.26329
v -0.384974 0.03 1.2645
v -0.390039 0.0288116 1.26571
v -0.394101 0.0254819 1.26668
v -0.396355 0.0206702 1.26721
v -0.396355 0.0153297 1.26721
v -0.394101 0.0105181 1.26668
v -0.390039 0.00718837 1.26571
v -0.384974 0.006 1.2645
v -0.377523 0.00718837 1.2749
v -0.3734 0.0105181 1.27424
v -0.371112 0.0153298 1.27388
v -0.371112 0.0206703 1.27388
v -0.3734 0.0254819 1.27424
v -0.377523 0.0288116 1.2749
v -0.382664 0.03 1.27573
v -0.387805 0.0288116 1.27655
v -0.391928 0.0254819 1.27721
v -0.394216 0.0206702 1.27758
v -0.394216 0.0153297 1.27758
v -0.391928 0.0105181 1.27721
v -0.387805 0.00718837 1.27655
v -0.382664 0.006 1.27573
v -0.37623 0.00718837 1.28617
v -0.372062 0.0105181 1.28593
v -0.369748 0.0153297 1.2858
v -0.369748 0.0206703 1.2858
v -0.372062 0.0254819 1.28593
v -0.37623 0.0288116 1.28617
v -0.381429 0.03 1.28646
v -0.386627 0.0288116 1.28676
v -0.390795 0.0254819 1.287
v -0.393109 0.0206702 1.28713
v -0.393109 0.0153297 1.28713
v -0.390795 0.0105181 1.287
v -0.386627 0.00718837 1.28676
v -0.381429 0.006 1.28646
v -0.376236 0.00718837 1.2971
v -0.372067 0.0105181 1.29733
v -0.369754 0.0153298 1.29746
v -0.369754 0.0206703 1.29746
v -0.372067 0.0254819 1.29733
v -0.376236 0.0288116 1.2971
v -0.381435 0.03 1.29681
v -0.386634 0.0288116 1.29652
v -0.390803 0.0254819 1.29629
v -0.393116 0.0206702 1.29616
v -0.393116 0.0153297 1.29616
v -0.390803 0.0105181 1.29629
v -0.386634 0.00718837 1.29652
v -0.381435 0.006 1.29681
v -0.377407 0.00718837 1.30771
v -0.373281 0.0105181 1.30836
v -0.370992 0.0153298 1.30872
v -0.370992 0.0206703 1.30872
v -0.373281 0.0254819 1.30836
v -0.377407 0.0288116 1.30771
v -0.382551 0.03 1.30691
v -0.387695 0.0288116 1.30611
v -0.391821 0.0254819 1.30546
v -0.39411 0.0206702 1.30511
v -0.39411 0.0153297 1.30511
v -0.391821 0.0105181 1.30546
v -0.387695 0.00718837 1.30611
v -0.382551 0.006 1.30691
v -0.379483 0.00718837 1.31797
v -0.375422 0.0105181 1.31894
v -0.373168 0.0153298 1.31948
v -0.373168 0.0206703 1.31948
v -0.375422 0.0254819 1.31894
v -0.379483 0.0288116 1.31797
v -0.384547 0.03 1.31677
v -0.389612 0.0288116 1.31556
v -0.393673 0.0254819 1.31459
v -0.395927 0.0206702 1.31405
v -0.395927 0.0153297 1.31405
v -0.393673 0.0105181 1.31459
v -0.389612 0.00718837 1.31556
v -0.384547 0.006 1.31677
v -0.382209 0.00718837 1.32788
v -0.378211 0.0105181 1.32908
v -0.375992 0.0153297 1.32975
v -0.375992 0.0206703 1.32975
v -0.378211 0.0254819 1.32908
v -0.382209 0.0288116 1.32788
v -0.387194 0.03 1.32638
v -0.392179 0.0288116 1.32487
v -0.396177 0.0254819 1.32367
v -0.398396 0.0206702 1.323
v -0.398396 0.0153297 1.323
v -0.396177 0.0105181 1.32367
v -0.392179 0.00718837 1.32487
v -0.387194 0.006 1.32638
v -0.385336 0.00718837 1.33743
v -0.381386 0.0105181 1.33878
v -0.379193 0.0153298 1.33953
v -0.379193 0.0206703 1.33953
v -0.381386 0.0254819 1.33878
v -0.385336 0.0288116 1.33743
v -0.390262 0.03 1.33574
v -0.395187 0.0288116 1.33405
v -0.399137 0.0254819 1.3327
v -0.40133 0.0206702 1.33195
v -0.40133 0.0153297 1.33195
v -0.399137 0.0105181 1.3327
v -0.395187 0.00718837 1.33405
v -0.390262 0.006 1.33574
v -0.388622 0.00718837 1.34662
v -0.384694 0.0105181 1.34804
v -0.382514 0.0153298 1.34882
v -0.382514 0.0206703 1.34882
v -0.384694 0.0254819 1.34804
v -0.388622 0.0288116 1.34662
v -0.39352 0.03 1.34486
v -0.398419 0.0288116 1.34309
v -0.402347 0.0254819 1.34168
v -0.404527 0.0206702 1.34089
v -0.404527 0.0153297 1.34089
v -0.402347 0.0105181 1.34168
v -0.398419 0.00718837 1.34309
v -0.39352 0.006 1.34486
v -0.391831 0.00718837 1.35546
v -0.387893 0.0105181 1.35685
v -0.385708 0.0153298 1.35762
v -0.385708 0.0206703 1.35762
v -0.387893 0.0254819 1.35685
v -0.391831 0.0288116 1.35546
v -0.396741 0.03 1.35373
v -0.401651 0.0288116 1.352
v -0.405589 0.0254819 1.35061
v -0.407774 0.0206702 1.34984
v -0.407774 0.0153297 1.34984
v -0.405589 0.0105181 1.35061
v -0.401651 0.00718837 1.352
v -0.396741 0.006 1.35373
v -0.394731 0.00718837 1.36393
v -0.390752 0.0105181 1.3652
v -0.388543 0.0153297 1.3659
v -0.388543 0.0206703 1.3659
v -0.390752 0.0254819 1.3652
v -0.394731 0.0288116 1.36393
v -0.399694 0.03 1.36236
v -0.404656 0.0288116 1.36078
v -0.408636 0.0254819 1.35952
v -0.410845 0.0206702 1.35882
v -0.410845 0.0153297 1.35882
v -0.408636 0.0105181 1.35952
v -0.404656 0.00718837 1.36078
v -0.399694 0.006 1.36236
v -0.397101 0.00718838 1.37201
v -0.393052 0.0105181 1.37303
v -0.390806 0.0153298 1.3736
v -0.390806 0.0206703 1.3736
v -0.393052 0.0254819 1.37303
v -0.397101 0.0288116 1.37201
v -0.402149 0.03 1.37074
v -0.407198 0.0288116 1.36947
v -0.411246 0.0254819 1.36844
v -0.413493 0.0206702 1.36788
v -0.413493 0.0153297 1.36788
v -0.411246 0.0105181 1.36844
v -0.407198 0.00718837 1.36947
v -0.402149 0.006 1.37074
v -0.398732 0.00718837 1.37967
v -0.394606 0.0105181 1.38031
v -0.392316 0.0153298 1.38066
v -0.392316 0.0206703 1.38066
v -0.394606 0.0254819 1.38031
v -0.398732 0.0288116 1.37967
v -0.403878 0.03 1.37888
v -0.409023 0.0288116 1.37808
v -0.413149 0.0254819 1.37744
v -0.415439 0.0206702 1.37709
v -0.415439 0.0153297 1.37709
v -0.413149 0.0105181 1.37744
v -0.409023 0.00718837 1.37808
v -0.403878 0.006 1.37888
v -0.399444 0.00718837 1.38688
v -0.39527 0.0105181 1.38697
v -0.392953 0.0153298 1.38702
v -0.392953 0.0206703 1.38702
v -0.39527 0.0254819 1.38697
v -0.399444 0.0288116 1.38688
v -0.404649 0.03 1.38677
v -0.409855 0.0288116 1.38665
v -0.414029 0.0254819 1.38656
v -0.416346 0.0206702 1.38651
v -0.416346 0.0153297 1.38651
v -0.414029 0.0105181 1.38656
v -0.409855 0.00718837 1.38665
v -0.404649 0.006 1.38677
v -0.399085 0.00718837 1.39364
v -0.394956 0.0105181 1.39302
v -0.392664 0.0153298 1.39268
v -0.392664 0.0206703 1.39268
v -0.394956 0.0254819 1.39302
v -0.399085 0.0288116 1.39364
v -0.404235 0.03 1.39441
v -0.409384 0.0288116 1.39518
v -0.413514 0.0254819 1.3958
v -0.415805 0.0206702 1.39614
v -0.415805 0.0153297 1.39614
v -0.413514 0.0105181 1.3958
v -0.409384 0.00718837 1.39518
v -0.404235 0.006 1.39441
v -0.397509 0.00718837 1.40004
v -0.393583 0.0105181 1.39862
v -0.391404 0.0153298 1.39783
v -0.391404 0.0206703 1.39783
v -0.393583 0.0254819 1.39862
v -0.397509 0.0288116 1.40004
v -0.402404 0.03 1.40181
v -0.4073 0.0288116 1.40358
v -0.411226 0.0254819 1.405
v -0.413405 0.0206702 1.40579
v -0.413405 0.0153297 1.40579
v -0.411226 0.0105181 1.405
v -0.4073 0.00718837 1.40358
v -0.402404 0.006 1.40181
v -0.394508 0.00718837 1.40621
v -0.390963 0.0105181 1.40401
v -0.388995 0.0153298 1.40278
v -0.388995 0.0206703 1.40278
v -0.390963 0.0254819 1.40401
v -0.394508 0.0288116 1.40621
v -0.398929 0.03 1.40896
v -0.403349 0.0288116 1.41171
v -0.406895 0.0254819 1.41392
v -0.408862 0.0206702 1.41514
v -0.408862 0.0153297 1.41514
v -0.406895 0.0105181 1.41392
v -0.403349 0.00718837 1.41171
v -0.398929 0.006 1.40896
v -0.389912 0.00718837 1.41211
v -0.386852 0.0105181 1.40927
v -0.385154 0.0153298 1.40769
v -0.385154 0.0206703 1.40769
v -0.386852 0.0254819 1.40927
v -0.389912 0.0288116 1.41211
v -0.393727 0.03 1.41566
v -0.397542 0.0288116 1.4192
v -0.400602 0.0254819 1.42204
v -0.4023 0.0206702 1.42362
v -0.4023 0.0153297 1.42362
v -0.400602 0.0105181 1.42204
v -0.397542 0.00718837 1.4192
v -0.393727 0.006 1.41566
v -0.38377 0.00718837 1.41765
v -0.381178 0.0105181 1.41438
v -0.379739 0.0153298 1.41256
v -0.379739 0.0206703 1.41256
v -0.381178 0.0254819 1.41438
v -0.38377 0.0288116 1.41765
v -0.387003 0.03 1.42173
v -0.390235 0.0288116 1.42581
v -0.392827 0.0254819 1.42909
v -0.394266 0.0206702 1.4309
v -0.394266 0.0153297 1.4309
v -0.392827 0.0105181 1.42909
v -0.390235 0.00718837 1.42581
v -0.387003 0.006 1.42173
v -0.376195 0.00718837 1.42288
v -0.373984 0.0105181 1.41934
v -0.372757 0.0153298 1.41737
v -0.372757 0.0206703 1.41737
v -0.373984 0.0254819 1.41934
v -0.376195 0.0288116 1.42288
v -0.378952 0.03 1.4273
v -0.381708 0.0288116 1.43171
v -0.383919 0.0254819 1.43525
v -0.385146 0.0206702 1.43722
v -0.385146 0.0153297 1.43722
v -0.383919 0.0105181 1.43525
v -0.381708 0.00718837 1.43171
v -0.378952 0.006 1.4273
v -0.367372 0.00718837 1.42783
v -0.365449 0.0105181 1.42412
v -0.364382 0.0153298 1.42206
v -0.364382 0.0206703 1.42206
v -0.365449 0.0254819 1.42412
v -0.367372 0.0288116 1.42783
v -0.36977 0.03 1.43245
v -0.372169 0.0288116 1.43707
v -0.374092 0.0254819 1.44077
v -0.375159 0.0206702 1.44283
v -0.375159 0.0153297 1.44283
v -0.374092 0.0105181 1.44077
v -0.372169 0.00718837 1.43707
v -0.36977 0.006 1.43245
v -0.35751 0.00718837 1.43254
v -0.355791 0.0105181 1.42874
v -0.354836 0.0153298 1.42662
v -0.354836 0.0206703 1.42662
v -0.355791 0.0254819 1.42874
v -0.35751 0.0288116 1.43254
v -0.359655 0.03 1.43728
v -0.361799 0.0288116 1.44203
v -0.363519 0.0254819 1.44583
v -0.364473 0.0206702 1.44795
v -0.364473 0.0153297 1.44795
v -0.363519 0.0105181 1.44583
v -0.361799 0.00718837 1.44203
v -0.359655 0.006 1.43728
v -0.346821 0.00718837 1.4371
v -0.345234 0.0105181 1.43323
v -0.344353 0.0153298 1.43109
v -0.344353 0.0206703 1.43109
v -0.345234 0.0254819 1.43323
v -0.346821 0.0288116 1.4371
v -0.348801 0.03 1.44191
v -0.350781 0.0288116 1.44673
v -0.352368 0.0254819 1.45059
v -0.353249 0.0206702 1.45273
v -0.353249 0.0153297 1.45273
v -0.352368 0.0105181 1.45059
v -0.350781 0.00718837 1.44673
v -0.348801 0.006 1.44191
v -0.335514 0.00718837 1.44157
v -0.333998 0.0105181 1.43768
v -0.333156 0.0153297 1.43553
v -0.333156 0.0206703 1.43553
v -0.333998 0.0254819 1.43768
v -0.335514 0.0288116 1.44157
v -0.337405 0.03 1.44643
v -0.339296 0.0288116 1.45128
v -0.340813 0.0254819 1.45517
v -0.341654 0.0206702 1.45733
v -0.341654 0.0153297 1.45733
v -0.340813 0.0105181 1.45517
v -0.339296 0.00718837 1.45128
v -0.337405 0.006 1.44643
v -0.323793 0.00718837 1.44607
v -0.322293 0.0105181 1.44217
v -0.321461 0.0153298 1.44001
v -0.321461 0.0206703 1.44001
v -0.322293 0.0254819 1.44217
v -0.323793 0.0288116 1.44607
v -0.325663 0.03 1.45093
v -0.327533 0.0288116 1.45579
v -0.329033 0.0254819 1.45968
v -0.329865 0.0206702 1.46185
v -0.329865 0.0153297 1.46185
v -0.329033 0.0105181 1.45968
v -0.327533 0.00718837 1.45579
v -0.325663 0.006 1.45093
v -0.311859 0.00718837 1.45068
v -0.310325 0.0105181 1.4468
v -0.309474 0.0153298 1.44464
v -0.309474 0.0206703 1.44464
v -0.310325 0.0254819 1.4468
v -0.311859 0.0288116 1.45068
v -0.313772 0.03 1.45552
v -0.315684 0.0288116 1.46036
v -0.317218 0.0254819 1.46425
v -0.318069 0.0206702 1.4664
v -0.318069 0.0153297 1.4664
v -0.317218 0.0105181 1.46425
v -0.315684 0.00718837 1.46036
v -0.313772 0.006 1.45552
v -0.299908 0.00718837 1.4555
v -0.29829 0.0105181 1.45165
v -0.297393 0.0153298 1.44952
v -0.297393 0.0206703 1.44952
v -0.29829 0.0254819 1.45165
v -0.299908 0.0288116 1.4555
v -0.301926 0.03 1.4603
v -0.303944 0.0288116 1.4651
v -0.305562 0.0254819 1.46895
v -0.30646 0.0206702 1.47109
v -0.30646 0.0153297 1.47109
v -0.305562 0.0105181 1.46895
v -0.303944 0.00718837 1.4651
v -0.301926 0.006 1.4603
v -0.288135 0.00718837 1.46065
v -0.286381 0.0105181 1.45686
v -0.285408 0.0153298 1.45476
v -0.285408 0.0206703 1.45476
v -0.286381 0.0254819 1.45686
v -0.288135 0.0288116 1.46065
v -0.290323 0.03 1.46538
v -0.29251 0.0288116 1.4701
v -0.294265 0.0254819 1.47389
v -0.295238 0.0206702 1.47599
v -0.295238 0.0153297 1.47599
v -0.294265 0.0105181 1.47389
v -0.29251 0.00718837 1.4701
v -0.290323 0.006 1.46538
v -0.276732 0.00718837 1.46623
v -0.274785 0.0105181 1.46254
v -0.273706 0.0153297 1.46049
v -0.273706 0.0206703 1.46049
v -0.274785 0.0254819 1.46254
v -0.276732 0.0288116 1.46623
v -0.279158 0.03 1.47084
v -0.281585 0.0288116 1.47545
v -0.283531 0.0254819 1.47914
v -0.284611 0.0206702 1.48119
v -0.284611 0.0153297 1.48119
v -0.283531 0.0105181 1.47914
v -0.281585 0.00718837 1.47545
v -0.279158 0.006 1.47084
v -0.265888 0.00718837 1.47237
v -0.263691 0.0105181 1.46882
v -0.262472 0.0153297 1.46685
v -0.262472 0.0206703 1.46685
v -0.263691 0.0254819 1.46882
v -0.265888 0.0288116 1.47237
v -0.268628 0.03 1.47679
v -0.271368 0.0288116 1.48122
v -0.273565 0.0254819 1.48477
v -0.274784 0.0206703 1.48674
v -0.274784 0.0153297 1.48674
v -0.273565 0.0105181 1.48477
v -0.271368 0.00718837 1.48122
v -0.268628 0.006 1.47679
v -0.255807 0.00718837 1.47917
v -0.253303 0.0105181 1.47583
v -0.251914 0.0153298 1.47398
v -0.251914 0.0206703 1.47398
v -0.253303 0.0254819 1.47583
v -0.255807 0.0288116 1.47917
v -0.258929 0.03 1.48334
v -0.26205 0.0288116 1.48751
v -0.264554 0.0254819 1.49085
v -0.265943 0.0206702 1.4927
v -0.265943 0.0153297 1.4927
v -0.264554 0.0105181 1.49085
v -0.26205 0.00718837 1.48751
v -0.258929 0.006 1.48334
v -0.246448 0.00718837 1.48693
v -0.243646 0.0105181 1.48384
v -0.242091 0.0153298 1.48212
v -0.242091 0.0206703 1.48212
v -0.243646 0.0254819 1.48384
v -0.246448 0.0288116 1.48693
v -0.249942 0.03 1.49079
v -0.253436 0.0288116 1.49465
v -0.256237 0.0254819 1.49775
v -0.257792 0.0206702 1.49947
v -0.257792 0.0153297 1.49947
v -0.256237 0.0105181 1.49775
v -0.253436 0.00718837 1.49465
v -0.249942 0.006 1.49079
v -0.23759 0.00718837 1.49567
v -0.234563 0.0105181 1.4928
v -0.232883 0.0153298 1.4912
v -0.232883 0.0206703 1.4912
v -0.234563 0.0254819 1.4928
v -0.23759 0.0288116 1.49567
v -0.241365 0.03 1.49926
v -0.24514 0.0288116 1.50284
v -0.248167 0.0254819 1.50572
v -0.249847 0.0206702 1.50732
v -0.249847 0.0153297 1.50732
v -0.248167 0.0105181 1.50572
v -0.24514 0.00718837 1.50284
v -0.241365 0.006 1.49926
v -0.229151 0.00718837 1.50515
v -0.225971 0.0105181 1.50244
v -0.224206 0.0153298 1.50094
v -0.224206 0.0206703 1.50094
v -0.225971 0.0254819 1.50244
v -0.229151 0.0288116 1.50515
v -0.233116 0.03 1.50852
v -0.237082 0.0288116 1.51189
v -0.240262 0.0254819 1.5146
v -0.242026 0.0206702 1.5161
v -0.242026 0.0153297 1.5161
v -0.240262 0.0105181 1.5146
v -0.237082 0.00718837 1.51189
v -0.233116 0.006 1.50852
v -0.221029 0.00718837 1.51514
v -0.217752 0.0105181 1.51255
v -0.215934 0.0153298 1.51111
v -0.215934 0.0206703 1.51111
v -0.217752 0.0254819 1.51255
v -0.221029 0.0288116 1.51514
v -0.225115 0.03 1.51836
v -0.229201 0.0288116 1.52159
v -0.232477 0.0254819 1.52418
v -0.234296 0.0206702 1.52562
v -0.234296 0.0153297 1.52562
v -0.232477 0.0105181 1.52418
v -0.229201 0.00718837 1.52159
v -0.225115 0.006 1.51836
v -0.213129 0.00718837 1.52543
v -0.209801 0.0105181 1.52291
v -0.207954 0.0153298 1.52151
v -0.207954 0.0206703 1.52151
v -0.209801 0.0254819 1.52291
v -0.213129 0.0288116 1.52543
v -0.217279 0.03 1.52858
v -0.221429 0.0288116 1.53172
v -0.224757 0.0254819 1.53424
v -0.226604 0.0206702 1.53564
v -0.226604 0.0153297 1.53564
v -0.224757 0.0105181 1.53424
v -0.221429 0.00718837 1.53172
v -0.217279 0.006 1.52858
v -0.205363 0.00718837 1.53581
v -0.202023 0.0105181 1.53331
v -0.200169 0.0153298 1.53192
v -0.200169 0.0206703 1.53192
v -0.202023 0.0254819 1.53331
v -0.205363 0.0288116 1.53581
v -0.209528 0.03 1.53894
v -0.213693 0.0288116 1.54206
v -0.217033 0.0254819 1.54457
v -0.218887 0.0206702 1.54596
v -0.218887 0.0153297 1.54596
v -0.217033 0.0105181 1.54457
v -0.213693 0.00718837 1.54206
v -0.209528 0.006 1.53894
v -0.197648 0.00718837 1.54607
v -0.194334 0.0105181 1.54353
v -0.192495 0.0153297 1.54212
v -0.192495 0.0206703 1.54212
v -0.194334 0.0254819 1.54353
v -0.197648 0.0288116 1.54607
v -0.20178 0.03 1.54924
v -0.205912 0.0288116 1.55241
v -0.209226 0.0254819 1.55495
v -0.211065 0.0206702 1.55636
v -0.211065 0.0153297 1.55636
v -0.209226 0.0105181 1.55495
v -0.205912 0.00718837 1.55241
v -0.20178 0.006 1.54924
v -0.189907 0.00718837 1.55598
v -0.186661 0.0105181 1.55336
v -0.18486 0.0153298 1.5519
v -0.18486 0.0206703 1.5519
v -0.186661 0.0254819 1.55336
v -0.189907 0.0288116 1.55598
v -0.193954 0.03 1.55926
v -0.198001 0.0288116 1.56253
v -0.201247 0.0254819 1.56516
v -0.203048 0.0206702 1.56662
v -0.203048 0.0153297 1.56662
v -0.201247 0.0105181 1.56516
v -0.198001 0.00718837 1.56253
v -0.193954 0.006 1.55926
v -0.182069 0.00718837 1.56533
v -0.178941 0.0105181 1.56257
v -0.177206 0.0153298 1.56103
v -0.177206 0.0206703 1.56103
v -0.178941 0.0254819 1.56257
v -0.182069 0.0288116 1.56533
v -0.185969 0.03 1.56878
v -0.189868 0.0288116 1.57223
v -0.192996 0.0254819 1.575
v -0.194731 0.0206702 1.57653
v -0.194731 0.0153297 1.57653
v -0.192996 0.0105181 1.575
v -0.189868 0.00718837 1.57223
v -0.185969 0.006 1.56878
v -0.174071 0.00718837 1.57391
v -0.171126 0.0105181 1.57095
v -0.169492 0.0153298 1.5693
v -0.169492 0.0206703 1.5693
v -0.171126 0.0254819 1.57095
v -0.174071 0.0288116 1.57391
v -0.177742 0.03 1.5776
v -0.181414 0.0288116 1.58129
v -0.184359 0.0254819 1.58425
v -0.185993 0.0206702 1.58589
v -0.185993 0.0153297 1.58589
v -0.184359 0.0105181 1.58425
v -0.181414 0.00718837 1.58129
v -0.177742 0.006 1.5776
v -0.165857 0.00718837 1.58149
v -0.16318 0.0105181 1.57829
v -0.161695 0.0153297 1.57651
v -0.161695 0.0206703 1.57651
v -0.16318 0.0254819 1.57829
v -0.165857 0.0288116 1.58149
v -0.169194 0.03 1.58549
v -0.172532 0.0288116 1.58949
v -0.175208 0.0254819 1.59269
v -0.176693 0.0206703 1.59447
v -0.176693 0.0153297 1.59447
v -0.175208 0.0105181 1.59269
v -0.172532 0.00718837 1.58949
v -0.169194 0.006 1.58549
v -0.157377 0.00718837 1.5879
v -0.155079 0.0105181 1.58441
v -0.153803 0.0153297 1.58247
v -0.153803 0.0206703 1.58247
v -0.155079 0.0254819 1.58441
v -0.157377 0.0288116 1.5879
v -0.160242 0.03 1.59224
v -0.163108 0.0288116 1.59659
v -0.165406 0.0254819 1.60008
v -0.166681 0.0206702 1.60201
v -0.166681 0.0153297 1.60201
v -0.165406 0.0105181 1.60008
v -0.163108 0.00718837 1.59659
v -0.160242 0.006 1.59224
v -0.148577 0.00718837 1.59293
v -0.14679 0.0105181 1.58916
v -0.145798 0.0153297 1.58707
v -0.145798 0.0206703 1.58707
v -0.14679 0.0254819 1.58916
v -0.148577 0.0288116 1.59293
v -0.150806 0.03 1.59764
v -0.153035 0.0288116 1.60234
v -0.154822 0.0254819 1.60612
v -0.155814 0.0206703 1.60821
v -0.155814 0.0153297 1.60821
v -0.154822 0.0105181 1.60612
v -0.153035 0.00718837 1.60234
v -0.150806 0.006 1.59764
v -0.139317 0.00718837 1.59647
v -0.138125 0.0105181 1.59247
v -0.137463 0.0153297 1.59025
v -0.137463 0.0206703 1.59025
v -0.138125 0.0254819 1.59247
v -0.139317 0.0288116 1.59647
v -0.140804 0.03 1.60146
v -0.14229 0.0288116 1.60645
v -0.143483 0.0254819 1.61046
v -0.144144 0.0206702 1.61268
v -0.144144 0.0153297 1.61268
v -0.143483 0.0105181 1.61046
v -0.14229 0.00718837 1.60645
v -0.140804 0.006 1.60146
v -0.129269 0.00718837 1.59865
v -0.12862 0.0105181 1.59453
v -0.128261 0.0153297 1.59224
v -0.128261 0.0206703 1.59224
v -0.12862 0.0254819 1.59453
v -0.129269 0.0288116 1.59865
v -0.130077 0.03 1.60379
v -0.130886 0.0288116 1.60894
v -0.131534 0.0254819 1.61306
v -0.131894 0.0206702 1.61535
v -0.131894 0.0153297 1.61535
v -0.131534 0.0105181 1.61306
v -0.130886 0.00718837 1.60894
v -0.130077 0.006 1.60379
v -0.118346 0.00718837 1.59972
v -0.118135 0.0105181 1.59555
v -0.118017 0.0153297 1.59324
v -0.118017 0.0206703 1.59324
v -0.118135 0.0254819 1.59555
v -0.118346 0.0288116 1.59972
v -0.11861 0.03 1.60492
v -0.118873 0.0288116 1.61012
v -0.119085 0.0254819 1.61429
v -0.119202 0.0206702 1.61661
v -0.119202 0.0153297 1.61661
v -0.119085 0.0105181 1.61429
v -0.118873 0.00718837 1.61012
v -0.11861 0.006 1.60492
v -0.106714 0.00718837 1.59976
v -0.106862 0.0105181 1.59558
v -0.106944 0.0153297 1.59327
v -0.106944 0.0206703 1.59327
v -0.106862 0.0254819 1.59558
v -0.106714 0.0288116 1.59976
v -0.10653 0.03 1.60496
v -0.106346 0.0288116 1.61016
v -0.106198 0.0254819 1.61434
v -0.106116 0.0206702 1.61665
v -0.106116 0.0153297 1.61665
v -0.106198 0.0105181 1.61434
v -0.106346 0.00718837 1.61016
v -0.10653 0.006 1.60496
v -0.0945173 0.00718837 1.59885
v -0.0949588 0.0105181 1.5947
v -0.0952037 0.0153297 1.59239
v -0.0952037 0.0206703 1.59239
v -0.0949587 0.0254819 1.5947
v -0.0945173 0.0288116 1.59885
v -0.0939668 0.03 1.60403
v -0.0934164 0.0288116 1.60921
v -0.0929749 0.0254819 1.61336
v -0.09273 0.0206702 1.61566
v -0.09273 0.0153297 1.61566
v -0.0929749 0.0105181 1.61336
v -0.0934164 0.00718837 1.60921
v -0.0939668 0.006 1.60403
v -0.0819004 0.00718837 1.5971
v -0.0825825 0.0105181 1.59298
v -0.082961 0.0153297 1.5907
v -0.082961 0.0206703 1.5907
v -0.0825825 0.0254819 1.59298
v -0.0819004 0.0288116 1.5971
v -0.0810499 0.03 1.60224
v -0.0801994 0.0288116 1.60737
v -0.0795173 0.0254819 1.61149
v -0.0791388 0.0206702 1.61378
v -0.0791388 0.0153297 1.61378
v -0.0795173 0.0105181 1.61149
v -0.0801994 0.00718837 1.60737
v -0.0810499 0.006 1.60224
v -0.069006 0.00718837 1.59461
v -0.0698864 0.0105181 1.59053
v -0.070375 0.0153297 1.58827
v -0.070375 0.0206703 1.58827
v -0.0698864 0.0254819 1.59053
v -0.069006 0.0288116 1.59461
v -0.0679082 0.03 1.5997
v -0.0668104 0.0288116 1.60479
v -0.06593 0.0254819 1.60888
v -0.0654414 0.0206702 1.61114
v -0.0654414 0.0153297 1.61114
v -0.06593 0.0105181 1.60888
v -0.0668104 0.00718837 1.60479
v -0.0679082 0.006 1.5997
v -0.0559738 0.00718837 1.5915
v -0.0570188 0.0105181 1.58746
v -0.0575987 0.0153298 1.58522
v -0.0575987 0.0206703 1.58522
v -0.0570188 0.0254819 1.58746
v -0.0559738 0.0288116 1.5915
v -0.0546708 0.03 1.59654
v -0.0533677 0.0288116 1.60158
v -0.0523228 0.0254819 1.60563
v -0.0517429 0.0206702 1.60787
v -0.0517429 0.0153297 1.60787
v -0.0523228 0.0105181 1.60563
v -0.0533677 0.00718837 1.60158
v -0.0546708 0.006 1.59654
v -0.0429413 0.00718837 1.58787
v -0.0441237 0.0105181 1.58387
v -0.0447799 0.0153298 1.58165
v -0.0447799 0.0206703 1.58165
v -0.0441237 0.0254819 1.58387
v -0.0429413 0.0288116 1.58787
v -0.0414668 0.03 1.59287
v -0.0399924 0.0288116 1.59786
v -0.03881 0.0254819 1.60187
v -0.0381538 0.0206702 1.60409
v -0.0381538 0.0153297 1.60409
v -0.03881 0.0105181 1.60187
v -0.0399924 0.00718837 1.59786
v -0.0414668 0.006 1.59287
v -0.0300438 0.00718837 1.58384
v -0.0313416 0.0105181 1.57988
v -0.0320617 0.0153297 1.57767
v -0.0320617 0.0206703 1.57767
v -0.0313416 0.0254819 1.57988
v -0.0300438 0.0288116 1.58384
v -0.0284256 0.03 1.58879
v -0.0268073 0.0288116 1.59374
v -0.0255096 0.0254819 1.59771
v -0.0247894 0.0206702 1.59991
v -0.0247894 0.0153297 1.59991
v -0.0255096 0.0105181 1.59771
v -0.0268073 0.00718837 1.59374
v -0.0284256 0.006 1.58879
v -0.0174153 0.00718837 1.57953
v -0.0188101 0.0105181 1.57559
v -0.0195841 0.0153297 1.57341
v -0.0195841 0.0206703 1.57341
v -0.0188101 0.0254819 1.57559
v -0.0174153 0.0288116 1.57953
v -0.015676 0.03 1.58444
v -0.0139368 0.0288116 1.58934
v -0.012542 0.0254819 1.59328
v -0.0117679 0.0206703 1.59546
v -0.0117679 0.0153297 1.59546
v -0.012542 0.0105181 1.59328
v -0.0139368 0.00718837 1.58934
v -0.015676 0.006 1.58444
v -0.00518836 0.00718837 1.57504
v -0.00666466 0.0105181 1.57113
v -0.00748395 0.0153297 1.56897
v -0.00748395 0.0206703 1.56897
v -0.00666466 0.0254819 1.57113
v -0.00518836 0.0288116 1.57504
v -0.00334743 0.03 1.57991
v -0.00150651 0.0288116 1.58478
v -3.02047e-05 0.0254819 1.58869
v 0.000789083 0.0206703 1.59085
v 0.000789084 0.0153297 1.59085
v -3.02044e-05 0.0105181 1.58869
v -0.00150651 0.00718837 1.58478
v -0.00334743 0.006 1.57991
v 0.00650557 0.00718837 1.57049
v 0.00496141 0.0105181 1.56661
v 0.00410446 0.0153297 1.56446
v 0.00410446 0.0206703 1.56446
v 0.00496141 0.0254819 1.56661
v 0.00650557 0.0288116 1.57049
v 0.0084311 0.03 1.57533
v 0.0103566 0.0288116 1.58017
v 0.0119008 0.0254819 1.58405
v 0.0127577 0.0206703 1.5862
v 0.0127578 0.0153297 1.5862
v 0.0119008 0.0105181 1.58405
v 0.0103566 0.00718837 1.58017
v 0.0084311 0.006 1.57533
v 0.017536 0.00718837 1.566
v 0.0159366 0.0105181 1.56214
v 0.015049 0.0153297 1.56
v 0.015049 0.0206703 1.56
v 0.0159366 0.0254819 1.56214
v 0.017536 0.0288116 1.566
v 0.0195304 0.03 1.57081
v 0.0215249 0.0288116 1.57562
v 0.0231242 0.0254819 1.57948
v 0.0240118 0.0206703 1.58162
v 0.0240118 0.0153297 1.58162
v 0.0231242 0.0105181 1.57948
v 0.0215249 0.00718837 1.57562
v 0.0195304 0.006 1.57081
v 0.0277412 0.00718837 1.56169
v 0.026073 0.0105181 1.55786
v 0.0251473 0.0153297 1.55574
v 0.0251473 0.0206703 1.55574
v 0.026073 0.0254819 1.55786
v 0.0277412 0.0288116 1.56169
v 0.0298214 0.03 1.56646
v 0.0319016 0.0288116 1.57124
v 0.0335698 0.0254819 1.57506
v 0.0344956 0.0206703 1.57719
v 0.0344956 0.0153297 1.57719
v 0.0335698 0.0105181 1.57506
v 0.0319016 0.00718837 1.57124
v 0.0298214 0.006 1.56646
v 0.0372561 0.00718837 1.55741
v 0.035475 0.0105181 1.55364
v 0.0344866 0.0153297 1.55154
v 0.0344866 0.0206703 1.55154
v 0.035475 0.0254819 1.55364
v 0.0372561 0.0288116 1.55741
v 0.039477 0.03 1.56212
v 0.041698 0.0288116 1.56683
v 0.043479 0.0254819 1.57061
v 0.0444674 0.0206702 1.5727
v 0.0444674 0.0153297 1.5727
v 0.043479 0.0105181 1.57061
v 0.041698 0.00718837 1.56683
v 0.039477 0.006 1.56212
v 0.0463698 0.00718837 1.55291
v 0.0444508 0.0105181 1.5492
v 0.0433859 0.0153297 1.54715
v 0.0433859 0.0206703 1.54715
v 0.0444508 0.0254819 1.5492
v 0.0463698 0.0288116 1.55291
v 0.0487628 0.03 1.55754
v 0.0511557 0.0288116 1.56216
v 0.0530747 0.0254819 1.56587
v 0.0541396 0.0206703 1.56793
v 0.0541396 0.0153297 1.56793
v 0.0530747 0.0105181 1.56587
v 0.0511557 0.00718837 1.56216
v 0.0487628 0.006 1.55754
v 0.0551216 0.00718837 1.54817
v 0.0530634 0.0105181 1.54454
v 0.0519212 0.0153297 1.54252
v 0.0519212 0.0206703 1.54252
v 0.0530634 0.0254819 1.54454
v 0.0551216 0.0288116 1.54817
v 0.0576881 0.03 1.5527
v 0.0602547 0.0288116 1.55723
v 0.0623129 0.0254819 1.56087
v 0.0634551 0.0206703 1.56288
v 0.0634551 0.0153297 1.56288
v 0.0623129 0.0105181 1.56087
v 0.0602547 0.00718837 1.55723
v 0.0576881 0.006 1.5527
v 0.0635222 0.00718837 1.5432
v 0.0613244 0.0105181 1.53965
v 0.0601047 0.0153297 1.53768
v 0.0601047 0.0206703 1.53768
v 0.0613244 0.0254819 1.53965
v 0.0635222 0.0288116 1.5432
v 0.0662628 0.03 1.54763
v 0.0690034 0.0288116 1.55205
v 0.0712012 0.0254819 1.5556
v 0.0724209 0.0206703 1.55757
v 0.0724209 0.0153297 1.55757
v 0.0712012 0.0105181 1.5556
v 0.0690034 0.00718837 1.55205
v 0.0662628 0.006 1.54763
v 0.0715823 0.00718837 1.53799
v 0.0692456 0.0105181 1.53453
v 0.0679488 0.0153297 1.53261
v 0.0679488 0.0206703 1.53261
v 0.0692456 0.0254819 1.53453
v 0.0715823 0.0288116 1.53799
v 0.0744962 0.03 1.5423
v 0.07741 0.0288116 1.54662
v 0.0797468 0.0254819 1.55008
v 0.0810436 0.0206703 1.552
v 0.0810436 0.0153297 1.552
v 0.0797468 0.0105181 1.55008
v 0.07741 0.00718837 1.54662
v 0.0744962 0.006 1.5423
v 0.079313 0.00718837 1.53254
v 0.0768391 0.0105181 1.52917
v 0.0754662 0.0153297 1.52731
v 0.0754662 0.0206703 1.52731
v 0.0768391 0.0254819 1.52917
v 0.079313 0.0288116 1.53254
v 0.082398 0.03 1.53673
v 0.0854829 0.0288116 1.54093
v 0.0879568 0.0254819 1.54429
v 0.0893298 0.0206703 1.54616
v 0.0893298 0.0153297 1.54616
v 0.0879568 0.0105181 1.54429
v 0.0854829 0.00718837 1.54093
v 0.082398 0.006 1.53673
v 0.0867252 0.00718837 1.52685
v 0.0841168 0.0105181 1.52359
v 0.0826693 0.0153297 1.52178
v 0.0826693 0.0206703 1.52178
v 0.0841168 0.0254819 1.52359
v 0.0867252 0.0288116 1.52685
v 0.0899777 0.03 1.53092
v 0.0932302 0.0288116 1.53498
v 0.0958385 0.0254819 1.53824
v 0.097286 0.0206703 1.54005
v 0.097286 0.0153297 1.54005
v 0.0958385 0.0105181 1.53824
v 0.0932302 0.00718837 1.53498
v 0.0899777 0.006 1.53092
v 0.0938296 0.00718837 1.52093
v 0.0910907 0.0105181 1.51778
v 0.0895708 0.0153297 1.51603
v 0.0895708 0.0206703 1.51603
v 0.0910907 0.0254819 1.51778
v 0.0938296 0.0288116 1.52093
v 0.0972449 0.03 1.52486
v 0.10066 0.0288116 1.52879
v 0.103399 0.0254819 1.53194
v 0.104919 0.0206703 1.53369
v 0.104919 0.0153297 1.53369
v 0.103399 0.0105181 1.53194
v 0.10066 0.00718837 1.52879
v 0.0972449 0.006 1.52486
v 0.100637 0.00718837 1.51476
v 0.0977724 0.0105181 1.51173
v 0.0961827 0.0153297 1.51004
v 0.0961827 0.0206703 1.51004
v 0.0977724 0.0254819 1.51173
v 0.100637 0.0288116 1.51476
v 0.104209 0.03 1.51855
v 0.107781 0.0288116 1.52234
v 0.110646 0.0254819 1.52538
v 0.112236 0.0206703 1.52706
v 0.112236 0.0153297 1.52706
v 0.110646 0.0105181 1.52538
v 0.107781 0.00718837 1.52234
v 0.104209 0.006 1.51855
v 0.107158 0.00718837 1.50836
v 0.104173 0.0105181 1.50544
v 0.102517 0.0153297 1.50382
v 0.102517 0.0206703 1.50382
v 0.104173 0.0254819 1.50544
v 0.107158 0.0288116 1.50836
v 0.11088 0.03 1.512
v 0.114602 0.0288116 1.51564
v 0.117587 0.0254819 1.51856
v 0.119243 0.0206703 1.52018
v 0.119243 0.0153297 1.52018
v 0.117587 0.0105181 1.51856
v 0.114602 0.00718837 1.51564
v 0.11088 0.006 1.512
v 0.113403 0.00718837 1.50171
v 0.110305 0.0105181 1.49891
v 0.108585 0.0153297 1.49736
v 0.108585 0.0206703 1.49736
v 0.110305 0.0254819 1.49891
v 0.113403 0.0288116 1.50171
v 0.117267 0.03 1.5052
v 0.121131 0.0288116 1.50869
v 0.12423 0.0254819 1.51149
v 0.125949 0.0206703 1.51305
v 0.125949 0.0153297 1.51305
v 0.12423 0.0105181 1.51149
v 0.121131 0.00718837 1.50869
v 0.117267 0.006 1.5052
v 0.119383 0.00718837 1.49482
v 0.116178 0.0105181 1.49215
v 0.114399 0.0153297 1.49066
v 0.114399 0.0206703 1.49066
v 0.116178 0.0254819 1.49215
v 0.119383 0.0288116 1.49482
v 0.12338 0.03 1.49816
v 0.127377 0.0288116 1.5015
v 0.130583 0.0254819 1.50417
v 0.132362 0.0206703 1.50566
v 0.132362 0.0153297 1.50566
v 0.130583 0.0105181 1.50417
v 0.127377 0.00718837 1.5015
v 0.12338 0.006 1.49816
v 0.125107 0.00718837 1.48769
v 0.121802 0.0105181 1.48514
v 0.119968 0.0153297 1.48372
v 0.119968 0.0206703 1.48372
v 0.121802 0.0254819 1.48514
v 0.125107 0.0288116 1.48769
v 0.129228 0.03 1.49087
v 0.13335 0.0288116 1.49405
v 0.136655 0.0254819 1.49661
v 0.138489 0.0206702 1.49802
v 0.138489 0.0153297 1.49802
v 0.136655 0.0105181 1.49661
v 0.13335 0.00718837 1.49405
v 0.129228 0.006 1.49087
v 0.130539 0.00718837 1.48038
v 0.127106 0.0105181 1.478
v 0.1252 0.0153297 1.47668
v 0.1252 0.0206703 1.47668
v 0.127106 0.0254819 1.478
v 0.130539 0.0288116 1.48038
v 0.134821 0.03 1.48334
v 0.139103 0.0288116 1.4863
v 0.142537 0.0254819 1.48868
v 0.144443 0.0206703 1.48999
v 0.144443 0.0153297 1.48999
v 0.142537 0.0105181 1.48868
v 0.139103 0.00718837 1.4863
v 0.134821 0.006 1.48334
v 0.135386 0.00718837 1.47285
v 0.131778 0.0105181 1.47075
v 0.129775 0.0153297 1.46958
v 0.129775 0.0206703 1.46958
v 0.131778 0.0254819 1.47075
v 0.135386 0.0288116 1.47285
v 0.139886 0.03 1.47547
v 0.144386 0.0288116 1.47809
v 0.147994 0.0254819 1.48019
v 0.149997 0.0206703 1.48135
v 0.149997 0.0153297 1.48135
v 0.147994 0.0105181 1.48019
v 0.144386 0.00718837 1.47809
v 0.139886 0.006 1.47547
v 0.139522 0.00718837 1.46495
v 0.135754 0.0105181 1.46315
v 0.133662 0.0153297 1.46216
v 0.133662 0.0206703 1.46216
v 0.135754 0.0254819 1.46315
v 0.139522 0.0288116 1.46495
v 0.144222 0.03 1.46719
v 0.148921 0.0288116 1.46943
v 0.15269 0.0254819 1.47123
v 0.154782 0.0206702 1.47223
v 0.154782 0.0153297 1.47223
v 0.15269 0.0105181 1.47123
v 0.148921 0.00718837 1.46943
v 0.144222 0.006 1.46719
v 0.143108 0.00718837 1.45664
v 0.139226 0.0105181 1.4551
v 0.137072 0.0153297 1.45425
v 0.137072 0.0206703 1.45425
v 0.139226 0.0254819 1.4551
v 0.143108 0.0288116 1.45664
v 0.147949 0.03 1.45856
v 0.152789 0.0288116 1.46047
v 0.156671 0.0254819 1.46201
v 0.158826 0.0206702 1.46286
v 0.158826 0.0153297 1.46286
v 0.156671 0.0105181 1.46201
v 0.152789 0.00718837 1.46047
v 0.147949 0.006 1.45856
v 0.146251 0.00718837 1.44794
v 0.142293 0.0105181 1.44661
v 0.140096 0.0153297 1.44588
v 0.140096 0.0206703 1.44588
v 0.142293 0.0254819 1.44661
v 0.146251 0.0288116 1.44794
v 0.151186 0.03 1.4496
v 0.156122 0.0288116 1.45126
v 0.16008 0.0254819 1.45259
v 0.162276 0.0206703 1.45333
v 0.162276 0.0153297 1.45333
v 0.16008 0.0105181 1.45259
v 0.156122 0.00718837 1.45126
v 0.151186 0.006 1.4496
v 0.149058 0.00718837 1.43891
v 0.145052 0.0105181 1.43773
v 0.142829 0.0153297 1.43708
v 0.142829 0.0206703 1.43708
v 0.145052 0.0254819 1.43773
v 0.149058 0.0288116 1.43891
v 0.154054 0.03 1.44037
v 0.159049 0.0288116 1.44184
v 0.163056 0.0254819 1.44302
v 0.165279 0.0206703 1.44367
v 0.165279 0.0153297 1.44367
v 0.163056 0.0105181 1.44302
v 0.159049 0.00718838 1.44184
v 0.154054 0.006 1.44037
v 0.151641 0.00718837 1.42957
v 0.147607 0.0105181 1.42849
v 0.145368 0.0153297 1.4279
v 0.145368 0.0206703 1.4279
v 0.147607 0.0254819 1.42849
v 0.151641 0.0288116 1.42957
v 0.156671 0.03 1.43092
v 0.161701 0.0288116 1.43226
v 0.165735 0.0254819 1.43334
v 0.167974 0.0206703 1.43394
v 0.167974 0.0153297 1.43394
v 0.165735 0.0105181 1.43334
v 0.161701 0.00718837 1.43226
v 0.156671 0.006 1.43092
v 0.154113 0.00718837 1.41998
v 0.150067 0.0105181 1.41895
v 0.147822 0.0153297 1.41838
v 0.147822 0.0206703 1.41838
v 0.150067 0.0254819 1.41895
v 0.154113 0.0288116 1.41998
v 0.159157 0.03 1.42127
v 0.164202 0.0288116 1.42256
v 0.168248 0.0254819 1.42359
v 0.170493 0.0206703 1.42416
v 0.170493 0.0153297 1.42416
v 0.168248 0.0105181 1.42359
v 0.164202 0.00718837 1.42256
v 0.159157 0.006 1.42127
v 0.15659 0.00718837 1.41018
v 0.152546 0.0105181 1.40914
v 0.150302 0.0153297 1.40857
v 0.150302 0.0206703 1.40857
v 0.152546 0.0254819 1.40914
v 0.15659 0.0288116 1.41018
v 0.161633 0.03 1.41148
v 0.166675 0.0288116 1.41277
v 0.170719 0.0254819 1.41381
v 0.172964 0.0206703 1.41439
v 0.172964 0.0153297 1.41439
v 0.170719 0.0105181 1.41381
v 0.166675 0.00718837 1.41277
v 0.161633 0.006 1.41148
v 0.159192 0.00718837 1.40022
v 0.155163 0.0105181 1.39912
v 0.152927 0.0153297 1.39851
v 0.152927 0.0206703 1.39851
v 0.155163 0.0254819 1.39912
v 0.159192 0.0288116 1.40022
v 0.164216 0.03 1.40158
v 0.169241 0.0288116 1.40295
v 0.17327 0.0254819 1.40404
v 0.175506 0.0206702 1.40465
v 0.175506 0.0153297 1.40465
v 0.17327 0.0105181 1.40404
v 0.169241 0.00718837 1.40295
v 0.164216 0.006 1.40158
v 0.162041 0.00718837 1.39014
v 0.158041 0.0105181 1.38894
v 0.155821 0.0153297 1.38827
v 0.155821 0.0206703 1.38827
v 0.158041 0.0254819 1.38894
v 0.162041 0.0288116 1.39014
v 0.167028 0.03 1.39163
v 0.172016 0.0288116 1.39312
v 0.176015 0.0254819 1.39432
v 0.178235 0.0206703 1.39499
v 0.178235 0.0153297 1.39499
v 0.176015 0.0105181 1.39432
v 0.172016 0.00718837 1.39312
v 0.167028 0.006 1.39163
v 0.165259 0.00718837 1.37998
v 0.161307 0.0105181 1.37864
v 0.159113 0.0153297 1.37789
v 0.159113 0.0206703 1.37789
v 0.161307 0.0254819 1.37864
v 0.165259 0.0288116 1.37998
v 0.170187 0.03 1.38166
v 0.175116 0.0288116 1.38334
v 0.179068 0.0254819 1.38469
v 0.181261 0.0206703 1.38543
v 0.181261 0.0153297 1.38543
v 0.179068 0.0105181 1.38469
v 0.175116 0.00718837 1.38334
v 0.170187 0.006 1.38166
v 0.168972 0.00718837 1.3698
v 0.165089 0.0105181 1.36827
v 0.162934 0.0153297 1.36742
v 0.162934 0.0206703 1.36742
v 0.165089 0.0254819 1.36827
v 0.168972 0.0288116 1.3698
v 0.173814 0.03 1.37172
v 0.178656 0.0288116 1.37363
v 0.182538 0.0254819 1.37517
v 0.184693 0.0206703 1.37602
v 0.184693 0.0153297 1.37602
v 0.182538 0.0105181 1.37517
v 0.178656 0.00718837 1.37363
v 0.173814 0.006 1.37172
v 0.173306 0.00718837 1.35965
v 0.169519 0.0105181 1.35789
v 0.167418 0.0153297 1.35692
v 0.167418 0.0206703 1.35692
v 0.169519 0.0254819 1.35789
v 0.173306 0.0288116 1.35965
v 0.178027 0.03 1.36185
v 0.182748 0.0288116 1.36404
v 0.186535 0.0254819 1.3658
v 0.188636 0.0206702 1.36678
v 0.188636 0.0153297 1.36678
v 0.186535 0.0105181 1.3658
v 0.182748 0.00718837 1.36404
v 0.178027 0.006 1.36185
v 0.1784 0.00718837 1.34955
v 0.174754 0.0105181 1.34752
v 0.172731 0.0153297 1.34639
v 0.172731 0.0206703 1.34639
v 0.174754 0.0254819 1.34752
v 0.1784 0.0288116 1.34955
v 0.182946 0.03 1.35209
v 0.187493 0.0288116 1.35463
v 0.191139 0.0254819 1.35666
v 0.193162 0.0206703 1.35779
v 0.193162 0.0153297 1.35779
v 0.191139 0.0105181 1.35666
v 0.187493 0.00718837 1.35463
v 0.182946 0.006 1.35209
v 0.184597 0.00718837 1.33947
v 0.181129 0.0105181 1.33714
v 0.179205 0.0153297 1.33585
v 0.179205 0.0206703 1.33585
v 0.181129 0.0254819 1.33714
v 0.184597 0.0288116 1.33947
v 0.188921 0.03 1.34237
v 0.193246 0.0288116 1.34527
v 0.196713 0.0254819 1.34759
v 0.198638 0.0206703 1.34889
v 0.198638 0.0153297 1.34889
v 0.196713 0.0105181 1.34759
v 0.193246 0.00718837 1.34527
v 0.188921 0.006 1.34237
v 0.19194 0.00718837 1.3294
v 0.188636 0.0105181 1.32685
v 0.186803 0.0153297 1.32543
v 0.186803 0.0206703 1.32543
v 0.188636 0.0254819 1.32685
v 0.19194 0.0288116 1.3294
v 0.196059 0.03 1.33259
v 0.200178 0.0288116 1.33577
v 0.203481 0.0254819 1.33833
v 0.205314 0.0206703 1.33974
v 0.205314 0.0153298 1.33974
v 0.203481 0.0105181 1.33833
v 0.200178 0.00718837 1.33577
v 0.196059 0.006 1.33259
v 0.200147 0.00718837 1.31937
v 0.196966 0.0105181 1.31667
v 0.195201 0.0153297 1.31517
v 0.195201 0.0206703 1.31517
v 0.196966 0.0254819 1.31667
v 0.200147 0.0288116 1.31937
v 0.204114 0.03 1.32275
v 0.208081 0.0288116 1.32612
v 0.211262 0.0254819 1.32882
v 0.213028 0.0206703 1.33032
v 0.213028 0.0153297 1.33032
v 0.211262 0.0105181 1.32882
v 0.208081 0.00718837 1.32612
v 0.204114 0.006 1.32275
v 0.208978 0.00718837 1.30937
v 0.205877 0.0105181 1.30657
v 0.204157 0.0153297 1.30502
v 0.204157 0.0206703 1.30502
v 0.205877 0.0254819 1.30657
v 0.208978 0.0288116 1.30937
v 0.212844 0.03 1.31285
v 0.216711 0.0288116 1.31634
v 0.219812 0.0254819 1.31914
v 0.221532 0.0206703 1.32069
v 0.221532 0.0153297 1.32069
v 0.219812 0.0105181 1.31914
v 0.216711 0.00718837 1.31634
v 0.212844 0.006 1.31285
v 0.21819 0.00718837 1.29937
v 0.215131 0.0105181 1.29653
v 0.213433 0.0153297 1.29495
v 0.213433 0.0206703 1.29495
v 0.215131 0.0254819 1.29653
v 0.21819 0.0288116 1.29937
v 0.222005 0.03 1.30291
v 0.22582 0.0288116 1.30646
v 0.228879 0.0254819 1.3093
v 0.230577 0.0206703 1.31088
v 0.230577 0.0153298 1.31088
v 0.228879 0.0105181 1.3093
v 0.22582 0.00718837 1.30646
v 0.222005 0.006 1.30291
v 0.227542 0.00718837 1.28938
v 0.224487 0.0105181 1.28654
v 0.222792 0.0153297 1.28496
v 0.222792 0.0206703 1.28496
v 0.224487 0.0254819 1.28654
v 0.227542 0.0288116 1.28938
v 0.231352 0.03 1.29293
v 0.235162 0.0288116 1.29648
v 0.238217 0.0254819 1.29933
v 0.239912 0.0206703 1.30091
v 0.239912 0.0153298 1.30091
v 0.238217 0.0105181 1.29933
v 0.235162 0.00718837 1.29648
v 0.231352 0.006 1.29293
v 0.236792 0.00718837 1.2794
v 0.233704 0.0105181 1.27659
v 0.23199 0.0153297 1.27503
v 0.23199 0.0206703 1.27503
v 0.233704 0.0254819 1.27659
v 0.236791 0.0288116 1.2794
v 0.240642 0.03 1.28291
v 0.244492 0.0288116 1.28641
v 0.24758 0.0254819 1.28923
v 0.249293 0.0206703 1.29078
v 0.249293 0.0153297 1.29078
v 0.24758 0.0105181 1.28923
v 0.244492 0.00718837 1.28641
v 0.240642 0.006 1.28291
v 0.245693 0.00718837 1.26945
v 0.242535 0.0105181 1.26672
v 0.240783 0.0153297 1.2652
v 0.240783 0.0206703 1.2652
v 0.242535 0.0254819 1.26672
v 0.245693 0.0288116 1.26945
v 0.24963 0.03 1.27285
v 0.253568 0.0288116 1.27626
v 0.256725 0.0254819 1.27899
v 0.258477 0.0206703 1.28051
v 0.258477 0.0153297 1.28051
v 0.256725 0.0105181 1.27899
v 0.253568 0.00718837 1.27626
v 0.24963 0.006 1.27285
v 0.254001 0.00718837 1.25953
v 0.250735 0.0105181 1.25693
v 0.248922 0.0153297 1.25548
v 0.248922 0.0206703 1.25548
v 0.250735 0.0254819 1.25693
v 0.254001 0.0288116 1.25953
v 0.258073 0.03 1.26277
v 0.262146 0.0288116 1.26601
v 0.265412 0.0254819 1.26862
v 0.267224 0.0206703 1.27006
v 0.267224 0.0153298 1.27006
v 0.265412 0.0105181 1.26862
v 0.262146 0.00718837 1.26601
v 0.258073 0.006 1.26277
v 0.26147 0.00718837 1.24967
v 0.258056 0.0105181 1.24726
v 0.256162 0.0153297 1.24593
v 0.256162 0.0206703 1.24593
v 0.258056 0.0254819 1.24726
v 0.26147 0.0288116 1.24967
v 0.265727 0.03 1.25266
v 0.269984 0.0288116 1.25566
v 0.273398 0.0254819 1.25807
v 0.275292 0.0206703 1.2594
v 0.275292 0.0153297 1.2594
v 0.273398 0.0105181 1.25807
v 0.269984 0.00718837 1.25566
v 0.265727 0.006 1.25266
v 0.267861 0.00718837 1.2399
v 0.264262 0.0105181 1.23778
v 0.262265 0.0153297 1.2366
v 0.262265 0.0206703 1.2366
v 0.264262 0.0254819 1.23778
v 0.267861 0.0288116 1.2399
v 0.272348 0.03 1.24254
v 0.276835 0.0288116 1.24518
v 0.280433 0.0254819 1.2473
v 0.28243 0.0206703 1.24847
v 0.28243 0.0153297 1.24847
v 0.280433 0.0105181 1.2473
v 0.276835 0.00718837 1.24518
v 0.272348 0.006 1.24254
v 0.272943 0.00718837 1.23026
v 0.269135 0.0105181 1.22855
v 0.267021 0.0153297 1.2276
v 0.267021 0.0206703 1.2276
v 0.269135 0.0254819 1.22855
v 0.272943 0.0288116 1.23026
v 0.277691 0.03 1.2324
v 0.28244 0.0288116 1.23453
v 0.286248 0.0254819 1.23624
v 0.288361 0.0206703 1.23719
v 0.288361 0.0153297 1.23719
v 0.286248 0.0105181 1.23624
v 0.28244 0.00718837 1.23453
v 0.277691 0.006 1.2324
v 0.27651 0.00718837 1.22081
v 0.272497 0.0105181 1.21965
v 0.27027 0.0153297 1.21901
v 0.27027 0.0206703 1.21901
v 0.272497 0.0254819 1.21965
v 0.27651 0.0288116 1.22081
v 0.281514 0.03 1.22224
v 0.286518 0.0288116 1.22368
v 0.29053 0.0254819 1.22484
v 0.292757 0.0206703 1.22548
v 0.292757 0.0153297 1.22548
v 0.29053 0.0105181 1.22484
v 0.286518 0.00718837 1.22368
v 0.281514 0.006 1.22224
v 0.278398 0.00718837 1.2115
v 0.27425 0.0105181 1.21103
v 0.271947 0.0153297 1.21077
v 0.271947 0.0206703 1.21077
v 0.27425 0.0254819 1.21103
v 0.278398 0.0288116 1.2115
v 0.283571 0.03 1.21209
v 0.288745 0.0288116 1.21268
v 0.292893 0.0254819 1.21315
v 0.295195 0.0206703 1.21341
v 0.295195 0.0153297 1.21341
v 0.292893 0.0105181 1.21315
v 0.288745 0.00718837 1.21268
v 0.283571 0.006 1.21209
v 0.278645 0.00718837 1.20208
v 0.274474 0.0105181 1.20227
v 0.27216 0.0153297 1.20238
v 0.27216 0.0206703 1.20238
v 0.274474 0.0254819 1.20227
v 0.278645 0.0288116 1.20208
v 0.283846 0.03 1.20184
v 0.289048 0.0288116 1.2016
v 0.293218 0.0254819 1.20141
v 0.295533 0.0206703 1.2013
v 0.295533 0.0153298 1.2013
v 0.293218 0.0105181 1.20141
v 0.289048 0.00718837 1.2016
v 0.283846 0.006 1.20184
v 0.277479 0.00718837 1.19236
v 0.273371 0.0105181 1.1931
v 0.271092 0.0153297 1.19352
v 0.271092 0.0206703 1.19352
v 0.273371 0.0254819 1.1931
v 0.277479 0.0288116 1.19236
v 0.282602 0.03 1.19143
v 0.287725 0.0288116 1.19049
v 0.291833 0.0254819 1.18975
v 0.294113 0.0206703 1.18933
v 0.294113 0.0153297 1.18933
v 0.291833 0.0105181 1.18975
v 0.287725 0.00718837 1.19049
v 0.282602 0.006 1.19143
v 0.275026 0.00718837 1.18238
v 0.271025 0.0105181 1.18357
v 0.268805 0.0153297 1.18424
v 0.268805 0.0206703 1.18424
v 0.271025 0.0254819 1.18357
v 0.275026 0.0288116 1.18238
v 0.280015 0.03 1.18089
v 0.285004 0.0288116 1.1794
v 0.289005 0.0254819 1.1782
v 0.291225 0.0206703 1.17754
v 0.291225 0.0153297 1.17754
v 0.289005 0.0105181 1.1782
v 0.285004 0.00718837 1.1794
v 0.280015 0.006 1.18089
v 0.271425 0.00718837 1.17219
v 0.267546 0.0105181 1.17373
v 0.265393 0.0153297 1.17459
v 0.265393 0.0206703 1.17459
v 0.267546 0.0254819 1.17373
v 0.271425 0.0288116 1.17219
v 0.276263 0.03 1.17027
v 0.2811 0.0288116 1.16834
v 0.28498 0.0254819 1.1668
v 0.287133 0.0206703 1.16594
v 0.287133 0.0153297 1.16594
v 0.28498 0.0105181 1.1668
v 0.2811 0.00718837 1.16834
v 0.276263 0.006 1.17027
v 0.266831 0.00718837 1.16185
v 0.263069 0.0105181 1.16366
v 0.260981 0.0153297 1.16467
v 0.260981 0.0206703 1.16467
v 0.263069 0.0254819 1.16366
v 0.266831 0.0288116 1.16185
v 0.271522 0.03 1.15959
v 0.276213 0.0288116 1.15734
v 0.279975 0.0254819 1.15552
v 0.282063 0.0206703 1.15452
v 0.282063 0.0153297 1.15452
v 0.279975 0.0105181 1.15552
v 0.276213 0.00718837 1.15734
v 0.271522 0.006 1.15959
v 0.261407 0.00718837 1.15142
v 0.257749 0.0105181 1.15343
v 0.255718 0.0153297 1.15455
v 0.255718 0.0206703 1.15455
v 0.257749 0.0254819 1.15343
v 0.261407 0.0288116 1.15142
v 0.265969 0.03 1.14891
v 0.270532 0.0288116 1.1464
v 0.27419 0.0254819 1.14439
v 0.276221 0.0206703 1.14328
v 0.276221 0.0153297 1.14328
v 0.27419 0.0105181 1.14439
v 0.270532 0.00718837 1.1464
v 0.265969 0.006 1.14891
v 0.255326 0.00718837 1.14095
v 0.251752 0.0105181 1.14311
v 0.249768 0.0153297 1.14431
v 0.249768 0.0206703 1.14431
v 0.251752 0.0254819 1.14311
v 0.255326 0.0288116 1.14095
v 0.259782 0.03 1.13826
v 0.264239 0.0288116 1.13557
v 0.267813 0.0254819 1.13341
v 0.269796 0.0206703 1.13221
v 0.269796 0.0153298 1.13221
v 0.267813 0.0105181 1.13341
v 0.264239 0.00718838 1.13557
v 0.259782 0.006 1.13826
v 0.248761 0.00718837 1.1305
v 0.24525 0.0105181 1.13276
v 0.243302 0.0153297 1.13401
v 0.243302 0.0206703 1.13401
v 0.24525 0.0254819 1.13276
v 0.248761 0.0288116 1.1305
v 0.253138 0.03 1.12768
v 0.257515 0.0288116 1.12486
v 0.261025 0.0254819 1.1226
v 0.262973 0.0206703 1.12134
v 0.262973 0.0153297 1.12134
v 0.261025 0.0105181 1.1226
v 0.257515 0.00718837 1.12486
v 0.253138 0.006 1.12768
v 0.241888 0.00718837 1.1201
v 0.23842 0.0105181 1.12242
v 0.236495 0.0153297 1.12371
v 0.236495 0.0206702 1.12371
v 0.23842 0.0254819 1.12242
v 0.241888 0.0288116 1.1201
v 0.246212 0.03 1.1172
v 0.250537 0.0288116 1.1143
v 0.254005 0.0254819 1.11197
v 0.25593 0.0206703 1.11068
v 0.25593 0.0153298 1.11068
v 0.254005 0.0105181 1.11197
v 0.250537 0.00718838 1.1143
v 0.246212 0.006 1.1172
v 0.234883 0.00718837 1.10979
v 0.231434 0.0105181 1.11215
v 0.22952 0.0153297 1.11345
v 0.22952 0.0206702 1.11345
v 0.231434 0.0254819 1.11215
v 0.234883 0.0288116 1.10979
v 0.239184 0.03 1.10686
v 0.243484 0.0288116 1.10392
v 0.246933 0.0254819 1.10157
v 0.248847 0.0206703 1.10026
v 0.248847 0.0153298 1.10026
v 0.246933 0.0105181 1.10157
v 0.243484 0.00718838 1.10392
v 0.239184 0.006 1.10686
v 0.227923 0.00718837 1.09963
v 0.22447 0.0105181 1.10198
v 0.222554 0.0153297 1.10328
v 0.222554 0.0206702 1.10328
v 0.22447 0.0254819 1.10198
v 0.227922 0.0288116 1.09963
v 0.232228 0.03 1.09671
v 0.236534 0.0288116 1.09378
v 0.239987 0.0254819 1.09143
v 0.241903 0.0206703 1.09013
v 0.241903 0.0153298 1.09013
v 0.239987 0.0105181 1.09143
v 0.236534 0.00718838 1.09378
v 0.232228 0.006 1.09671
v 0.221181 0.00718837 1.08964
v 0.217699 0.0105181 1.09195
v 0.215767 0.0153297 1.09323
v 0.215767 0.0206703 1.09323
v 0.217699 0.0254819 1.09195
v 0.221181 0.0288116 1.08964
v 0.225523 0.03 1.08677
v 0.229865 0.0288116 1.0839
v 0.233347 0.0254819 1.08159
v 0.235279 0.0206703 1.08031
v 0.235279 0.0153298 1.08031
v 0.233347 0.0105181 1.08159
v 0.229865 0.00718837 1.0839
v 0.225523 0.006 1.08677
v 0.214833 0.00718837 1.07986
v 0.211295 0.0105181 1.08208
v 0.209331 0.0153297 1.08331
v 0.209331 0.0206703 1.08331
v 0.211295 0.0254819 1.08208
v 0.214833 0.0288116 1.07986
v 0.219245 0.03 1.07709
v 0.223657 0.0288116 1.07433
v 0.227195 0.0254819 1.07211
v 0.229159 0.0206703 1.07088
v 0.229159 0.0153297 1.07088
v 0.227195 0.0105181 1.07211
v 0.223657 0.00718837 1.07433
v 0.219245 0.006 1.07709
v 0.209064 0.00718837 1.07032
v 0.205449 0.0105181 1.07241
v 0.203443 0.0153297 1.07357
v 0.203443 0.0206703 1.07357
v 0.205449 0.0254819 1.07241
v 0.209064 0.0288116 1.07032
v 0.213571 0.03 1.06771
v 0.218079 0.0288116 1.06511
v 0.221694 0.0254819 1.06302
v 0.2237 0.0206703 1.06186
v 0.2237 0.0153297 1.06186
v 0.221694 0.0105181 1.06302
v 0.218079 0.00718838 1.06511
v 0.213571 0.006 1.06771
v 0.203777 0.00718837 1.06074
v 0.200094 0.0105181 1.06271
v 0.198049 0.0153297 1.0638
v 0.198049 0.0206703 1.0638
v 0.200094 0.0254819 1.06271
v 0.203777 0.0288116 1.06074
v 0.208371 0.03 1.05829
v 0.212965 0.0288116 1.05584
v 0.216649 0.0254819 1.05388
v 0.218694 0.0206703 1.05279
v 0.218694 0.0153297 1.05279
v 0.216649 0.0105181 1.05388
v 0.212965 0.00718837 1.05584
v 0.208371 0.006 1.05829
v 0.198705 0.00718837 1.0509
v 0.194977 0.0105181 1.05278
v 0.192908 0.0153297 1.05382
v 0.192908 0.0206703 1.05382
v 0.194977 0.0254819 1.05278
v 0.198705 0.0288116 1.0509
v 0.203355 0.03 1.04856
v 0.208004 0.0288116 1.04621
v 0.211732 0.0254819 1.04433
v 0.213801 0.0206703 1.04329
v 0.213801 0.0153298 1.04329
v 0.211732 0.0105181 1.04433
v 0.208004 0.00718837 1.04621
v 0.203355 0.006 1.04856
v 0.193781 0.00718837 1.04092
v 0.19003 0.0105181 1.04275
v 0.187948 0.0153297 1.04377
v 0.187948 0.0206703 1.04377
v 0.19003 0.0254819 1.04275
v 0.193781 0.0288116 1.04092
v 0.198459 0.03 1.03863
v 0.203137 0.0288116 1.03634
v 0.206888 0.0254819 1.03451
v 0.20897 0.0206703 1.03349
v 0.20897 0.0153298 1.03349
v 0.206888 0.0105181 1.03451
v 0.203137 0.00718837 1.03634
v 0.198459 0.006 1.03863
v 0.18894 0.00718837 1.03092
v 0.185185 0.0105181 1.03275
v 0.183101 0.0153297 1.03376
v 0.183101 0.0206703 1.03376
v 0.185185 0.0254819 1.03275
v 0.18894 0.0288116 1.03092
v 0.193622 0.03 1.02865
v 0.198305 0.0288116 1.02637
v 0.20206 0.0254819 1.02454
v 0.204144 0.0206703 1.02353
v 0.204144 0.0153297 1.02353
v 0.20206 0.0105181 1.02454
v 0.198305 0.00718837 1.02637
v 0.193622 0.006 1.02865
v 0.184119 0.00718837 1.02105
v 0.180379 0.0105181 1.0229
v 0.178304 0.0153297 1.02393
v 0.178304 0.0206703 1.02393
v 0.180379 0.0254819 1.0229
v 0.184119 0.0288116 1.02105
v 0.188783 0.03 1.01873
v 0.193446 0.0288116 1.01642
v 0.197186 0.0254819 1.01456
v 0.199261 0.0206703 1.01353
v 0.199261 0.0153297 1.01353
v 0.197186 0.0105181 1.01456
v 0.193446 0.00718837 1.01642
v 0.188783 0.006 1.01873
v 0.179259 0.00718837 1.01142
v 0.175555 0.0105181 1.01335
v 0.1735 0.0153297 1.01442
v 0.1735 0.0206703 1.01442
v 0.175555 0.0254819 1.01335
v 0.179259 0.0288116 1.01142
v 0.183878 0.03 1.00902
v 0.188496 0.0288116 1.00661
v 0.1922 0.0254819 1.00468
v 0.194255 0.0206703 1.00361
v 0.194255 0.0153298 1.00361
v 0.1922 0.0105181 1.00468
v 0.188496 0.00718838 1.00661
v 0.183878 0.006 1.00902
v 0.174303 0.00718837 1.00217
v 0.17066 0.0105181 1.00421
v 0.168638 0.0153297 1.00535
v 0.168638 0.0206703 1.00535
v 0.17066 0.0254819 1.00421
v 0.174303 0.0288116 1.00217
v 0.178845 0.03 0.999628
v 0.183387 0.0288116 0.997084
v 0.18703 0.0254819 0.995043
v 0.189051 0.0206703 0.99391
v 0.189051 0.0153297 0.99391
v 0.18703 0.0105181 0.995043
v 0.183387 0.00718837 0.997084
v 0.178845 0.006 0.999628
v 0.169197 0.00718837 0.993442
v 0.165649 0.0105181 0.995642
v 0.163679 0.0153297 0.996863
v 0.163679 0.0206702 0.996863
v 0.165648 0.0254819 0.995642
v 0.169197 0.0288116 0.993442
v 0.173622 0.03 0.990699
v 0.178048 0.0288116 0.987956
v 0.181596 0.0254819 0.985756
v 0.183566 0.0206703 0.984535
v 0.183566 0.0153298 0.984535
v 0.181596 0.0105181 0.985756
v 0.178048 0.00718837 0.987956
v 0.173622 0.006 0.990699
v 0.163895 0.00718837 0.98536
v 0.160485 0.0105181 0.987769
v 0.158592 0.0153297 0.989106
v 0.158592 0.0206702 0.989106
v 0.160485 0.0254819 0.987769
v 0.163895 0.0288116 0.98536
v 0.168148 0.03 0.982356
v 0.172401 0.0288116 0.979353
v 0.175811 0.0254819 0.976944
v 0.177704 0.0206703 0.975607
v 0.177704 0.0153298 0.975607
v 0.175811 0.0105181 0.976944
v 0.172401 0.00718838 0.979353
v 0.168148 0.006 0.982356
v 0.158356 0.00718837 0.978058
v 0.155145 0.0105181 0.980727
v 0.153363 0.0153297 0.982208
v 0.153363 0.0206702 0.982208
v 0.155145 0.0254819 0.980727
v 0.158356 0.0288116 0.978058
v 0.16236 0.03 0.97473
v 0.166364 0.0288116 0.971401
v 0.169575 0.0254819 0.968732
v 0.171357 0.0206703 0.967251
v 0.171357 0.0153298 0.967251
v 0.169575 0.0105181 0.968732
v 0.166364 0.00718837 0.971401
v 0.16236 0.006 0.97473
v 0.152544 0.00718837 0.97166
v 0.149616 0.0105181 0.974636
v 0.147991 0.0153297 0.976288
v 0.147991 0.0206703 0.976288
v 0.149616 0.0254819 0.974636
v 0.152544 0.0288116 0.97166
v 0.156195 0.03 0.967948
v 0.159846 0.0288116 0.964236
v 0.162774 0.0254819 0.96126
v 0.164399 0.0206703 0.959608
v 0.164399 0.0153297 0.959608
v 0.162774 0.0105181 0.96126
v 0.159846 0.00718837 0.964236
v 0.156195 0.006 0.967948
v 0.146428 0.00718837 0.966275
v 0.14389 0.0105181 0.969591
v 0.142482 0.0153297 0.971431
v 0.142482 0.0206703 0.971431
v 0.14389 0.0254819 0.969591
v 0.146428 0.0288116 0.966275
v 0.149592 0.03 0.96214
v 0.152756 0.0288116 0.958005
v 0.155293 0.0254819 0.95469
v 0.156701 0.0206703 0.952849
v 0.156701 0.0153298 0.952849
v 0.155293 0.0105181 0.95469
v 0.152756 0.00718837 0.958005
v 0.149592 0.006 0.96214
v 0.139969 0.00718837 0.961993
v 0.137948 0.0105181 0.965647
v 0.136827 0.0153297 0.967674
v 0.136827 0.0206702 0.967674
v 0.137948 0.0254819 0.965647
v 0.139969 0.0288116 0.961993
v 0.142488 0.03 0.957436
v 0.145007 0.0288116 0.95288
v 0.147028 0.0254819 0.949226
v 0.148149 0.0206703 0.947198
v 0.148149 0.0153298 0.947198
v 0.147028 0.0105181 0.949226
v 0.145007 0.00718837 0.95288
v 0.142488 0.006 0.957436
v 0.133132 0.00718837 0.958889
v 0.131778 0.0105181 0.962839
v 0.131026 0.0153297 0.965031
v 0.131026 0.0206703 0.965031
v 0.131778 0.0254819 0.962839
v 0.133132 0.0288116 0.958889
v 0.134821 0.03 0.953964
v 0.136511 0.0288116 0.949039
v 0.137865 0.0254819 0.94509
v 0.138617 0.0206703 0.942898
v 0.138617 0.0153298 0.942898
v 0.137865 0.0105181 0.94509
v 0.136511 0.00718838 0.949039
v 0.134821 0.006 0.953964
v 0.125743 0.00718837 0.957118
v 0.125136 0.0105181 0.961249
v 0.1248 0.0153297 0.963542
v 0.1248 0.0206703 0.963542
v 0.125136 0.0254819 0.961249
v 0.125743 0.0288116 0.957118
v 0.126499 0.03 0.951967
v 0.127255 0.0288116 0.946815
v 0.127861 0.0254819 0.942684
v 0.128198 0.0206703 0.940391
v 0.128198 0.0153298 0.940391
v 0.127861 0.0105181 0.942684
v 0.127255 0.00718837 0.946815
v 0.126499 0.006 0.951967
v 0.117596 0.00718837 0.95667
v 0.117652 0.0105181 0.960845
v 0.117683 0.0153297 0.963162
v 0.117683 0.0206703 0.963162
v 0.117652 0.0254819 0.960845
v 0.117596 0.0288116 0.95667
v 0.117526 0.03 0.951464
v 0.117455 0.0288116 0.946258
v 0.117399 0.0254819 0.942083
v 0.117368 0.0206703 0.939766
v 0.117368 0.0153298 0.939766
v 0.117399 0.0105181 0.942083
v 0.117455 0.00718838 0.946258
v 0.117526 0.006 0.951464
v 0.108686 0.00718837 0.957416
v 0.109246 0.0105181 0.961554
v 0.109557 0.0153297 0.96385
v 0.109557 0.0206703 0.96385
v 0.109246 0.0254819 0.961554
v 0.108686 0.0288116 0.957416
v 0.107988 0.03 0.952257
v 0.10729 0.0288116 0.947097
v 0.10673 0.0254819 0.942959
v 0.106419 0.0206703 0.940663
v 0.106419 0.0153297 0.940663
v 0.10673 0.0105181 0.942959
v 0.10729 0.00718837 0.947097
v 0.107988 0.006 0.952257
v 0.0991261 0.00718837 0.95922
v 0.100052 0.0105181 0.963291
v 0.100565 0.0153297 0.965551
v 0.100565 0.0206703 0.965551
v 0.100052 0.0254819 0.963291
v 0.0991261 0.0288116 0.95922
v 0.0979719 0.03 0.954143
v 0.0968178 0.0288116 0.949066
v 0.0958923 0.0254819 0.944994
v 0.0953786 0.0206703 0.942735
v 0.0953786 0.0153298 0.942735
v 0.0958923 0.0105181 0.944994
v 0.0968178 0.00718837 0.949066
v 0.0979719 0.006 0.954143
v 0.0890382 0.00718837 0.961915
v 0.0902205 0.0105181 0.96592
v 0.0908767 0.0153297 0.968142
v 0.0908767 0.0206702 0.968142
v 0.0902205 0.0254819 0.96592
v 0.0890382 0.0288116 0.961915
v 0.0875638 0.03 0.956922
v 0.0860894 0.0288116 0.951928
v 0.0849071 0.0254819 0.947924
v 0.0842509 0.0206703 0.945702
v 0.0842509 0.0153298 0.945702
v 0.0849071 0.0105181 0.947924
v 0.0860894 0.00718837 0.951928
v 0.0875638 0.006 0.956922
v 0.0785389 0.00718837 0.965318
v 0.0798938 0.0105181 0.969267
v 0.0806456 0.0153297 0.971459
v 0.0806456 0.0206703 0.971459
v 0.0798938 0.0254819 0.969267
v 0.0785389 0.0288116 0.965318
v 0.0768495 0.03 0.960393
v 0.07516 0.0288116 0.955468
v 0.0738052 0.0254819 0.951518
v 0.0730533 0.0206703 0.949327
v 0.0730533 0.0153298 0.949327
v 0.0738052 0.0105181 0.951518
v 0.07516 0.00718837 0.955468
v 0.0768495 0.006 0.960393
v 0.0677358 0.00718837 0.969233
v 0.0691958 0.0105181 0.973145
v 0.070006 0.0153297 0.975316
v 0.070006 0.0206703 0.975316
v 0.0691958 0.0254819 0.973145
v 0.0677358 0.0288116 0.969233
v 0.0659152 0.03 0.964355
v 0.0640946 0.0288116 0.959477
v 0.0626346 0.0254819 0.955565
v 0.0618243 0.0206703 0.953394
v 0.0618243 0.0153298 0.953394
v 0.0626346 0.0105181 0.955565
v 0.0640946 0.00718837 0.959477
v 0.0659152 0.006 0.964355
v 0.0567276 0.00718837 0.973462
v 0.0582359 0.0105181 0.977356
v 0.0590729 0.0153297 0.979517
v 0.0590729 0.0206703 0.979517
v 0.0582359 0.0254819 0.977356
v 0.0567276 0.0288116 0.973462
v 0.0548469 0.03 0.968607
v 0.0529662 0.0288116 0.963752
v 0.051458 0.0254819 0.959859
v 0.050621 0.0206703 0.957698
v 0.050621 0.0153298 0.957698
v 0.051458 0.0105181 0.959859
v 0.0529662 0.00718838 0.963752
v 0.0548469 0.006 0.968607
v 0.0456066 0.00718837 0.977806
v 0.0471108 0.0105181 0.981701
v 0.0479456 0.0153297 0.983862
v 0.0479456 0.0206703 0.983862
v 0.0471108 0.0254819 0.981701
v 0.0456066 0.0288116 0.977806
v 0.0437309 0.03 0.972949
v 0.0418551 0.0288116 0.968092
v 0.0403509 0.0254819 0.964197
v 0.0395161 0.0206703 0.962035
v 0.0395161 0.0153298 0.962035
v 0.0403509 0.0105181 0.964197
v 0.0418551 0.00718837 0.968092
v 0.0437309 0.006 0.972949
v 0.0344585 0.00718837 0.982062
v 0.0359063 0.0105181 0.985979
v 0.0367098 0.0153297 0.988152
v 0.0367098 0.0206703 0.988152
v 0.0359063 0.0254819 0.985979
v 0.0344585 0.0288116 0.982062
v 0.0326531 0.03 0.977179
v 0.0308476 0.0288116 0.972295
v 0.0293998 0.0254819 0.968379
v 0.0285963 0.0206703 0.966205
v 0.0285963 0.0153298 0.966205
v 0.0293998 0.0105181 0.968379
v 0.0308476 0.00718837 0.972295
v 0.0326531 0.006 0.977179
v 0.0233629 0.00718837 0.98603
v 0.0246968 0.0105181 0.989986
v 0.025437 0.0153297 0.992182
v 0.025437 0.0206702 0.992182
v 0.0246968 0.0254819 0.989986
v 0.0233629 0.0288116 0.98603
v 0.0216996 0.03 0.981096
v 0.0200363 0.0288116 0.976162
v 0.0187024 0.0254819 0.972206
v 0.0179622 0.0206703 0.97001
v 0.0179622 0.0153298 0.97001
v 0.0187024 0.0105181 0.972206
v 0.0200363 0.00718838 0.976162
v 0.0216996 0.006 0.981096
v 0.0123927 0.00718837 0.989505
v 0.0135443 0.0105181 0.993518
v 0.0141834 0.0153297 0.995745
v 0.0141834 0.0206702 0.995745
v 0.0135443 0.0254819 0.993518
v 0.0123927 0.0288116 0.989505
v 0.0109566 0.03 0.9845
v 0.00952059 0.0288116 0.979495
v 0.00836898 0.0254819 0.975482
v 0.00772988 0.0206703 0.973255
v 0.00772988 0.0153298 0.973255
v 0.00836898 0.0105181 0.975482
v 0.00952059 0.00718838 0.979495
v 0.0109566 0.006 0.9845
v 0.00161219 0.00718837 0.992279
v 0.00249592 0.0105181 0.996359
v 0.00298636 0.0153297 0.998624
v 0.00298636 0.0206703 0.998624
v 0.00249592 0.0254819 0.996359
v 0.00161219 0.0288116 0.992279
v 0.00051019 0.03 0.98719
v -0.000591807 0.0288116 0.982101
v -0.00147554 0.0254819 0.97802
v -0.00196598 0.0206703 0.975756
v -0.00196598 0.0153298 0.975756
v -0.00147554 0.0105181 0.97802
v -0.000591808 0.00718837 0.982101
v 0.00051019 0.006 0.98719
v -0.00879486 0.00718837 0.994115
v -0.00818643 0.0105181 0.998246
v -0.00784877 0.0153297 1.00054
v -0.00784877 0.0206703 1.00054
v -0.00818643 0.0254819 0.998246
v -0.00879486 0.0288116 0.994115
v -0.00955357 0.03 0.988964
v -0.0103123 0.0288116 0.983813
v -0.0109207 0.0254819 0.979683
v -0.0112584 0.0206703 0.97739
v -0.0112584 0.0153298 0.97739
v -0.0109207 0.0105181 0.979683
v -0.0103123 0.00718837 0.983813
v -0.00955357 0.006 0.988964
v -0.0186927 0.00718837 0.99529
v -0.0182375 0.0105181 0.999441
v -0.0179849 0.0153297 1.00174
v -0.0179849 0.0206703 1.00174
v -0.0182375 0.0254819 0.999441
v -0.0186927 0.0288116 0.99529
v -0.0192602 0.03 0.990115
v -0.0198278 0.0288116 0.984939
v -0.0202829 0.0254819 0.980789
v -0.0205355 0.0206703 0.978485
v -0.0205355 0.0153298 0.978485
v -0.0202829 0.0105181 0.980789
v -0.0198278 0.00718838 0.984939
v -0.0192602 0.006 0.990115
v -0.0282498 0.00718837 0.996254
v -0.0278691 0.0105181 1.00041
v -0.0276578 0.0153297 1.00272
v -0.0276578 0.0206702 1.00272
v -0.0278691 0.0254819 1.00041
v -0.0282498 0.0288116 0.996254
v -0.0287245 0.03 0.991069
v -0.0291992 0.0288116 0.985884
v -0.0295799 0.0254819 0.981726
v -0.0297911 0.0206703 0.979419
v -0.0297911 0.0153298 0.979419
v -0.0295799 0.0105181 0.981726
v -0.0291992 0.00718838 0.985884
v -0.0287245 0.006 0.991069
v -0.0376166 0.00718837 0.997025
v -0.0373137 0.0105181 1.00119
v -0.0371456 0.0153297 1.0035
v -0.0371456 0.0206702 1.0035
v -0.0373137 0.0254819 1.00119
v -0.0376166 0.0288116 0.997025
v -0.0379943 0.03 0.991832
v -0.038372 0.0288116 0.986639
v -0.0386749 0.0254819 0.982475
v -0.0388429 0.0206703 0.980163
v -0.0388429 0.0153298 0.980163
v -0.0386749 0.0105181 0.982475
v -0.038372 0.00718838 0.986639
v -0.0379943 0.006 0.991832
v -0.0468395 0.00718837 0.997607
v -0.0466166 0.0105181 1.00178
v -0.0464929 0.0153297 1.00409
v -0.0464929 0.0206702 1.00409
v -0.0466166 0.0254819 1.00178
v -0.0468395 0.0288116 0.997607
v -0.0471173 0.03 0.992408
v -0.0473952 0.0288116 0.987209
v -0.0476181 0.0254819 0.98304
v -0.0477418 0.0206703 0.980726
v -0.0477418 0.0153298 0.980726
v -0.0476181 0.0105181 0.98304
v -0.0473952 0.00718837 0.987209
v -0.0471173 0.006 0.992408
v -0.0559647 0.00718837 0.998006
v -0.0558229 0.0105181 1.00218
v -0.0557442 0.0153297 1.0045
v -0.0557442 0.0206702 1.0045
v -0.0558229 0.0254819 1.00218
v -0.0559647 0.0288116 0.998006
v -0.0561416 0.03 0.992803
v -0.0563184 0.0288116 0.987599
v -0.0564602 0.0254819 0.983426
v -0.0565389 0.0206703 0.98111
v -0.0565389 0.0153298 0.98111
v -0.0564602 0.0105181 0.983426
v -0.0563184 0.00718838 0.987599
v -0.0561416 0.006 0.992803
v -0.0650385 0.00718837 0.998226
v -0.0649773 0.0105181 1.0024
v -0.0649434 0.0153297 1.00472
v -0.0649434 0.0206702 1.00472
v -0.0649773 0.0254819 1.0024
v -0.0650385 0.0288116 0.998226
v -0.0651148 0.03 0.99302
v -0.0651911 0.0288116 0.987814
v -0.0652523 0.0254819 0.983639
v -0.0652862 0.0206703 0.981323
v -0.0652862 0.0153298 0.981323
v -0.0652523 0.0105181 0.983639
v -0.0651911 0.00718837 0.987814
v -0.0651148 0.006 0.99302
v -0.0741069 0.00718837 0.998272
v -0.0741245 0.0105181 1.00245
v -0.0741343 0.0153297 1.00476
v -0.0741343 0.0206702 1.00476
v -0.0741245 0.0254819 1.00245
v -0.0741069 0.0288116 0.998272
v -0.0740848 0.03 0.993066
v -0.0740628 0.0288116 0.987859
v -0.0740451 0.0254819 0.983684
v -0.0740353 0.0206703 0.981367
v -0.0740353 0.0153298 0.981367
v -0.0740451 0.0105181 0.983684
v -0.0740628 0.00718837 0.987859
v -0.0740848 0.006 0.993066
v -0.083216 0.00718837 0.998149
v -0.0833095 0.0105181 1.00232
v -0.0833613 0.0153297 1.00464
v -0.0833613 0.0206702 1.00464
v -0.0833095 0.0254819 1.00232
v -0.083216 0.0288116 0.998149
v -0.0830995 0.03 0.992944
v -0.0829829 0.0288116 0.987739
v -0.0828895 0.0254819 0.983564
v -0.0828376 0.0206703 0.981248
v -0.0828376 0.0153298 0.981248
v -0.0828895 0.0105181 0.983564
v -0.082983 0.00718837 0.987739
v -0.0830995 0.006 0.992944
v -0.0924124 0.00718837 0.997862
v -0.0925774 0.0105181 1.00203
v -0.0926689 0.0153297 1.00435
v -0.0926689 0.0206702 1.00435
v -0.0925774 0.0254819 1.00203
v -0.0924124 0.0288116 0.997862
v -0.0922066 0.03 0.992659
v -0.0920009 0.0288116 0.987457
v -0.0918359 0.0254819 0.983285
v -0.0917443 0.0206703 0.980969
v -0.0917443 0.0153298 0.980969
v -0.0918359 0.0105181 0.983285
v -0.0920009 0.00718837 0.987457
v -0.0922066 0.006 0.992659
v -0.101742 0.00718837 0.997415
v -0.101974 0.0105181 1.00158
v -0.102102 0.0153297 1.0039
v -0.102102 0.0206702 1.0039
v -0.101974 0.0254819 1.00158
v -0.101742 0.0288116 0.997415
v -0.101454 0.03 0.992217
v -0.101166 0.0288116 0.987018
v -0.100934 0.0254819 0.982849
v -0.100806 0.0206703 0.980536
v -0.100806 0.0153298 0.980536
v -0.100934 0.0105181 0.982849
v -0.101166 0.00718838 0.987018
v -0.101454 0.006 0.992217
v -0.111253 0.00718837 0.996815
v -0.111545 0.0105181 1.00098
v -0.111707 0.0153297 1.00329
v -0.111707 0.0206702 1.00329
v -0.111545 0.0254819 1.00098
v -0.111253 0.0288116 0.996815
v -0.11089 0.03 0.991621
v -0.110526 0.0288116 0.986427
v -0.110234 0.0254819 0.982262
v -0.110073 0.0206703 0.979951
v -0.110073 0.0153298 0.979951
v -0.110234 0.0105181 0.982262
v -0.110526 0.00718837 0.986427
v -0.11089 0.006 0.991621
v -0.120992 0.00718837 0.996066
v -0.121337 0.0105181 1.00023
v -0.121529 0.0153297 1.00254
v -0.121529 0.0206702 1.00254
v -0.121337 0.0254819 1.00023
v -0.120992 0.0288116 0.996066
v -0.120561 0.03 0.990878
v -0.12013 0.0288116 0.985689
v -0.119785 0.0254819 0.981528
v -0.119593 0.0206703 0.979218
v -0.119593 0.0153298 0.979218
v -0.119785 0.0105181 0.981528
v -0.12013 0.00718837 0.985689
v -0.120561 0.006 0.990878
v -0.131006 0.00718837 0.995174
v -0.131399 0.0105181 0.999331
v -0.131616 0.0153297 1.00164
v -0.131616 0.0206702 1.00164
v -0.131399 0.0254819 0.999331
v -0.131006 0.0288116 0.995174
v -0.130517 0.03 0.98999
v -0.130027 0.0288116 0.984807
v -0.129635 0.0254819 0.98065
v -0.129417 0.0206703 0.978343
v -0.129417 0.0153298 0.978343
v -0.129635 0.0105181 0.98065
v -0.130027 0.00718837 0.984807
v -0.130517 0.006 0.98999
v -0.141467 0.00718837 0.994128
v -0.141999 0.0105181 0.99827
v -0.142295 0.0153297 1.00057
v -0.142295 0.0206703 1.00057
v -0.141999 0.0254819 0.99827
v -0.141467 0.0288116 0.994128
v -0.140804 0.03 0.988964
v -0.14014 0.0288116 0.9838
v -0.139608 0.0254819 0.979659
v -0.139313 0.0206703 0.977361
v -0.139313 0.0153298 0.977361
v -0.139608 0.0105181 0.979659
v -0.14014 0.00718837 0.9838
v -0.140804 0.006 0.988964
v -0.152558 0.00718837 0.99238
v -0.153376 0.0105181 0.996474
v -0.15383 0.0153297 0.998746
v -0.15383 0.0206702 0.998746
v -0.153376 0.0254819 0.996474
v -0.152558 0.0288116 0.99238
v -0.151537 0.03 0.987274
v -0.150516 0.0288116 0.982169
v -0.149698 0.0254819 0.978074
v -0.149244 0.0206703 0.975802
v -0.149244 0.0153298 0.975802
v -0.149698 0.0105181 0.978074
v -0.150516 0.00718838 0.982169
v -0.151537 0.006 0.987274
v -0.164114 0.00718837 0.989574
v -0.165213 0.0105181 0.993602
v -0.165824 0.0153297 0.995837
v -0.165824 0.0206702 0.995837
v -0.165213 0.0254819 0.993602
v -0.164114 0.0288116 0.989574
v -0.162742 0.03 0.984551
v -0.161371 0.0288116 0.979528
v -0.160271 0.0254819 0.9755
v -0.159661 0.0206703 0.973265
v -0.159661 0.0153298 0.973265
v -0.160271 0.0105181 0.9755
v -0.161371 0.00718838 0.979528
v -0.162742 0.006 0.984551
v -0.175933 0.00718837 0.985989
v -0.177216 0.0105181 0.989962
v -0.177928 0.0153297 0.992167
v -0.177928 0.0206703 0.992167
v -0.177216 0.0254819 0.989962
v -0.175933 0.0288116 0.985989
v -0.174334 0.03 0.981034
v -0.172734 0.0288116 0.976079
v -0.171451 0.0254819 0.972106
v -0.170739 0.0206703 0.9699
v -0.170739 0.0153298 0.9699
v -0.171451 0.0105181 0.972106
v -0.172734 0.00718837 0.976079
v -0.174334 0.006 0.981034
v -0.187955 0.00718837 0.981872
v -0.189343 0.0105181 0.98581
v -0.190113 0.0153297 0.987996
v -0.190113 0.0206703 0.987996
v -0.189343 0.0254819 0.98581
v -0.187955 0.0288116 0.981872
v -0.186225 0.03 0.976962
v -0.184494 0.0288116 0.972051
v -0.183106 0.0254819 0.968113
v -0.182336 0.0206703 0.965928
v -0.182336 0.0153298 0.965928
v -0.183106 0.0105181 0.968113
v -0.184494 0.00718837 0.972051
v -0.186225 0.006 0.976962
v -0.200109 0.00718837 0.977467
v -0.201536 0.0105181 0.981391
v -0.202328 0.0153297 0.983568
v -0.202328 0.0206703 0.983568
v -0.201536 0.0254819 0.981391
v -0.200109 0.0288116 0.977467
v -0.198329 0.03 0.972574
v -0.196549 0.0288116 0.967681
v -0.195122 0.0254819 0.963757
v -0.19433 0.0206703 0.96158
v -0.19433 0.0153298 0.96158
v -0.195122 0.0105181 0.963757
v -0.196549 0.00718837 0.967681
v -0.198329 0.006 0.972574
v -0.212315 0.00718837 0.973012
v -0.213721 0.0105181 0.976944
v -0.214502 0.0153297 0.979125
v -0.214502 0.0206703 0.979125
v -0.213721 0.0254819 0.976944
v -0.212315 0.0288116 0.973012
v -0.210561 0.03 0.96811
v -0.208808 0.0288116 0.963207
v -0.207401 0.0254819 0.959276
v -0.206621 0.0206703 0.957094
v -0.206621 0.0153298 0.957094
v -0.207401 0.0105181 0.959276
v -0.208808 0.00718837 0.963207
v -0.210561 0.006 0.96811
v -0.224487 0.00718837 0.968745
v -0.225812 0.0105181 0.972705
v -0.226547 0.0153297 0.974902
v -0.226547 0.0206702 0.974902
v -0.225812 0.0254819 0.972705
v -0.224487 0.0288116 0.968746
v -0.222835 0.03 0.963808
v -0.221183 0.0288116 0.95887
v -0.219858 0.0254819 0.954911
v -0.219122 0.0206703 0.952714
v -0.219122 0.0153298 0.952714
v -0.219858 0.0105181 0.954911
v -0.221183 0.00718838 0.95887
v -0.222835 0.006 0.963808
v -0.236532 0.00718837 0.964903
v -0.23771 0.0105181 0.968909
v -0.238363 0.0153297 0.971132
v -0.238363 0.0206702 0.971132
v -0.23771 0.0254819 0.968909
v -0.236532 0.0288116 0.964903
v -0.235064 0.03 0.959908
v -0.233595 0.0288116 0.954913
v -0.232418 0.0254819 0.950907
v -0.231764 0.0206703 0.948684
v -0.231764 0.0153298 0.948684
v -0.232418 0.0105181 0.950907
v -0.233595 0.00718838 0.954913
v -0.235064 0.006 0.959908
v -0.248351 0.00718837 0.961718
v -0.249304 0.0105181 0.965783
v -0.249833 0.0153297 0.968039
v -0.249833 0.0206702 0.968039
v -0.249304 0.0254819 0.965783
v -0.248351 0.0288116 0.961718
v -0.247162 0.03 0.956649
v -0.245973 0.0288116 0.95158
v -0.24502 0.0254819 0.947515
v -0.244491 0.0206703 0.945259
v -0.244491 0.0153298 0.945259
v -0.24502 0.0105181 0.947515
v -0.245973 0.00718837 0.95158
v -0.247162 0.006 0.956649
v -0.259837 0.00718837 0.959416
v -0.260473 0.0105181 0.963543
v -0.260826 0.0153297 0.965833
v -0.260826 0.0206702 0.965833
v -0.260473 0.0254819 0.963543
v -0.259837 0.0288116 0.959416
v -0.259043 0.03 0.95427
v -0.25825 0.0288116 0.949125
v -0.257614 0.0254819 0.944998
v -0.257261 0.0206703 0.942708
v -0.257261 0.0153298 0.942708
v -0.257614 0.0105181 0.944998
v -0.25825 0.00718837 0.949125
v -0.259043 0.006 0.95427
v -0.270881 0.00718837 0.958211
v -0.271089 0.0105181 0.962381
v -0.271204 0.0153297 0.964695
v -0.271204 0.0206702 0.964695
v -0.271089 0.0254819 0.962381
v -0.270881 0.0288116 0.958211
v -0.270622 0.03 0.953011
v -0.270363 0.0288116 0.947811
v -0.270155 0.0254819 0.94364
v -0.27004 0.0206703 0.941326
v -0.27004 0.0153298 0.941326
v -0.270155 0.0105181 0.94364
v -0.270363 0.00718837 0.947811
v -0.270622 0.006 0.953011
v -0.28138 0.00718837 0.958298
v -0.281034 0.0105181 0.962459
v -0.280842 0.0153297 0.964769
v -0.280842 0.0206702 0.964769
v -0.281034 0.0254819 0.962459
v -0.28138 0.0288116 0.958298
v -0.281811 0.03 0.95311
v -0.282243 0.0288116 0.947921
v -0.282588 0.0254819 0.94376
v -0.28278 0.0206703 0.941451
v -0.28278 0.0153298 0.941451
v -0.282588 0.0105181 0.94376
v -0.282243 0.00718837 0.947921
v -0.281811 0.006 0.95311
v -0.291258 0.00718837 0.959856
v -0.290241 0.0105181 0.963906
v -0.289677 0.0153298 0.966153
v -0.289677 0.0206703 0.966153
v -0.290241 0.0254819 0.963906
v -0.291258 0.0288116 0.959856
v -0.292526 0.03 0.954806
v -0.293793 0.0288116 0.949756
v -0.29481 0.0254819 0.945706
v -0.295374 0.0206702 0.943459
v -0.295374 0.0153297 0.943459
v -0.29481 0.0105181 0.945706
v -0.293793 0.00718837 0.949756
v -0.292526 0.006 0.954806
f 4601 4615 4628 4614
f 4602 4616 4615 4601
f 4603 4617 4616 4602
f 4604 4618 4617 4603
f 4605 4619 4618 4604
f 4606 4620 4619 4605
f 4607 4621 4620 4606
f 4608 4622 4621 4607
f 4609 4623 4622 4608
f 4610 4624 4623 4609
f 4611 4625 4624 4610
f 4612 4626 4625 4611
f 4613 4627 4626 4612
f 4614 4628 4627 4613
f 4615 4629 4642 4628
f 4616 4630 4629 4615
f 4617 4631 4630 4616
f 4618 4632 4631 4617
f 4619 4633 4632 4618
f 4620 4634 4633 4619
f 4621 4635 4634 4620
f 4622 4636 4635 4621
f 4623 4637 4636 4622
f 4624 4638 4637 4623
f 4625 4639 4638 4624
f 4626 4640 4639 4625
f 4627 4641 4640 4626
f 4628 4642 4641 4627
f 4629 4643 4656 4642
f 4630 4644 4643 4629
f 4631 4645 4644 4630
f 4632 4646 4645 4631
f 4633 4647 4646 4632
f 4634 4648 4647 4633
f 4635 4649 4648 4634
f 4636 4650 4649 4635
f 4637 4651 4650 4636
f 4638 4652 4651 4637
f 4639 4653 4652 4638
f 4640 4654 4653 4639
f 4641 4655 4654 4640
f 4642 4656 4655 4641
f 4643 4657 4670 4656
f 4644 4658 4657 4643
f 4645 4659 4658 4644
f 4646 4660 4659 4645
f 4647 4661 4660 4646
f 4648 4662 4661 4647
f 4649 4663 4662 4648
f 4650 4664 4663 4649
f 4651 4665 4664 4650
f 4652 4666 4665 4651
f 4653 4667 4666 4652
f 4654 4668 4667 4653
f 4655 4669 4668 4654
f 4656 4670 4669 4655
f 4657 4671 4684 4670
f 4658 4672 4671 4657
f 4659 4673 4672 4658
f 4660 4674 4673 4659
f 4661 4675 4674 4660
f 4662 4676 4675 4661
f 4663 4677 4676 4662
f 4664 4678 4677 4663
f 4665 4679 4678 4664
f 4666 4680 4679 4665
f 4667 4681 4680 4666
f 4668 4682 4681 4667
f 4669 4683 4682 4668
f 4670 4684 4683 4669
f 4671 4685 4698 4684
f 4672 4686 4685 4671
f 4673 4687 4686 4672
f 4674 4688 4687 4673
f 4675 4689 4688 4674
f 4676 4690 4689 4675
f 4677 4691 4690 4676
f 4678 4692 4691 4677
f 4679 4693 4692 4678
f 4680 4694 4693 4679
f 4681 4695 4694 4680
f 4682 4696 4695 4681
f 4683 4697 4696 4682
f 4684 4698 4697 4683
f 4685 4699 4712 4698
f 4686 4700 4699 4685
f 4687 4701 4700 4686
f 4688 4702 4701 4687
f 4689 4703 4702 4688
f 4690 4704 4703 4689
f 4691 4705 4704 4690
f 4692 4706 4705 4691
f 4693 4707 4706 4692
f 4694 4708 4707 4693
f 4695 4709 4708 4694
f 4696 4710 4709 4695
f 4697 4711 4710 4696
f 4698 4712 4711 4697
f 4699 4713 4726 4712
f 4700 4714 4713 4699
f 4701 4715 4714 4700
f 4702 4716 4715 4701
f 4703 4717 4716 4702
f 4704 4718 4717 4703
f 4705 4719 4718 4704
f 4706 4720 4719 4705
f 4707 4721 4720 4706
f 4708 4722 4721 4707
f 4709 4723 4722 4708
f 4710 4724 4723 4709
f 4711 4725 4724 4710
f 4712 4726 4725 4711
f 4713 4727 4740 4726
f 4714 4728 4727 4713
f 4715 4729 4728 4714
f 4716 4730 4729 4715
f 4717 4731 4730 4716
f 4718 4732 4731 4717
f 4719 4733 4732 4718
f 4720 4734 4733 4719
f 4721 4735 4734 4720
f 4722 4736 4735 4721
f 4723 4737 4736 4722
f 4724 4738 4737 4723
f 4725 4739 4738 4724
f 4726 4740 4739 4725
f 4727 4741 4754 4740
f 4728 4742 4741 4727
f 4729 4743 4742 4728
f 4730 4744 4743 4729
f 4731 4745 4744 4730
f 4732 4746 4745 4731
f 4733 4747 4746 4732
f 4734 4748 4747 4733
f 4735 4749 4748 4734
f 4736 4750 4749 4735
f 4737 4751 4750 4736
f 4738 4752 4751 4737
f 4739 4753 4752 4738
f 4740 4754 4753 4739
f 4741 4755 4768 4754
f 4742 4756 4755 4741
f 4743 4757 4756 4742
f 4744 4758 4757 4743
f 4745 4759 4758 4744
f 4746 4760 4759 4745
f 4747 4761 4760 4746
f 4748 4762 4761 4747
f 4749 4763 4762 4748
f 4750 4764 4763 4749
f 4751 4765 4764 4750
f 4752 4766 4765 4751
f 4753 4767 4766 4752
f 4754 4768 4767 4753
f 4755 4769 4782 4768
f 4756 4770 4769 4755
f 4757 4771 4770 4756
f 4758 4772 4771 4757
f 4759 4773 4772 4758
f 4760 4774 4773 4759
f 4761 4775 4774 4760
f 4762 4776 4775 4761
f 4763 4777 4776 4762
f 4764 4778 4777 4763
f 4765 4779 4778 4764
f 4766 4780 4779 4765
f 4767 4781 4780 4766
f 4768 4782 4781 4767
f 4769 4783 4796 4782
f 4770 4784 4783 4769
f 4771 4785 4784 4770
f 4772 4786 4785 4771
f 4773 4787 4786 4772
f 4774 4788 4787 4773
f 4775 4789 4788 4774
f 4776 4790 4789 4775
f 4777 4791 4790 4776
f 4778 4792 4791 4777
f 4779 4793 4792 4778
f 4780 4794 4793 4779
f 4781 4795 4794 4780
f 4782 4796 4795 4781
f 4783 4797 4810 4796
f 4784 4798 4797 4783
f 4785 4799 4798 4784
f 4786 4800 4799 4785
f 4787 4801 4800 4786
f 4788 4802 4801 4787
f 4789 4803 4802 4788
f 4790 4804 4803 4789
f 4791 4805 4804 4790
f 4792 4806 4805 4791
f 4793 4807 4806 4792
f 4794 4808 4807 4793
f 4795 4809 4808 4794
f 4796 4810 4809 4795
f 4797 4811 4824 4810
f 4798 4812 4811 4797
f 4799 4813 4812 4798
f 4800 4814 4813 4799
f 4801 4815 4814 4800
f 4802 4816 4815 4801
f 4803 4817 4816 4802
f 4804 4818 4817 4803
f 4805 4819 4818 4804
f 4806 4820 4819 4805
f 4807 4821 4820 4806
f 4808 4822 4821 4807
f 4809 4823 4822 4808
f 4810 4824 4823 4809
f 4811 4825 4838 4824
f 4812 4826 4825 4811
f 4813 4827 4826 4812
f 4814 4828 4827 4813
f 4815 4829 4828 4814
f 4816 4830 4829 4815
f 4817 4831 4830 4816
f 4818 4832 4831 4817
f 4819 4833 4832 4818
f 4820 4834 4833 4819
f 4821 4835 4834 4820
f 4822 4836 4835 4821
f 4823 4837 4836 4822
f 4824 4838 4837 4823
f 4825 4839 4852 4838
f 4826 4840 4839 4825
f 4827 4841 4840 4826
f 4828 4842 4841 4827
f 4829 4843 4842 4828
f 4830 4844 4843 4829
f 4831 4845 4844 4830
f 4832 4846 4845 4831
f 4833 4847 4846 4832
f 4834 4848 4847 4833
f 4835 4849 4848 4834
f 4836 4850 4849 4835
f 4837 4851 4850 4836
f 4838 4852 4851 4837
f 4839 4853 4866 4852
f 4840 4854 4853 4839
f 4841 4855 4854 4840
f 4842 4856 4855 4841
f 4843 4857 4856 4842
f 4844 4858 4857 4843
f 4845 4859 4858 4844
f 4846 4860 4859 4845
f 4847 4861 4860 4846
f 4848 4862 4861 4847
f 4849 4863 4862 4848
f 4850 4864 4863 4849
f 4851 4865 4864 4850
f 4852 4866 4865 4851
f 4853 4867 4880 4866
f 4854 4868 4867 4853
f 4855 4869 4868 4854
f 4856 4870 4869 4855
f 4857 4871 4870 4856
f 4858 4872 4871 4857
f 4859 4873 4872 4858
f 4860 4874 4873 4859
f 4861 4875 4874 4860
f 4862 4876 4875 4861
f 4863 4877 4876 4862
f 4864 4878 4877 4863
f 4865 4879 4878 4864
f 4866 4880 4879 4865
f 4867 4881 4894 4880
f 4868 4882 4881 4867
f 4869 4883 4882 4868
f 4870 4884 4883 4869
f 4871 4885 4884 4870
f 4872 4886 4885 4871
f 4873 4887 4886 4872
f 4874 4888 4887 4873
f 4875 4889 4888 4874
f 4876 4890 4889 4875
f 4877 4891 4890 4876
f 4878 4892 4891 4877
f 4879 4893 4892 4878
f 4880 4894 4893 4879
f 4881 4895 4908 4894
f 4882 4896 4895 4881
f 4883 4897 4896 4882
f 4884 4898 4897 4883
f 4885 4899 4898 4884
f 4886 4900 4899 4885
f 4887 4901 4900 4886
f 4888 4902 4901 4887
f 4889 4903 4902 4888
f 4890 4904 4903 4889
f 4891 4905 4904 4890
f 4892 4906 4905 4891
f 4893 4907 4906 4892
f 4894 4908 4907 4893
f 4895 4909 4922 4908
f 4896 4910 4909 4895
f 4897 4911 4910 4896
f 4898 4912 4911 4897
f 4899 4913 4912 4898
f 4900 4914 4913 4899
f 4901 4915 4914 4900
f 4902 4916 4915 4901
f 4903 4917 4916 4902
f 4904 4918 4917 4903
f 4905 4919 4918 4904
f 4906 4920 4919 4905
f 4907 4921 4920 4906
f 4908 4922 4921 4907
f 4909 4923 4936 4922
f 4910 4924 4923 4909
f 4911 4925 4924 4910
f 4912 4926 4925 4911
f 4913 4927 4926 4912
f 4914 4928 4927 4913
f 4915 4929 4928 4914
f 4916 4930 4929 4915
f 4917 4931 4930 4916
f 4918 4932 4931 4917
f 4919 4933 4932 4918
f 4920 4934 4933 4919
f 4921 4935 4934 4920
f 4922 4936 4935 4921
f 4923 4937 4950 4936
f 4924 4938 4937 4923
f 4925 4939 4938 4924
f 4926 4940 4939 4925
f 4927 4941 4940 4926
f 4928 4942 4941 4927
f 4929 4943 4942 4928
f 4930 4944 4943 4929
f 4931 4945 4944 4930
f 4932 4946 4945 4931
f 4933 4947 4946 4932
f 4934 4948 4947 4933
f 4935 4949 4948 4934
f 4936 4950 4949 4935
f 4937 4951 4964 4950
f 4938 4952 4951 4937
f 4939 4953 4952 4938
f 4940 4954 4953 4939
f 4941 4955 4954 4940
f 4942 4956 4955 4941
f 4943 4957 4956 4942
f 4944 4958 4957 4943
f 4945 4959 4958 4944
f 4946 4960 4959 4945
f 4947 4961 4960 4946
f 4948 4962 4961 4947
f 4949 4963 4962 4948
f 4950 4964 4963 4949
f 4951 4965 4978 4964
f 4952 4966 4965 4951
f 4953 4967 4966 4952
f 4954 4968 4967 4953
f 4955 4969 4968 4954
f 4956 4970 4969 4955
f 4957 4971 4970 4956
f 4958 4972 4971 4957
f 4959 4973 4972 4958
f 4960 4974 4973 4959
f 4961 4975 4974 4960
f 4962 4976 4975 4961
f 4963 4977 4976 4962
f 4964 4978 4977 4963
f 4965 4979 4992 4978
f 4966 4980 4979 4965
f 4967 4981 4980 4966
f 4968 4982 4981 4967
f 4969 4983 4982 4968
f 4970 4984 4983 4969
f 4971 4985 4984 4970
f 4972 4986 4985 4971
f 4973 4987 4986 4972
f 4974 4988 4987 4973
f 4975 4989 4988 4974
f 4976 4990 4989 4975
f 4977 4991 4990 4976
f 4978 4992 4991 4977
f 4979 4993 5006 4992
f 4980 4994 4993 4979
f 4981 4995 4994 4980
f 4982 4996 4995 4981
f 4983 4997 4996 4982
f 4984 4998 4997 4983
f 4985 4999 4998 4984
f 4986 5000 4999 4985
f 4987 5001 5000 4986
f 4988 5002 5001 4987
f 4989 5003 5002 4988
f 4990 5004 5003 4989
f 4991 5005 5004 4990
f 4992 5006 5005 4991
f 4993 5007 5020 5006
f 4994 5008 5007 4993
f 4995 5009 5008 4994
f 4996 5010 5009 4995
f 4997 5011 5010 4996
f 4998 5012 5011 4997
f 4999 5013 5012 4998
f 5000 5014 5013 4999
f 5001 5015 5014 5000
f 5002 5016 5015 5001
f 5003 5017 5016 5002
f 5004 5018 5017 5003
f 5005 5019 5018 5004
f 5006 5020 5019 5005
f 5007 5021 5034 5020
f 5008 5022 5021 5007
f 5009 5023 5022 5008
f 5010 5024 5023 5009
f 5011 5025 5024 5010
f 5012 5026 5025 5011
f 5013 5027 5026 5012
f 5014 5028 5027 5013
f 5015 5029 5028 5014
f 5016 5030 5029 5015
f 5017 5031 5030 5016
f 5018 5032 5031 5017
f 5019 5033 5032 5018
f 5020 5034 5033 5019
f 5021 5035 5048 5034
f 5022 5036 5035 5021
f 5023 5037 5036 5022
f 5024 5038 5037 5023
f 5025 5039 5038 5024
f 5026 5040 5039 5025
f 5027 5041 5040 5026
f 5028 5042 5041 5027
f 5029 5043 5042 5028
f 5030 5044 5043 5029
f 5031 5045 5044 5030
f 5032 5046 5045 5031
f 5033 5047 5046 5032
f 5034 5048 5047 5033
f 5035 5049 5062 5048
f 5036 5050 5049 5035
f 5037 5051 5050 5036
f 5038 5052 5051 5037
f 5039 5053 5052 5038
f 5040 5054 5053 5039
f 5041 5055 5054 5040
f 5042 5056 5055 5041
f 5043 5057 5056 5042
f 5044 5058 5057 5043
f 5045 5059 5058 5044
f 5046 5060 5059 5045
f 5047 5061 5060 5046
f 5048 5062 5061 5047
f 5049 5063 5076 5062
f 5050 5064 5063 5049
f 5051 5065 5064 5050
f 5052 5066 5065 5051
f 5053 5067 5066 5052
f 5054 5068 5067 5053
f 5055 5069 5068 5054
f 5056 5070 5069 5055
f 5057 5071 5070 5056
f 5058 5072 5071 5057
f 5059 5073 5072 5058
f 5060 5074 5073 5059
f 5061 5075 5074 5060
f 5062 5076 5075 5061
f 5063 5077 5090 5076
f 5064 5078 5077 5063
f 5065 5079 5078 5064
f 5066 5080 5079 5065
f 5067 5081 5080 5066
f 5068 5082 5081 5067
f 5069 5083 5082 5068
f 5070 5084 5083 5069
f 5071 5085 5084 5070
f 5072 5086 5085 5071
f 5073 5087 5086 5072
f 5074 5088 5087 5073
f 5075 5089 5088 5074
f 5076 5090 5089 5075
f 5077 5091 5104 5090
f 5078 5092 5091 5077
f 5079 5093 5092 5078
f 5080 5094 5093 5079
f 5081 5095 5094 5080
f 5082 5096 5095 5081
f 5083 5097 5096 5082
f 5084 5098 5097 5083
f 5085 5099 5098 5084
f 5086 5100 5099 5085
f 5087 5101 5100 5086
f 5088 5102 5101 5087
f 5089 5103 5102 5088
f 5090 5104 5103 5089
f 5091 5105 5118 5104
f 5092 5106 5105 5091
f 5093 5107 5106 5092
f 5094 5108 5107 5093
f 5095 5109 5108 5094
f 5096 5110 5109 5095
f 5097 5111 5110 5096
f 5098 5112 5111 5097
f 5099 5113 5112 5098
f 5100 5114 5113 5099
f 5101 5115 5114 5100
f 5102 5116 5115 5101
f 5103 5117 5116 5102
f 5104 5118 5117 5103
f 5105 5119 5132 5118
f 5106 5120 5119 5105
f 5107 5121 5120 5106
f 5108 5122 5121 5107
f 5109 5123 5122 5108
f 5110 5124 5123 5109
f 5111 5125 5124 5110
f 5112 5126 5125 5111
f 5113 5127 5126 5112
f 5114 5128 5127 5113
f 5115 5129 5128 5114
f 5116 5130 5129 5115
f 5117 5131 5130 5116
f 5118 5132 5131 5117
f 5119 5133 5146 5132
f 5120 5134 5133 5119
f 5121 5135 5134 5120
f 5122 5136 5135 5121
f 5123 5137 5136 5122
f 5124 5138 5137 5123
f 5125 5139 5138 5124
f 5126 5140 5139 5125
f 5127 5141 5140 5126
f 5128 5142 5141 5127
f 5129 5143 5142 5128
f 5130 5144 5143 5129
f 5131 5145 5144 5130
f 5132 5146 5145 5131
f 5133 5147 5160 5146
f 5134 5148 5147 5133
f 5135 5149 5148 5134
f 5136 5150 5149 5135
f 5137 5151 5150 5136
f 5138 5152 5151 5137
f 5139 5153 5152 5138
f 5140 5154 5153 5139
f 5141 5155 5154 5140
f 5142 5156 5155 5141
f 5143 5157 5156 5142
f 5144 5158 5157 5143
f 5145 5159 5158 5144
f 5146 5160 5159 5145
f 5147 5161 5174 5160
f 5148 5162 5161 5147
f 5149 5163 5162 5148
f 5150 5164 5163 5149
f 5151 5165 5164 5150
f 5152 5166 5165 5151
f 5153 5167 5166 5152
f 5154 5168 5167 5153
f 5155 5169 5168 5154
f 5156 5170 5169 5155
f 5157 5171 5170 5156
f 5158 5172 5171 5157
f 5159 5173 5172 5158
f 5160 5174 5173 5159
f 5161 5175 5188 5174
f 5162 5176 5175 5161
f 5163 5177 5176 5162
f 5164 5178 5177 5163
f 5165 5179 5178 5164
f 5166 5180 5179 5165
f 5167 5181 5180 5166
f 5168 5182 5181 5167
f 5169 5183 5182 5168
f 5170 5184 5183 5169
f 5171 5185 5184 5170
f 5172 5186 5185 5171
f 5173 5187 5186 5172
f 5174 5188 5187 5173
f 5175 5189 5202 5188
f 5176 5190 5189 5175
f 5177 5191 5190 5176
f 5178 5192 5191 5177
f 5179 5193 5192 5178
f 5180 5194 5193 5179
f 5181 5195 5194 5180
f 5182 5196 5195 5181
f 5183 5197 5196 5182
f 5184 5198 5197 5183
f 5185 5199 5198 5184
f 5186 5200 5199 5185
f 5187 5201 5200 5186
f 5188 5202 5201 5187
f 5189 5203 5216 5202
f 5190 5204 5203 5189
f 5191 5205 5204 5190
f 5192 5206 5205 5191
f 5193 5207 5206 5192
f 5194 5208 5207 5193
f 5195 5209 5208 5194
f 5196 5210 5209 5195
f 5197 5211 5210 5196
f 5198 5212 5211 5197
f 5199 5213 5212 5198
f 5200 5214 5213 5199
f 5201 5215 5214 5200
f 5202 5216 5215 5201
f 5203 5217 5230 5216
f 5204 5218 5217 5203
f 5205 5219 5218 5204
f 5206 5220 5219 5205
f 5207 5221 5220 5206
f 5208 5222 5221 5207
f 5209 5223 5222 5208
f 5210 5224 5223 5209
f 5211 5225 5224 5210
f 5212 5226 5225 5211
f 5213 5227 5226 5212
f 5214 5228 5227 5213
f 5215 5229 5228 5214
f 5216 5230 5229 5215
f 5217 5231 5244 5230
f 5218 5232 5231 5217
f 5219 5233 5232 5218
f 5220 5234 5233 5219
f 5221 5235 5234 5220
f 5222 5236 5235 5221
f 5223 5237 5236 5222
f 5224 5238 5237 5223
f 5225 5239 5238 5224
f 5226 5240 5239 5225
f 5227 5241 5240 5226
f 5228 5242 5241 5227
f 5229 5243 5242 5228
f 5230 5244 5243 5229
f 5231 5245 5258 5244
f 5232 5246 5245 5231
f 5233 5247 5246 5232
f 5234 5248 5247 5233
f 5235 5249 5248 5234
f 5236 5250 5249 5235
f 5237 5251 5250 5236
f 5238 5252 5251 5237
f 5239 5253 5252 5238
f 5240 5254 5253 5239
f 5241 5255 5254 5240
f 5242 5256 5255 5241
f 5243 5257 5256 5242
f 5244 5258 5257 5243
f 5245 5259 5272 5258
f 5246 5260 5259 5245
f 5247 5261 5260 5246
f 5248 5262 5261 5247
f 5249 5263 5262 5248
f 5250 5264 5263 5249
f 5251 5265 5264 5250
f 5252 5266 5265 5251
f 5253 5267 5266 5252
f 5254 5268 5267 5253
f 5255 5269 5268 5254
f 5256 5270 5269 5255
f 5257 5271 5270 5256
f 5258 5272 5271 5257
f 5259 5273 5286 5272
f 5260 5274 5273 5259
f 5261 5275 5274 5260
f 5262 5276 5275 5261
f 5263 5277 5276 5262
f 5264 5278 5277 5263
f 5265 5279 5278 5264
f 5266 5280 5279 5265
f 5267 5281 5280 5266
f 5268 5282 5281 5267
f 5269 5283 5282 5268
f 5270 5284 5283 5269
f 5271 5285 5284 5270
f 5272 5286 5285 5271
f 5273 5287 5300 5286
f 5274 5288 5287 5273
f 5275 5289 5288 5274
f 5276 5290 5289 5275
f 5277 5291 5290 5276
f 5278 5292 5291 5277
f 5279 5293 5292 5278
f 5280 5294 5293 5279
f 5281 5295 5294 5280
f 5282 5296 5295 5281
f 5283 5297 5296 5282
f 5284 5298 5297 5283
f 5285 5299 5298 5284
f 5286 5300 5299 5285
f 5287 5301 5314 5300
f 5288 5302 5301 5287
f 5289 5303 5302 5288
f 5290 5304 5303 5289
f 5291 5305 5304 5290
f 5292 5306 5305 5291
f 5293 5307 5306 5292
f 5294 5308 5307 5293
f 5295 5309 5308 5294
f 5296 5310 5309 5295
f 5297 5311 5310 5296
f 5298 5312 5311 5297
f 5299 5313 5312 5298
f 5300 5314 5313 5299
f 5301 5315 5328 5314
f 5302 5316 5315 5301
f 5303 5317 5316 5302
f 5304 5318 5317 5303
f 5305 5319 5318 5304
f 5306 5320 5319 5305
f 5307 5321 5320 5306
f 5308 5322 5321 5307
f 5309 5323 5322 5308
f 5310 5324 5323 5309
f 5311 5325 5324 5310
f 5312 5326 5325 5311
f 5313 5327 5326 5312
f 5314 5328 5327 5313
f 5315 5329 5342 5328
f 5316 5330 5329 5315
f 5317 5331 5330 5316
f 5318 5332 5331 5317
f 5319 5333 5332 5318
f 5320 5334 5333 5319
f 5321 5335 5334 5320
f 5322 5336 5335 5321
f 5323 5337 5336 5322
f 5324 5338 5337 5323
f 5325 5339 5338 5324
f 5326 5340 5339 5325
f 5327 5341 5340 5326
f 5328 5342 5341 5327
f 5329 5343 5356 5342
f 5330 5344 5343 5329
f 5331 5345 5344 5330
f 5332 5346 5345 5331
f 5333 5347 5346 5332
f 5334 5348 5347 5333
f 5335 5349 5348 5334
f 5336 5350 5349 5335
f 5337 5351 5350 5336
f 5338 5352 5351 5337
f 5339 5353 5352 5338
f 5340 5354 5353 5339
f 5341 5355 5354 5340
f 5342 5356 5355 5341
f 5343 5357 5370 5356
f 5344 5358 5357 5343
f 5345 5359 5358 5344
f 5346 5360 5359 5345
f 5347 5361 5360 5346
f 5348 5362 5361 5347
f 5349 5363 5362 5348
f 5350 5364 5363 5349
f 5351 5365 5364 5350
f 5352 5366 5365 5351
f 5353 5367 5366 5352
f 5354 5368 5367 5353
f 5355 5369 5368 5354
f 5356 5370 5369 5355
f 5357 5371 5384 5370
f 5358 5372 5371 5357
f 5359 5373 5372 5358
f 5360 5374 5373 5359
f 5361 5375 5374 5360
f 5362 5376 5375 5361
f 5363 5377 5376 5362
f 5364 5378 5377 5363
f 5365 5379 5378 5364
f 5366 5380 5379 5365
f 5367 5381 5380 5366
f 5368 5382 5381 5367
f 5369 5383 5382 5368
f 5370 5384 5383 5369
f 5371 5385 5398 5384
f 5372 5386 5385 5371
f 5373 5387 5386 5372
f 5374 5388 5387 5373
f 5375 5389 5388 5374
f 5376 5390 5389 5375
f 5377 5391 5390 5376
f 5378 5392 5391 5377
f 5379 5393 5392 5378
f 5380 5394 5393 5379
f 5381 5395 5394 5380
f 5382 5396 5395 5381
f 5383 5397 5396 5382
f 5384 5398 5397 5383
f 5385 5399 5412 5398
f 5386 5400 5399 5385
f 5387 5401 5400 5386
f 5388 5402 5401 5387
f 5389 5403 5402 5388
f 5390 5404 5403 5389
f 5391 5405 5404 5390
f 5392 5406 5405 5391
f 5393 5407 5406 5392
f 5394 5408 5407 5393
f 5395 5409 5408 5394
f 5396 5410 5409 5395
f 5397 5411 5410 5396
f 5398 5412 5411 5397
f 5399 5413 5426 5412
f 5400 5414 5413 5399
f 5401 5415 5414 5400
f 5402 5416 5415 5401
f 5403 5417 5416 5402
f 5404 5418 5417 5403
f 5405 5419 5418 5404
f 5406 5420 5419 5405
f 5407 5421 5420 5406
f 5408 5422 5421 5407
f 5409 5423 5422 5408
f 5410 5424 5423 5409
f 5411 5425 5424 5410
f 5412 5426 5425 5411
f 5413 5427 5440 5426
f 5414 5428 5427 5413
f 5415 5429 5428 5414
f 5416 5430 5429 5415
f 5417 5431 5430 5416
f 5418 5432 5431 5417
f 5419 5433 5432 5418
f 5420 5434 5433 5419
f 5421 5435 5434 5420
f 5422 5436 5435 5421
f 5423 5437 5436 5422
f 5424 5438 5437 5423
f 5425 5439 5438 5424
f 5426 5440 5439 5425
f 5427 5441 5454 5440
f 5428 5442 5441 5427
f 5429 5443 5442 5428
f 5430 5444 5443 5429
f 5431 5445 5444 5430
f 5432 5446 5445 5431
f 5433 5447 5446 5432
f 5434 5448 5447 5433
f 5435 5449 5448 5434
f 5436 5450 5449 5435
f 5437 5451 5450 5436
f 5438 5452 5451 5437
f 5439 5453 5452 5438
f 5440 5454 5453 5439
f 5441 5455 5468 5454
f 5442 5456 5455 5441
f 5443 5457 5456 5442
f 5444 5458 5457 5443
f 5445 5459 5458 5444
f 5446 5460 5459 5445
f 5447 5461 5460 5446
f 5448 5462 5461 5447
f 5449 5463 5462 5448
f 5450 5464 5463 5449
f 5451 5465 5464 5450
f 5452 5466 5465 5451
f 5453 5467 5466 5452
f 5454 5468 5467 5453
f 5455 5469 5482 5468
f 5456 5470 5469 5455
f 5457 5471 5470 5456
f 5458 5472 5471 5457
f 5459 5473 5472 5458
f 5460 5474 5473 5459
f 5461 5475 5474 5460
f 5462 5476 5475 5461
f 5463 5477 5476 5462
f 5464 5478 5477 5463
f 5465 5479 5478 5464
f 5466 5480 5479 5465
f 5467 5481 5480 5466
f 5468 5482 5481 5467
f 5469 5483 5496 5482
f 5470 5484 5483 5469
f 5471 5485 5484 5470
f 5472 5486 5485 5471
f 5473 5487 5486 5472
f 5474 5488 5487 5473
f 5475 5489 5488 5474
f 5476 5490 5489 5475
f 5477 5491 5490 5476
f 5478 5492 5491 5477
f 5479 5493 5492 5478
f 5480 5494 5493 5479
f 5481 5495 5494 5480
f 5482 5496 5495 5481
f 5483 5497 5510 5496
f 5484 5498 5497 5483
f 5485 5499 5498 5484
f 5486 5500 5499 5485
f 5487 5501 5500 5486
f 5488 5502 5501 5487
f 5489 5503 5502 5488
f 5490 5504 5503 5489
f 5491 5505 5504 5490
f 5492 5506 5505 5491
f 5493 5507 5506 5492
f 5494 5508 5507 5493
f 5495 5509 5508 5494
f 5496 5510 5509 5495
f 5497 5511 5524 5510
f 5498 5512 5511 5497
f 5499 5513 5512 5498
f 5500 5514 5513 5499
f 5501 5515 5514 5500
f 5502 5516 5515 5501
f 5503 5517 5516 5502
f 5504 5518 5517 5503
f 5505 5519 5518 5504
f 5506 5520 5519 5505
f 5507 5521 5520 5506
f 5508 5522 5521 5507
f 5509 5523 5522 5508
f 5510 5524 5523 5509
f 5511 5525 5538 5524
f 5512 5526 5525 5511
f 5513 5527 5526 5512
f 5514 5528 5527 5513
f 5515 5529 5528 5514
f 5516 5530 5529 5515
f 5517 5531 5530 5516
f 5518 5532 5531 5517
f 5519 5533 5532 5518
f 5520 5534 5533 5519
f 5521 5535 5534 5520
f 5522 5536 5535 5521
f 5523 5537 5536 5522
f 5524 5538 5537 5523
f 5525 5539 5552 5538
f 5526 5540 5539 5525
f 5527 5541 5540 5526
f 5528 5542 5541 5527
f 5529 5543 5542 5528
f 5530 5544 5543 5529
f 5531 5545 5544 5530
f 5532 5546 5545 5531
f 5533 5547 5546 5532
f 5534 5548 5547 5533
f 5535 5549 5548 5534
f 5536 5550 5549 5535
f 5537 5551 5550 5536
f 5538 5552 5551 5537
f 5539 5553 5566 5552
f 5540 5554 5553 5539
f 5541 5555 5554 5540
f 5542 5556 5555 5541
f 5543 5557 5556 5542
f 5544 5558 5557 5543
f 5545 5559 5558 5544
f 5546 5560 5559 5545
f 5547 5561 5560 5546
f 5548 5562 5561 5547
f 5549 5563 5562 5548
f 5550 5564 5563 5549
f 5551 5565 5564 5550
f 5552 5566 5565 5551
f 5553 5567 5580 5566
f 5554 5568 5567 5553
f 5555 5569 5568 5554
f 5556 5570 5569 5555
f 5557 5571 5570 5556
f 5558 5572 5571 5557
f 5559 5573 5572 5558
f 5560 5574 5573 5559
f 5561 5575 5574 5560
f 5562 5576 5575 5561
f 5563 5577 5576 5562
f 5564 5578 5577 5563
f 5565 5579 5578 5564
f 5566 5580 5579 5565
f 5567 5581 5594 5580
f 5568 5582 5581 5567
f 5569 5583 5582 5568
f 5570 5584 5583 5569
f 5571 5585 5584 5570
f 5572 5586 5585 5571
f 5573 5587 5586 5572
f 5574 5588 5587 5573
f 5575 5589 5588 5574
f 5576 5590 5589 5575
f 5577 5591 5590 5576
f 5578 5592 5591 5577
f 5579 5593 5592 5578
f 5580 5594 5593 5579
f 5581 5595 5608 5594
f 5582 5596 5595 5581
f 5583 5597 5596 5582
f 5584 5598 5597 5583
f 5585 5599 5598 5584
f 5586 5600 5599 5585
f 5587 5601 5600 5586
f 5588 5602 5601 5587
f 5589 5603 5602 5588
f 5590 5604 5603 5589
f 5591 5605 5604 5590
f 5592 5606 5605 5591
f 5593 5607 5606 5592
f 5594 5608 5607 5593
f 5595 5609 5622 5608
f 5596 5610 5609 5595
f 5597 5611 5610 5596
f 5598 5612 5611 5597
f 5599 5613 5612 5598
f 5600 5614 5613 5599
f 5601 5615 5614 5600
f 5602 5616 5615 5601
f 5603 5617 5616 5602
f 5604 5618 5617 5603
f 5605 5619 5618 5604
f 5606 5620 5619 5605
f 5607 5621 5620 5606
f 5608 5622 5621 5607
f 5609 5623 5636 5622
f 5610 5624 5623 5609
f 5611 5625 5624 5610
f 5612 5626 5625 5611
f 5613 5627 5626 5612
f 5614 5628 5627 5613
f 5615 5629 5628 5614
f 5616 5630 5629 5615
f 5617 5631 5630 5616
f 5618 5632 5631 5617
f 5619 5633 5632 5618
f 5620 5634 5633 5619
f 5621 5635 5634 5620
f 5622 5636 5635 5621
f 5623 5637 5650 5636
f 5624 5638 5637 5623
f 5625 5639 5638 5624
f 5626 5640 5639 5625
f 5627 5641 5640 5626
f 5628 5642 5641 5627
f 5629 5643 5642 5628
f 5630 5644 5643 5629
f 5631 5645 5644 5630
f 5632 5646 5645 5631
f 5633 5647 5646 5632
f 5634 5648 5647 5633
f 5635 5649 5648 5634
f 5636 5650 5649 5635
f 5637 5651 5664 5650
f 5638 5652 5651 5637
f 5639 5653 5652 5638
f 5640 5654 5653 5639
f 5641 5655 5654 5640
f 5642 5656 5655 5641
f 5643 5657 5656 5642
f 5644 5658 5657 5643
f 5645 5659 5658 5644
f 5646 5660 5659 5645
f 5647 5661 5660 5646
f 5648 5662 5661 5647
f 5649 5663 5662 5648
f 5650 5664 5663 5649
f 5651 5665 5678 5664
f 5652 5666 5665 5651
f 5653 5667 5666 5652
f 5654 5668 5667 5653
f 5655 5669 5668 5654
f 5656 5670 5669 5655
f 5657 5671 5670 5656
f 5658 5672 5671 5657
f 5659 5673 5672 5658
f 5660 5674 5673 5659
f 5661 5675 5674 5660
f 5662 5676 5675 5661
f 5663 5677 5676 5662
f 5664 5678 5677 5663
f 5665 5679 5692 5678
f 5666 5680 5679 5665
f 5667 5681 5680 5666
f 5668 5682 5681 5667
f 5669 5683 5682 5668
f 5670 5684 5683 5669
f 5671 5685 5684 5670
f 5672 5686 5685 5671
f 5673 5687 5686 5672
f 5674 5688 5687 5673
f 5675 5689 5688 5674
f 5676 5690 5689 5675
f 5677 5691 5690 5676
f 5678 5692 5691 5677
f 5679 5693 5706 5692
f 5680 5694 5693 5679
f 5681 5695 5694 5680
f 5682 5696 5695 5681
f 5683 5697 5696 5682
f 5684 5698 5697 5683
f 5685 5699 5698 5684
f 5686 5700 5699 5685
f 5687 5701 5700 5686
f 5688 5702 5701 5687
f 5689 5703 5702 5688
f 5690 5704 5703 5689
f 5691 5705 5704 5690
f 5692 5706 5705 5691
f 5693 5707 5720 5706
f 5694 5708 5707 5693
f 5695 5709 5708 5694
f 5696 5710 5709 5695
f 5697 5711 5710 5696
f 5698 5712 5711 5697
f 5699 5713 5712 5698
f 5700 5714 5713 5699
f 5701 5715 5714 5700
f 5702 5716 5715 5701
f 5703 5717 5716 5702
f 5704 5718 5717 5703
f 5705 5719 5718 5704
f 5706 5720 5719 5705
f 5707 5721 5734 5720
f 5708 5722 5721 5707
f 5709 5723 5722 5708
f 5710 5724 5723 5709
f 5711 5725 5724 5710
f 5712 5726 5725 5711
f 5713 5727 5726 5712
f 5714 5728 5727 5713
f 5715 5729 5728 5714
f 5716 5730 5729 5715
f 5717 5731 5730 5716
f 5718 5732 5731 5717
f 5719 5733 5732 5718
f 5720 5734 5733 5719
f 5721 5735 5748 5734
f 5722 5736 5735 5721
f 5723 5737 5736 5722
f 5724 5738 5737 5723
f 5725 5739 5738 5724
f 5726 5740 5739 5725
f 5727 5741 5740 5726
f 5728 5742 5741 5727
f 5729 5743 5742 5728
f 5730 5744 5743 5729
f 5731 5745 5744 5730
f 5732 5746 5745 5731
f 5733 5747 5746 5732
f 5734 5748 5747 5733
f 5735 5749 5762 5748
f 5736 5750 5749 5735
f 5737 5751 5750 5736
f 5738 5752 5751 5737
f 5739 5753 5752 5738
f 5740 5754 5753 5739
f 5741 5755 5754 5740
f 5742 5756 5755 5741
f 5743 5757 5756 5742
f 5744 5758 5757 5743
f 5745 5759 5758 5744
f 5746 5760 5759 5745
f 5747 5761 5760 5746
f 5748 5762 5761 5747
f 5749 5763 5776 5762
f 5750 5764 5763 5749
f 5751 5765 5764 5750
f 5752 5766 5765 5751
f 5753 5767 5766 5752
f 5754 5768 5767 5753
f 5755 5769 5768 5754
f 5756 5770 5769 5755
f 5757 5771 5770 5756
f 5758 5772 5771 5757
f 5759 5773 5772 5758
f 5760 5774 5773 5759
f 5761 5775 5774 5760
f 5762 5776 5775 5761
f 5763 5777 5790 5776
f 5764 5778 5777 5763
f 5765 5779 5778 5764
f 5766 5780 5779 5765
f 5767 5781 5780 5766
f 5768 5782 5781 5767
f 5769 5783 5782 5768
f 5770 5784 5783 5769
f 5771 5785 5784 5770
f 5772 5786 5785 5771
f 5773 5787 5786 5772
f 5774 5788 5787 5773
f 5775 5789 5788 5774
f 5776 5790 5789 5775
f 5777 5791 5804 5790
f 5778 5792 5791 5777
f 5779 5793 5792 5778
f 5780 5794 5793 5779
f 5781 5795 5794 5780
f 5782 5796 5795 5781
f 5783 5797 5796 5782
f 5784 5798 5797 5783
f 5785 5799 5798 5784
f 5786 5800 5799 5785
f 5787 5801 5800 5786
f 5788 5802 5801 5787
f 5789 5803 5802 5788
f 5790 5804 5803 5789
f 5791 5805 5818 5804
f 5792 5806 5805 5791
f 5793 5807 5806 5792
f 5794 5808 5807 5793
f 5795 5809 5808 5794
f 5796 5810 5809 5795
f 5797 5811 5810 5796
f 5798 5812 5811 5797
f 5799 5813 5812 5798
f 5800 5814 5813 5799
f 5801 5815 5814 5800
f 5802 5816 5815 5801
f 5803 5817 5816 5802
f 5804 5818 5817 5803
f 5805 5819 5832 5818
f 5806 5820 5819 5805
f 5807 5821 5820 5806
f 5808 5822 5821 5807
f 5809 5823 5822 5808
f 5810 5824 5823 5809
f 5811 5825 5824 5810
f 5812 5826 5825 5811
f 5813 5827 5826 5812
f 5814 5828 5827 5813
f 5815 5829 5828 5814
f 5816 5830 5829 5815
f 5817 5831 5830 5816
f 5818 5832 5831 5817
f 5819 5833 5846 5832
f 5820 5834 5833 5819
f 5821 5835 5834 5820
f 5822 5836 5835 5821
f 5823 5837 5836 5822
f 5824 5838 5837 5823
f 5825 5839 5838 5824
f 5826 5840 5839 5825
f 5827 5841 5840 5826
f 5828 5842 5841 5827
f 5829 5843 5842 5828
f 5830 5844 5843 5829
f 5831 5845 5844 5830
f 5832 5846 5845 5831
f 5833 5847 5860 5846
f 5834 5848 5847 5833
f 5835 5849 5848 5834
f 5836 5850 5849 5835
f 5837 5851 5850 5836
f 5838 5852 5851 5837
f 5839 5853 5852 5838
f 5840 5854 5853 5839
f 5841 5855 5854 5840
f 5842 5856 5855 5841
f 5843 5857 5856 5842
f 5844 5858 5857 5843
f 5845 5859 5858 5844
f 5846 5860 5859 5845
f 5847 5861 5874 5860
f 5848 5862 5861 5847
f 5849 5863 5862 5848
f 5850 5864 5863 5849
f 5851 5865 5864 5850
f 5852 5866 5865 5851
f 5853 5867 5866 5852
f 5854 5868 5867 5853
f 5855 5869 5868 5854
f 5856 5870 5869 5855
f 5857 5871 5870 5856
f 5858 5872 5871 5857
f 5859 5873 5872 5858
f 5860 5874 5873 5859
f 5861 5875 5888 5874
f 5862 5876 5875 5861
f 5863 5877 5876 5862
f 5864 5878 5877 5863
f 5865 5879 5878 5864
f 5866 5880 5879 5865
f 5867 5881 5880 5866
f 5868 5882 5881 5867
f 5869 5883 5882 5868
f 5870 5884 5883 5869
f 5871 5885 5884 5870
f 5872 5886 5885 5871
f 5873 5887 5886 5872
f 5874 5888 5887 5873
f 5875 5889 5902 5888
f 5876 5890 5889 5875
f 5877 5891 5890 5876
f 5878 5892 5891 5877
f 5879 5893 5892 5878
f 5880 5894 5893 5879
f 5881 5895 5894 5880
f 5882 5896 5895 5881
f 5883 5897 5896 5882
f 5884 5898 5897 5883
f 5885 5899 5898 5884
f 5886 5900 5899 5885
f 5887 5901 5900 5886
f 5888 5902 5901 5887
f 5889 5903 5916 5902
f 5890 5904 5903 5889
f 5891 5905 5904 5890
f 5892 5906 5905 5891
f 5893 5907 5906 5892
f 5894 5908 5907 5893
f 5895 5909 5908 5894
f 5896 5910 5909 5895
f 5897 5911 5910 5896
f 5898 5912 5911 5897
f 5899 5913 5912 5898
f 5900 5914 5913 5899
f 5901 5915 5914 5900
f 5902 5916 5915 5901
f 5903 5917 5930 5916
f 5904 5918 5917 5903
f 5905 5919 5918 5904
f 5906 5920 5919 5905
f 5907 5921 5920 5906
f 5908 5922 5921 5907
f 5909 5923 5922 5908
f 5910 5924 5923 5909
f 5911 5925 5924 5910
f 5912 5926 5925 5911
f 5913 5927 5926 5912
f 5914 5928 5927 5913
f 5915 5929 5928 5914
f 5916 5930 5929 5915
f 5917 5931 5944 5930
f 5918 5932 5931 5917
f 5919 5933 5932 5918
f 5920 5934 5933 5919
f 5921 5935 5934 5920
f 5922 5936 5935 5921
f 5923 5937 5936 5922
f 5924 5938 5937 5923
f 5925 5939 5938 5924
f 5926 5940 5939 5925
f 5927 5941 5940 5926
f 5928 5942 5941 5927
f 5929 5943 5942 5928
f 5930 5944 5943 5929
f 5931 5945 5958 5944
f 5932 5946 5945 5931
f 5933 5947 5946 5932
f 5934 5948 5947 5933
f 5935 5949 5948 5934
f 5936 5950 5949 5935
f 5937 5951 5950 5936
f 5938 5952 5951 5937
f 5939 5953 5952 5938
f 5940 5954 5953 5939
f 5941 5955 5954 5940
f 5942 5956 5955 5941
f 5943 5957 5956 5942
f 5944 5958 5957 5943
f 5945 5959 5972 5958
f 5946 5960 5959 5945
f 5947 5961 5960 5946
f 5948 5962 5961 5947
f 5949 5963 5962 5948
f 5950 5964 5963 5949
f 5951 5965 5964 5950
f 5952 5966 5965 5951
f 5953 5967 5966 5952
f 5954 5968 5967 5953
f 5955 5969 5968 5954
f 5956 5970 5969 5955
f 5957 5971 5970 5956
f 5958 5972 5971 5957
f 5959 5973 5986 5972
f 5960 5974 5973 5959
f 5961 5975 5974 5960
f 5962 5976 5975 5961
f 5963 5977 5976 5962
f 5964 5978 5977 5963
f 5965 5979 5978 5964
f 5966 5980 5979 5965
f 5967 5981 5980 5966
f 5968 5982 5981 5967
f 5969 5983 5982 5968
f 5970 5984 5983 5969
f 5971 5985 5984 5970
f 5972 5986 5985 5971
f 5973 5987 6000 5986
f 5974 5988 5987 5973
f 5975 5989 5988 5974
f 5976 5990 5989 5975
f 5977 5991 5990 5976
f 5978 5992 5991 5977
f 5979 5993 5992 5978
f 5980 5994 5993 5979
f 5981 5995 5994 5980
f 5982 5996 5995 5981
f 5983 5997 5996 5982
f 5984 5998 5997 5983
f 5985 5999 5998 5984
f 5986 6000 5999 5985
f 5987 6001 6014 6000
f 5988 6002 6001 5987
f 5989 6003 6002 5988
f 5990 6004 6003 5989
f 5991 6005 6004 5990
f 5992 6006 6005 5991
f 5993 6007 6006 5992
f 5994 6008 6007 5993
f 5995 6009 6008 5994
f 5996 6010 6009 5995
f 5997 6011 6010 5996
f 5998 6012 6011 5997
f 5999 6013 6012 5998
f 6000 6014 6013 5999
f 6001 6015 6028 6014
f 6002 6016 6015 6001
f 6003 6017 6016 6002
f 6004 6018 6017 6003
f 6005 6019 6018 6004
f 6006 6020 6019 6005
f 6007 6021 6020 6006
f 6008 6022 6021 6007
f 6009 6023 6022 6008
f 6010 6024 6023 6009
f 6011 6025 6024 6010
f 6012 6026 6025 6011
f 6013 6027 6026 6012
f 6014 6028 6027 6013
f 6015 6029 6042 6028
f 6016 6030 6029 6015
f 6017 6031 6030 6016
f 6018 6032 6031 6017
f 6019 6033 6032 6018
f 6020 6034 6033 6019
f 6021 6035 6034 6020
f 6022 6036 6035 6021
f 6023 6037 6036 6022
f 6024 6038 6037 6023
f 6025 6039 6038 6024
f 6026 6040 6039 6025
f 6027 6041 6040 6026
f 6028 6042 6041 6027
f 6029 6043 6056 6042
f 6030 6044 6043 6029
f 6031 6045 6044 6030
f 6032 6046 6045 6031
f 6033 6047 6046 6032
f 6034 6048 6047 6033
f 6035 6049 6048 6034
f 6036 6050 6049 6035
f 6037 6051 6050 6036
f 6038 6052 6051 6037
f 6039 6053 6052 6038
f 6040 6054 6053 6039
f 6041 6055 6054 6040
f 6042 6056 6055 6041
f 6043 6057 6070 6056
f 6044 6058 6057 6043
f 6045 6059 6058 6044
f 6046 6060 6059 6045
f 6047 6061 6060 6046
f 6048 6062 6061 6047
f 6049 6063 6062 6048
f 6050 6064 6063 6049
f 6051 6065 6064 6050
f 6052 6066 6065 6051
f 6053 6067 6066 6052
f 6054 6068 6067 6053
f 6055 6069 6068 6054
f 6056 6070 6069 6055
f 6057 6071 6084 6070
f 6058 6072 6071 6057
f 6059 6073 6072 6058
f 6060 6074 6073 6059
f 6061 6075 6074 6060
f 6062 6076 6075 6061
f 6063 6077 6076 6062
f 6064 6078 6077 6063
f 6065 6079 6078 6064
f 6066 6080 6079 6065
f 6067 6081 6080 6066
f 6068 6082 6081 6067
f 6069 6083 6082 6068
f 6070 6084 6083 6069
f 6071 6085 6098 6084
f 6072 6086 6085 6071
f 6073 6087 6086 6072
f 6074 6088 6087 6073
f 6075 6089 6088 6074
f 6076 6090 6089 6075
f 6077 6091 6090 6076
f 6078 6092 6091 6077
f 6079 6093 6092 6078
f 6080 6094 6093 6079
f 6081 6095 6094 6080
f 6082 6096 6095 6081
f 6083 6097 6096 6082
f 6084 6098 6097 6083
f 6085 6099 6112 6098
f 6086 6100 6099 6085
f 6087 6101 6100 6086
f 6088 6102 6101 6087
f 6089 6103 6102 6088
f 6090 6104 6103 6089
f 6091 6105 6104 6090
f 6092 6106 6105 6091
f 6093 6107 6106 6092
f 6094 6108 6107 6093
f 6095 6109 6108 6094
f 6096 6110 6109 6095
f 6097 6111 6110 6096
f 6098 6112 6111 6097
f 6099 6113 6126 6112
f 6100 6114 6113 6099
f 6101 6115 6114 6100
f 6102 6116 6115 6101
f 6103 6117 6116 6102
f 6104 6118 6117 6103
f 6105 6119 6118 6104
f 6106 6120 6119 6105
f 6107 6121 6120 6106
f 6108 6122 6121 6107
f 6109 6123 6122 6108
f 6110 6124 6123 6109
f 6111 6125 6124 6110
f 6112 6126 6125 6111
f 6113 6127 6140 6126
f 6114 6128 6127 6113
f 6115 6129 6128 6114
f 6116 6130 6129 6115
f 6117 6131 6130 6116
f 6118 6132 6131 6117
f 6119 6133 6132 6118
f 6120 6134 6133 6119
f 6121 6135 6134 6120
f 6122 6136 6135 6121
f 6123 6137 6136 6122
f 6124 6138 6137 6123
f 6125 6139 6138 6124
f 6126 6140 6139 6125
f 6127 6141 6154 6140
f 6128 6142 6141 6127
f 6129 6143 6142 6128
f 6130 6144 6143 6129
f 6131 6145 6144 6130
f 6132 6146 6145 6131
f 6133 6147 6146 6132
f 6134 6148 6147 6133
f 6135 6149 6148 6134
f 6136 6150 6149 6135
f 6137 6151 6150 6136
f 6138 6152 6151 6137
f 6139 6153 6152 6138
f 6140 6154 6153 6139
f 6141 6155 6168 6154
f 6142 6156 6155 6141
f 6143 6157 6156 6142
f 6144 6158 6157 6143
f 6145 6159 6158 6144
f 6146 6160 6159 6145
f 6147 6161 6160 6146
f 6148 6162 6161 6147
f 6149 6163 6162 6148
f 6150 6164 6163 6149
f 6151 6165 6164 6150
f 6152 6166 6165 6151
f 6153 6167 6166 6152
f 6154 6168 6167 6153
f 6155 6169 6182 6168
f 6156 6170 6169 6155
f 6157 6171 6170 6156
f 6158 6172 6171 6157
f 6159 6173 6172 6158
f 6160 6174 6173 6159
f 6161 6175 6174 6160
f 6162 6176 6175 6161
f 6163 6177 6176 6162
f 6164 6178 6177 6163
f 6165 6179 6178 6164
f 6166 6180 6179 6165
f 6167 6181 6180 6166
f 6168 6182 6181 6167
f 6169 6183 6196 6182
f 6170 6184 6183 6169
f 6171 6185 6184 6170
f 6172 6186 6185 6171
f 6173 6187 6186 6172
f 6174 6188 6187 6173
f 6175 6189 6188 6174
f 6176 6190 6189 6175
f 6177 6191 6190 6176
f 6178 6192 6191 6177
f 6179 6193 6192 6178
f 6180 6194 6193 6179
f 6181 6195 6194 6180
f 6182 6196 6195 6181
f 6183 6197 6210 6196
f 6184 6198 6197 6183
f 6185 6199 6198 6184
f 6186 6200 6199 6185
f 6187 6201 6200 6186
f 6188 6202 6201 6187
f 6189 6203 6202 6188
f 6190 6204 6203 6189
f 6191 6205 6204 6190
f 6192 6206 6205 6191
f 6193 6207 6206 6192
f 6194 6208 6207 6193
f 6195 6209 6208 6194
f 6196 6210 6209 6195
f 6197 6211 6224 6210
f 6198 6212 6211 6197
f 6199 6213 6212 6198
f 6200 6214 6213 6199
f 6201 6215 6214 6200
f 6202 6216 6215 6201
f 6203 6217 6216 6202
f 6204 6218 6217 6203
f 6205 6219 6218 6204
f 6206 6220 6219 6205
f 6207 6221 6220 6206
f 6208 6222 6221 6207
f 6209 6223 6222 6208
f 6210 6224 6223 6209
f 6211 6225 6238 6224
f 6212 6226 6225 6211
f 6213 6227 6226 6212
f 6214 6228 6227 6213
f 6215 6229 6228 6214
f 6216 6230 6229 6215
f 6217 6231 6230 6216
f 6218 6232 6231 6217
f 6219 6233 6232 6218
f 6220 6234 6233 6219
f 6221 6235 6234 6220
f 6222 6236 6235 6221
f 6223 6237 6236 6222
f 6224 6238 6237 6223
f 6225 6239 6252 6238
f 6226 6240 6239 6225
f 6227 6241 6240 6226
f 6228 6242 6241 6227
f 6229 6243 6242 6228
f 6230 6244 6243 6229
f 6231 6245 6244 6230
f 6232 6246 6245 6231
f 6233 6247 6246 6232
f 6234 6248 6247 6233
f 6235 6249 6248 6234
f 6236 6250 6249 6235
f 6237 6251 6250 6236
f 6238 6252 6251 6237
f 6239 6253 6266 6252
f 6240 6254 6253 6239
f 6241 6255 6254 6240
f 6242 6256 6255 6241
f 6243 6257 6256 6242
f 6244 6258 6257 6243
f 6245 6259 6258 6244
f 6246 6260 6259 6245
f 6247 6261 6260 6246
f 6248 6262 6261 6247
f 6249 6263 6262 6248
f 6250 6264 6263 6249
f 6251 6265 6264 6250
f 6252 6266 6265 6251
f 6253 6267 6280 6266
f 6254 6268 6267 6253
f 6255 6269 6268 6254
f 6256 6270 6269 6255
f 6257 6271 6270 6256
f 6258 6272 6271 6257
f 6259 6273 6272 6258
f 6260 6274 6273 6259
f 6261 6275 6274 6260
f 6262 6276 6275 6261
f 6263 6277 6276 6262
f 6264 6278 6277 6263
f 6265 6279 6278 6264
f 6266 6280 6279 6265
f 6267 6281 6294 6280
f 6268 6282 6281 6267
f 6269 6283 6282 6268
f 6270 6284 6283 6269
f 6271 6285 6284 6270
f 6272 6286 6285 6271
f 6273 6287 6286 6272
f 6274 6288 6287 6273
f 6275 6289 6288 6274
f 6276 6290 6289 6275
f 6277 6291 6290 6276
f 6278 6292 6291 6277
f 6279 6293 6292 6278
f 6280 6294 6293 6279
f 6281 6295 6308 6294
f 6282 6296 6295 6281
f 6283 6297 6296 6282
f 6284 6298 6297 6283
f 6285 6299 6298 6284
f 6286 6300 6299 6285
f 6287 6301 6300 6286
f 6288 6302 6301 6287
f 6289 6303 6302 6288
f 6290 6304 6303 6289
f 6291 6305 6304 6290
f 6292 6306 6305 6291
f 6293 6307 6306 6292
f 6294 6308 6307 6293
f 6295 6309 6322 6308
f 6296 6310 6309 6295
f 6297 6311 6310 6296
f 6298 6312 6311 6297
f 6299 6313 6312 6298
f 6300 6314 6313 6299
f 6301 6315 6314 6300
f 6302 6316 6315 6301
f 6303 6317 6316 6302
f 6304 6318 6317 6303
f 6305 6319 6318 6304
f 6306 6320 6319 6305
f 6307 6321 6320 6306
f 6308 6322 6321 6307
f 6309 6323 6336 6322
f 6310 6324 6323 6309
f 6311 6325 6324 6310
f 6312 6326 6325 6311
f 6313 6327 6326 6312
f 6314 6328 6327 6313
f 6315 6329 6328 6314
f 6316 6330 6329 6315
f 6317 6331 6330 6316
f 6318 6332 6331 6317
f 6319 6333 6332 6318
f 6320 6334 6333 6319
f 6321 6335 6334 6320
f 6322 6336 6335 6321
f 6323 6337 6350 6336
f 6324 6338 6337 6323
f 6325 6339 6338 6324
f 6326 6340 6339 6325
f 6327 6341 6340 6326
f 6328 6342 6341 6327
f 6329 6343 6342 6328
f 6330 6344 6343 6329
f 6331 6345 6344 6330
f 6332 6346 6345 6331
f 6333 6347 6346 6332
f 6334 6348 6347 6333
f 6335 6349 6348 6334
f 6336 6350 6349 6335
f 6337 6351 6364 6350
f 6338 6352 6351 6337
f 6339 6353 6352 6338
f 6340 6354 6353 6339
f 6341 6355 6354 6340
f 6342 6356 6355 6341
f 6343 6357 6356 6342
f 6344 6358 6357 6343
f 6345 6359 6358 6344
f 6346 6360 6359 6345
f 6347 6361 6360 6346
f 6348 6362 6361 6347
f 6349 6363 6362 6348
f 6350 6364 6363 6349
f 6351 6365 6378 6364
f 6352 6366 6365 6351
f 6353 6367 6366 6352
f 6354 6368 6367 6353
f 6355 6369 6368 6354
f 6356 6370 6369 6355
f 6357 6371 6370 6356
f 6358 6372 6371 6357
f 6359 6373 6372 6358
f 6360 6374 6373 6359
f 6361 6375 6374 6360
f 6362 6376 6375 6361
f 6363 6377 6376 6362
f 6364 6378 6377 6363
f 6365 6379 6392 6378
f 6366 6380 6379 6365
f 6367 6381 6380 6366
f 6368 6382 6381 6367
f 6369 6383 6382 6368
f 6370 6384 6383 6369
f 6371 6385 6384 6370
f 6372 6386 6385 6371
f 6373 6387 6386 6372
f 6374 6388 6387 6373
f 6375 6389 6388 6374
f 6376 6390 6389 6375
f 6377 6391 6390 6376
f 6378 6392 6391 6377
f 6379 6393 6406 6392
f 6380 6394 6393 6379
f 6381 6395 6394 6380
f 6382 6396 6395 6381
f 6383 6397 6396 6382
f 6384 6398 6397 6383
f 6385 6399 6398 6384
f 6386 6400 6399 6385
f 6387 6401 6400 6386
f 6388 6402 6401 6387
f 6389 6403 6402 6388
f 6390 6404 6403 6389
f 6391 6405 6404 6390
f 6392 6406 6405 6391
f 6393 6407 6420 6406
f 6394 6408 6407 6393
f 6395 6409 6408 6394
f 6396 6410 6409 6395
f 6397 6411 6410 6396
f 6398 6412 6411 6397
f 6399 6413 6412 6398
f 6400 6414 6413 6399
f 6401 6415 6414 6400
f 6402 6416 6415 6401
f 6403 6417 6416 6402
f 6404 6418 6417 6403
f 6405 6419 6418 6404
f 6406 6420 6419 6405
f 6407 6421 6434 6420
f 6408 6422 6421 6407
f 6409 6423 6422 6408
f 6410 6424 6423 6409
f 6411 6425 6424 6410
f 6412 6426 6425 6411
f 6413 6427 6426 6412
f 6414 6428 6427 6413
f 6415 6429 6428 6414
f 6416 6430 6429 6415
f 6417 6431 6430 6416
f 6418 6432 6431 6417
f 6419 6433 6432 6418
f 6420 6434 6433 6419
f 6421 6435 6448 6434
f 6422 6436 6435 6421
f 6423 6437 6436 6422
f 6424 6438 6437 6423
f 6425 6439 6438 6424
f 6426 6440 6439 6425
f 6427 6441 6440 6426
f 6428 6442 6441 6427
f 6429 6443 6442 6428
f 6430 6444 6443 6429
f 6431 6445 6444 6430
f 6432 6446 6445 6431
f 6433 6447 6446 6432
f 6434 6448 6447 6433
f 6435 6449 6462 6448
f 6436 6450 6449 6435
f 6437 6451 6450 6436
f 6438 6452 6451 6437
f 6439 6453 6452 6438
f 6440 6454 6453 6439
f 6441 6455 6454 6440
f 6442 6456 6455 6441
f 6443 6457 6456 6442
f 6444 6458 6457 6443
f 6445 6459 6458 6444
f 6446 6460 6459 6445
f 6447 6461 6460 6446
f 6448 6462 6461 6447
f 6449 6463 6476 6462
f 6450 6464 6463 6449
f 6451 6465 6464 6450
f 6452 6466 6465 6451
f 6453 6467 6466 6452
f 6454 6468 6467 6453
f 6455 6469 6468 6454
f 6456 6470 6469 6455
f 6457 6471 6470 6456
f 6458 6472 6471 6457
f 6459 6473 6472 6458
f 6460 6474 6473 6459
f 6461 6475 6474 6460
f 6462 6476 6475 6461
f 6463 6477 6490 6476
f 6464 6478 6477 6463
f 6465 6479 6478 6464
f 6466 6480 6479 6465
f 6467 6481 6480 6466
f 6468 6482 6481 6467
f 6469 6483 6482 6468
f 6470 6484 6483 6469
f 6471 6485 6484 6470
f 6472 6486 6485 6471
f 6473 6487 6486 6472
f 6474 6488 6487 6473
f 6475 6489 6488 6474
f 6476 6490 6489 6475
f 6477 6491 6504 6490
f 6478 6492 6491 6477
f 6479 6493 6492 6478
f 6480 6494 6493 6479
f 6481 6495 6494 6480
f 6482 6496 6495 6481
f 6483 6497 6496 6482
f 6484 6498 6497 6483
f 6485 6499 6498 6484
f 6486 6500 6499 6485
f 6487 6501 6500 6486
f 6488 6502 6501 6487
f 6489 6503 6502 6488
f 6490 6504 6503 6489
f 6491 6505 6518 6504
f 6492 6506 6505 6491
f 6493 6507 6506 6492
f 6494 6508 6507 6493
f 6495 6509 6508 6494
f 6496 6510 6509 6495
f 6497 6511 6510 6496
f 6498 6512 6511 6497
f 6499 6513 6512 6498
f 6500 6514 6513 6499
f 6501 6515 6514 6500
f 6502 6516 6515 6501
f 6503 6517 6516 6502
f 6504 6518 6517 6503
f 6505 6519 6532 6518
f 6506 6520 6519 6505
f 6507 6521 6520 6506
f 6508 6522 6521 6507
f 6509 6523 6522 6508
f 6510 6524 6523 6509
f 6511 6525 6524 6510
f 6512 6526 6525 6511
f 6513 6527 6526 6512
f 6514 6528 6527 6513
f 6515 6529 6528 6514
f 6516 6530 6529 6515
f 6517 6531 6530 6516
f 6518 6532 6531 6517
f 6519 6533 6546 6532
f 6520 6534 6533 6519
f 6521 6535 6534 6520
f 6522 6536 6535 6521
f 6523 6537 6536 6522
f 6524 6538 6537 6523
f 6525 6539 6538 6524
f 6526 6540 6539 6525
f 6527 6541 6540 6526
f 6528 6542 6541 6527
f 6529 6543 6542 6528
f 6530 6544 6543 6529
f 6531 6545 6544 6530
f 6532 6546 6545 6531
f 6533 6547 6560 6546
f 6534 6548 6547 6533
f 6535 6549 6548 6534
f 6536 6550 6549 6535
f 6537 6551 6550 6536
f 6538 6552 6551 6537
f 6539 6553 6552 6538
f 6540 6554 6553 6539
f 6541 6555 6554 6540
f 6542 6556 6555 6541
f 6543 6557 6556 6542
f 6544 6558 6557 6543
f 6545 6559 6558 6544
f 6546 6560 6559 6545
f 6547 6561 6574 6560
f 6548 6562 6561 6547
f 6549 6563 6562 6548
f 6550 6564 6563 6549
f 6551 6565 6564 6550
f 6552 6566 6565 6551
f 6553 6567 6566 6552
f 6554 6568 6567 6553
f 6555 6569 6568 6554
f 6556 6570 6569 6555
f 6557 6571 6570 6556
f 6558 6572 6571 6557
f 6559 6573 6572 6558
f 6560 6574 6573 6559
f 6561 6575 6588 6574
f 6562 6576 6575 6561
f 6563 6577 6576 6562
f 6564 6578 6577 6563
f 6565 6579 6578 6564
f 6566 6580 6579 6565
f 6567 6581 6580 6566
f 6568 6582 6581 6567
f 6569 6583 6582 6568
f 6570 6584 6583 6569
f 6571 6585 6584 6570
f 6572 6586 6585 6571
f 6573 6587 6586 6572
f 6574 6588 6587 6573
f 6575 6589 6602 6588
f 6576 6590 6589 6575
f 6577 6591 6590 6576
f 6578 6592 6591 6577
f 6579 6593 6592 6578
f 6580 6594 6593 6579
f 6581 6595 6594 6580
f 6582 6596 6595 6581
f 6583 6597 6596 6582
f 6584 6598 6597 6583
f 6585 6599 6598 6584
f 6586 6600 6599 6585
f 6587 6601 6600 6586
f 6588 6602 6601 6587
f 6589 6603 6616 6602
f 6590 6604 6603 6589
f 6591 6605 6604 6590
f 6592 6606 6605 6591
f 6593 6607 6606 6592
f 6594 6608 6607 6593
f 6595 6609 6608 6594
f 6596 6610 6609 6595
f 6597 6611 6610 6596
f 6598 6612 6611 6597
f 6599 6613 6612 6598
f 6600 6614 6613 6599
f 6601 6615 6614 6600
f 6602 6616 6615 6601
f 6603 6617 6630 6616
f 6604 6618 6617 6603
f 6605 6619 6618 6604
f 6606 6620 6619 6605
f 6607 6621 6620 6606
f 6608 6622 6621 6607
f 6609 6623 6622 6608
f 6610 6624 6623 6609
f 6611 6625 6624 6610
f 6612 6626 6625 6611
f 6613 6627 6626 6612
f 6614 6628 6627 6613
f 6615 6629 6628 6614
f 6616 6630 6629 6615
f 6617 6631 6644 6630
f 6618 6632 6631 6617
f 6619 6633 6632 6618
f 6620 6634 6633 6619
f 6621 6635 6634 6620
f 6622 6636 6635 6621
f 6623 6637 6636 6622
f 6624 6638 6637 6623
f 6625 6639 6638 6624
f 6626 6640 6639 6625
f 6627 6641 6640 6626
f 6628 6642 6641 6627
f 6629 6643 6642 6628
f 6630 6644 6643 6629
f 6631 6645 6658 6644
f 6632 6646 6645 6631
f 6633 6647 6646 6632
f 6634 6648 6647 6633
f 6635 6649 6648 6634
f 6636 6650 6649 6635
f 6637 6651 6650 6636
f 6638 6652 6651 6637
f 6639 6653 6652 6638
f 6640 6654 6653 6639
f 6641 6655 6654 6640
f 6642 6656 6655 6641
f 6643 6657 6656 6642
f 6644 6658 6657 6643
f 6645 6659 6672 6658
f 6646 6660 6659 6645
f 6647 6661 6660 6646
f 6648 6662 6661 6647
f 6649 6663 6662 6648
f 6650 6664 6663 6649
f 6651 6665 6664 6650
f 6652 6666 6665 6651
f 6653 6667 6666 6652
f 6654 6668 6667 6653
f 6655 6669 6668 6654
f 6656 6670 6669 6655
f 6657 6671 6670 6656
f 6658 6672 6671 6657
f 6659 6673 6686 6672
f 6660 6674 6673 6659
f 6661 6675 6674 6660
f 6662 6676 6675 6661
f 6663 6677 6676 6662
f 6664 6678 6677 6663
f 6665 6679 6678 6664
f 6666 6680 6679 6665
f 6667 6681 6680 6666
f 6668 6682 6681 6667
f 6669 6683 6682 6668
f 6670 6684 6683 6669
f 6671 6685 6684 6670
f 6672 6686 6685 6671
f 6673 6687 6700 6686
f 6674 6688 6687 6673
f 6675 6689 6688 6674
f 6676 6690 6689 6675
f 6677 6691 6690 6676
f 6678 6692 6691 6677
f 6679 6693 6692 6678
f 6680 6694 6693 6679
f 6681 6695 6694 6680
f 6682 6696 6695 6681
f 6683 6697 6696 6682
f 6684 6698 6697 6683
f 6685 6699 6698 6684
f 6686 6700 6699 6685
f 6687 6701 6714 6700
f 6688 6702 6701 6687
f 6689 6703 6702 6688
f 6690 6704 6703 6689
f 6691 6705 6704 6690
f 6692 6706 6705 6691
f 6693 6707 6706 6692
f 6694 6708 6707 6693
f 6695 6709 6708 6694
f 6696 6710 6709 6695
f 6697 6711 6710 6696
f 6698 6712 6711 6697
f 6699 6713 6712 6698
f 6700 6714 6713 6699
f 6701 6715 6728 6714
f 6702 6716 6715 6701
f 6703 6717 6716 6702
f 6704 6718 6717 6703
f 6705 6719 6718 6704
f 6706 6720 6719 6705
f 6707 6721 6720 6706
f 6708 6722 6721 6707
f 6709 6723 6722 6708
f 6710 6724 6723 6709
f 6711 6725 6724 6710
f 6712 6726 6725 6711
f 6713 6727 6726 6712
f 6714 6728 6727 6713
f 6715 6729 6742 6728
f 6716 6730 6729 6715
f 6717 6731 6730 6716
f 6718 6732 6731 6717
f 6719 6733 6732 6718
f 6720 6734 6733 6719
f 6721 6735 6734 6720
f 6722 6736 6735 6721
f 6723 6737 6736 6722
f 6724 6738 6737 6723
f 6725 6739 6738 6724
f 6726 6740 6739 6725
f 6727 6741 6740 6726
f 6728 6742 6741 6727
f 6729 6743 6756 6742
f 6730 6744 6743 6729
f 6731 6745 6744 6730
f 6732 6746 6745 6731
f 6733 6747 6746 6732
f 6734 6748 6747 6733
f 6735 6749 6748 6734
f 6736 6750 6749 6735
f 6737 6751 6750 6736
f 6738 6752 6751 6737
f 6739 6753 6752 6738
f 6740 6754 6753 6739
f 6741 6755 6754 6740
f 6742 6756 6755 6741
f 6743 6757 6770 6756
f 6744 6758 6757 6743
f 6745 6759 6758 6744
f 6746 6760 6759 6745
f 6747 6761 6760 6746
f 6748 6762 6761 6747
f 6749 6763 6762 6748
f 6750 6764 6763 6749
f 6751 6765 6764 6750
f 6752 6766 6765 6751
f 6753 6767 6766 6752
f 6754 6768 6767 6753
f 6755 6769 6768 6754
f 6756 6770 6769 6755
f 6757 6771 6784 6770
f 6758 6772 6771 6757
f 6759 6773 6772 6758
f 6760 6774 6773 6759
f 6761 6775 6774 6760
f 6762 6776 6775 6761
f 6763 6777 6776 6762
f 6764 6778 6777 6763
f 6765 6779 6778 6764
f 6766 6780 6779 6765
f 6767 6781 6780 6766
f 6768 6782 6781 6767
f 6769 6783 6782 6768
f 6770 6784 6783 6769
f 6771 6785 6798 6784
f 6772 6786 6785 6771
f 6773 6787 6786 6772
f 6774 6788 6787 6773
f 6775 6789 6788 6774
f 6776 6790 6789 6775
f 6777 6791 6790 6776
f 6778 6792 6791 6777
f 6779 6793 6792 6778
f 6780 6794 6793 6779
f 6781 6795 6794 6780
f 6782 6796 6795 6781
f 6783 6797 6796 6782
f 6784 6798 6797 6783
f 6785 6799 6812 6798
f 6786 6800 6799 6785
f 6787 6801 6800 6786
f 6788 6802 6801 6787
f 6789 6803 6802 6788
f 6790 6804 6803 6789
f 6791 6805 6804 6790
f 6792 6806 6805 6791
f 6793 6807 6806 6792
f 6794 6808 6807 6793
f 6795 6809 6808 6794
f 6796 6810 6809 6795
f 6797 6811 6810 6796
f 6798 6812 6811 6797
f 6799 6813 6826 6812
f 6800 6814 6813 6799
f 6801 6815 6814 6800
f 6802 6816 6815 6801
f 6803 6817 6816 6802
f 6804 6818 6817 6803
f 6805 6819 6818 6804
f 6806 6820 6819 6805
f 6807 6821 6820 6806
f 6808 6822 6821 6807
f 6809 6823 6822 6808
f 6810 6824 6823 6809
f 6811 6825 6824 6810
f 6812 6826 6825 6811
f 6813 6827 6840 6826
f 6814 6828 6827 6813
f 6815 6829 6828 6814
f 6816 6830 6829 6815
f 6817 6831 6830 6816
f 6818 6832 6831 6817
f 6819 6833 6832 6818
f 6820 6834 6833 6819
f 6821 6835 6834 6820
f 6822 6836 6835 6821
f 6823 6837 6836 6822
f 6824 6838 6837 6823
f 6825 6839 6838 6824
f 6826 6840 6839 6825
f 6827 6841 6854 6840
f 6828 6842 6841 6827
f 6829 6843 6842 6828
f 6830 6844 6843 6829
f 6831 6845 6844 6830
f 6832 6846 6845 6831
f 6833 6847 6846 6832
f 6834 6848 6847 6833
f 6835 6849 6848 6834
f 6836 6850 6849 6835
f 6837 6851 6850 6836
f 6838 6852 6851 6837
f 6839 6853 6852 6838
f 6840 6854 6853 6839
f 6841 6855 6868 6854
f 6842 6856 6855 6841
f 6843 6857 6856 6842
f 6844 6858 6857 6843
f 6845 6859 6858 6844
f 6846 6860 6859 6845
f 6847 6861 6860 6846
f 6848 6862 6861 6847
f 6849 6863 6862 6848
f 6850 6864 6863 6849
f 6851 6865 6864 6850
f 6852 6866 6865 6851
f 6853 6867 6866 6852
f 6854 6868 6867 6853
f 6855 6869 6882 6868
f 6856 6870 6869 6855
f 6857 6871 6870 6856
f 6858 6872 6871 6857
f 6859 6873 6872 6858
f 6860 6874 6873 6859
f 6861 6875 6874 6860
f 6862 6876 6875 6861
f 6863 6877 6876 6862
f 6864 6878 6877 6863
f 6865 6879 6878 6864
f 6866 6880 6879 6865
f 6867 6881 6880 6866
f 6868 6882 6881 6867
f 6869 6883 6896 6882
f 6870 6884 6883 6869
f 6871 6885 6884 6870
f 6872 6886 6885 6871
f 6873 6887 6886 6872
f 6874 6888 6887 6873
f 6875 6889 6888 6874
f 6876 6890 6889 6875
f 6877 6891 6890 6876
f 6878 6892 6891 6877
f 6879 6893 6892 6878
f 6880 6894 6893 6879
f 6881 6895 6894 6880
f 6882 6896 6895 6881
f 6883 6897 6910 6896
f 6884 6898 6897 6883
f 6885 6899 6898 6884
f 6886 6900 6899 6885
f 6887 6901 6900 6886
f 6888 6902 6901 6887
f 6889 6903 6902 6888
f 6890 6904 6903 6889
f 6891 6905 6904 6890
f 6892 6906 6905 6891
f 6893 6907 6906 6892
f 6894 6908 6907 6893
f 6895 6909 6908 6894
f 6896 6910 6909 6895
f 6897 6911 6924 6910
f 6898 6912 6911 6897
f 6899 6913 6912 6898
f 6900 6914 6913 6899
f 6901 6915 6914 6900
f 6902 6916 6915 6901
f 6903 6917 6916 6902
f 6904 6918 6917 6903
f 6905 6919 6918 6904
f 6906 6920 6919 6905
f 6907 6921 6920 6906
f 6908 6922 6921 6907
f 6909 6923 6922 6908
f 6910 6924 6923 6909
f 6911 6925 6938 6924
f 6912 6926 6925 6911
f 6913 6927 6926 6912
f 6914 6928 6927 6913
f 6915 6929 6928 6914
f 6916 6930 6929 6915
f 6917 6931 6930 6916
f 6918 6932 6931 6917
f 6919 6933 6932 6918
f 6920 6934 6933 6919
f 6921 6935 6934 6920
f 6922 6936 6935 6921
f 6923 6937 6936 6922
f 6924 6938 6937 6923
f 6925 6939 6952 6938
f 6926 6940 6939 6925
f 6927 6941 6940 6926
f 6928 6942 6941 6927
f 6929 6943 6942 6928
f 6930 6944 6943 6929
f 6931 6945 6944 6930
f 6932 6946 6945 6931
f 6933 6947 6946 6932
f 6934 6948 6947 6933
f 6935 6949 6948 6934
f 6936 6950 6949 6935
f 6937 6951 6950 6936
f 6938 6952 6951 6937
f 6939 6953 6966 6952
f 6940 6954 6953 6939
f 6941 6955 6954 6940
f 6942 6956 6955 6941
f 6943 6957 6956 6942
f 6944 6958 6957 6943
f 6945 6959 6958 6944
f 6946 6960 6959 6945
f 6947 6961 6960 6946
f 6948 6962 6961 6947
f 6949 6963 6962 6948
f 6950 6964 6963 6949
f 6951 6965 6964 6950
f 6952 6966 6965 6951
f 6953 6967 6980 6966
f 6954 6968 6967 6953
f 6955 6969 6968 6954
f 6956 6970 6969 6955
f 6957 6971 6970 6956
f 6958 6972 6971 6957
f 6959 6973 6972 6958
f 6960 6974 6973 6959
f 6961 6975 6974 6960
f 6962 6976 6975 6961
f 6963 6977 6976 6962
f 6964 6978 6977 6963
f 6965 6979 6978 6964
f 6966 6980 6979 6965
f 6967 6981 6994 6980
f 6968 6982 6981 6967
f 6969 6983 6982 6968
f 6970 6984 6983 6969
f 6971 6985 6984 6970
f 6972 6986 6985 6971
f 6973 6987 6986 6972
f 6974 6988 6987 6973
f 6975 6989 6988 6974
f 6976 6990 6989 6975
f 6977 6991 6990 6976
f 6978 6992 6991 6977
f 6979 6993 6992 6978
f 6980 6994 6993 6979
f 6981 6995 7008 6994
f 6982 6996 6995 6981
f 6983 6997 6996 6982
f 6984 6998 6997 6983
f 6985 6999 6998 6984
f 6986 7000 6999 6985
f 6987 7001 7000 6986
f 6988 7002 7001 6987
f 6989 7003 7002 6988
f 6990 7004 7003 6989
f 6991 7005 7004 6990
f 6992 7006 7005 6991
f 6993 7007 7006 6992
f 6994 7008 7007 6993
f 6995 7009 7022 7008
f 6996 7010 7009 6995
f 6997 7011 7010 6996
f 6998 7012 7011 6997
f 6999 7013 7012 6998
f 7000 7014 7013 6999
f 7001 7015 7014 7000
f 7002 7016 7015 7001
f 7003 7017 7016 7002
f 7004 7018 7017 7003
f 7005 7019 7018 7004
f 7006 7020 7019 7005
f 7007 7021 7020 7006
f 7008 7022 7021 7007
f 7009 7023 7036 7022
f 7010 7024 7023 7009
f 7011 7025 7024 7010
f 7012 7026 7025 7011
f 7013 7027 7026 7012
f 7014 7028 7027 7013
f 7015 7029 7028 7014
f 7016 7030 7029 7015
f 7017 7031 7030 7016
f 7018 7032 7031 7017
f 7019 7033 7032 7018
f 7020 7034 7033 7019
f 7021 7035 7034 7020
f 7022 7036 7035 7021
f 7023 7037 7050 7036
f 7024 7038 7037 7023
f 7025 7039 7038 7024
f 7026 7040 7039 7025
f 7027 7041 7040 7026
f 7028 7042 7041 7027
f 7029 7043 7042 7028
f 7030 7044 7043 7029
f 7031 7045 7044 7030
f 7032 7046 7045 7031
f 7033 7047 7046 7032
f 7034 7048 7047 7033
f 7035 7049 7048 7034
f 7036 7050 7049 7035
f 7037 7051 7064 7050
f 7038 7052 7051 7037
f 7039 7053 7052 7038
f 7040 7054 7053 7039
f 7041 7055 7054 7040
f 7042 7056 7055 7041
f 7043 7057 7056 7042
f 7044 7058 7057 7043
f 7045 7059 7058 7044
f 7046 7060 7059 7045
f 7047 7061 7060 7046
f 7048 7062 7061 7047
f 7049 7063 7062 7048
f 7050 7064 7063 7049
f 7051 7065 7078 7064
f 7052 7066 7065 7051
f 7053 7067 7066 7052
f 7054 7068 7067 7053
f 7055 7069 7068 7054
f 7056 7070 7069 7055
f 7057 7071 7070 7056
f 7058 7072 7071 7057
f 7059 7073 7072 7058
f 7060 7074 7073 7059
f 7061 7075 7074 7060
f 7062 7076 7075 7061
f 7063 7077 7076 7062
f 7064 7078 7077 7063
f 7065 7079 7092 7078
f 7066 7080 7079 7065
f 7067 7081 7080 7066
f 7068 7082 7081 7067
f 7069 7083 7082 7068
f 7070 7084 7083 7069
f 7071 7085 7084 7070
f 7072 7086 7085 7071
f 7073 7087 7086 7072
f 7074 7088 7087 7073
f 7075 7089 7088 7074
f 7076 7090 7089 7075
f 7077 7091 7090 7076
f 7078 7092 7091 7077
f 7079 7093 7106 7092
f 7080 7094 7093 7079
f 7081 7095 7094 7080
f 7082 7096 7095 7081
f 7083 7097 7096 7082
f 7084 7098 7097 7083
f 7085 7099 7098 7084
f 7086 7100 7099 7085
f 7087 7101 7100 7086
f 7088 7102 7101 7087
f 7089 7103 7102 7088
f 7090 7104 7103 7089
f 7091 7105 7104 7090
f 7092 7106 7105 7091
f 7093 7107 7120 7106
f 7094 7108 7107 7093
f 7095 7109 7108 7094
f 7096 7110 7109 7095
f 7097 7111 7110 7096
f 7098 7112 7111 7097
f 7099 7113 7112 7098
f 7100 7114 7113 7099
f 7101 7115 7114 7100
f 7102 7116 7115 7101
f 7103 7117 7116 7102
f 7104 7118 7117 7103
f 7105 7119 7118 7104
f 7106 7120 7119 7105
f 7107 7121 7134 7120
f 7108 7122 7121 7107
f 7109 7123 7122 7108
f 7110 7124 7123 7109
f 7111 7125 7124 7110
f 7112 7126 7125 7111
f 7113 7127 7126 7112
f 7114 7128 7127 7113
f 7115 7129 7128 7114
f 7116 7130 7129 7115
f 7117 7131 7130 7116
f 7118 7132 7131 7117
f 7119 7133 7132 7118
f 7120 7134 7133 7119
f 7121 7135 7148 7134
f 7122 7136 7135 7121
f 7123 7137 7136 7122
f 7124 7138 7137 7123
f 7125 7139 7138 7124
f 7126 7140 7139 7125
f 7127 7141 7140 7126
f 7128 7142 7141 7127
f 7129 7143 7142 7128
f 7130 7144 7143 7129
f 7131 7145 7144 7130
f 7132 7146 7145 7131
f 7133 7147 7146 7132
f 7134 7148 7147 7133
f 7135 7149 7162 7148
f 7136 7150 7149 7135
f 7137 7151 7150 7136
f 7138 7152 7151 7137
f 7139 7153 7152 7138
f 7140 7154 7153 7139
f 7141 7155 7154 7140
f 7142 7156 7155 7141
f 7143 7157 7156 7142
f 7144 7158 7157 7143
f 7145 7159 7158 7144
f 7146 7160 7159 7145
f 7147 7161 7160 7146
f 7148 7162 7161 7147
f 7149 7163 7176 7162
f 7150 7164 7163 7149
f 7151 7165 7164 7150
f 7152 7166 7165 7151
f 7153 7167 7166 7152
f 7154 7168 7167 7153
f 7155 7169 7168 7154
f 7156 7170 7169 7155
f 7157 7171 7170 7156
f 7158 7172 7171 7157
f 7159 7173 7172 7158
f 7160 7174 7173 7159
f 7161 7175 7174 7160
f 7162 7176 7175 7161
f 7163 7177 7190 7176
f 7164 7178 7177 7163
f 7165 7179 7178 7164
f 7166 7180 7179 7165
f 7167 7181 7180 7166
f 7168 7182 7181 7167
f 7169 7183 7182 7168
f 7170 7184 7183 7169
f 7171 7185 7184 7170
f 7172 7186 7185 7171
f 7173 7187 7186 7172
f 7174 7188 7187 7173
f 7175 7189 7188 7174
f 7176 7190 7189 7175
f 7177 7191 7204 7190
f 7178 7192 7191 7177
f 7179 7193 7192 7178
f 7180 7194 7193 7179
f 7181 7195 7194 7180
f 7182 7196 7195 7181
f 7183 7197 7196 7182
f 7184 7198 7197 7183
f 7185 7199 7198 7184
f 7186 7200 7199 7185
f 7187 7201 7200 7186
f 7188 7202 7201 7187
f 7189 7203 7202 7188
f 7190 7204 7203 7189
f 7191 7205 7218 7204
f 7192 7206 7205 7191
f 7193 7207 7206 7192
f 7194 7208 7207 7193
f 7195 7209 7208 7194
f 7196 7210 7209 7195
f 7197 7211 7210 7196
f 7198 7212 7211 7197
f 7199 7213 7212 7198
f 7200 7214 7213 7199
f 7201 7215 7214 7200
f 7202 7216 7215 7201
f 7203 7217 7216 7202
f 7204 7218 7217 7203
f 7205 7219 7232 7218
f 7206 7220 7219 7205
f 7207 7221 7220 7206
f 7208 7222 7221 7207
f 7209 7223 7222 7208
f 7210 7224 7223 7209
f 7211 7225 7224 7210
f 7212 7226 7225 7211
f 7213 7227 7226 7212
f 7214 7228 7227 7213
f 7215 7229 7228 7214
f 7216 7230 7229 7215
f 7217 7231 7230 7216
f 7218 7232 7231 7217
f 7219 7233 7246 7232
f 7220 7234 7233 7219
f 7221 7235 7234 7220
f 7222 7236 7235 7221
f 7223 7237 7236 7222
f 7224 7238 7237 7223
f 7225 7239 7238 7224
f 7226 7240 7239 7225
f 7227 7241 7240 7226
f 7228 7242 7241 7227
f 7229 7243 7242 7228
f 7230 7244 7243 7229
f 7231 7245 7244 7230
f 7232 7246 7245 7231
f 7233 7247 7260 7246
f 7234 7248 7247 7233
f 7235 7249 7248 7234
f 7236 7250 7249 7235
f 7237 7251 7250 7236
f 7238 7252 7251 7237
f 7239 7253 7252 7238
f 7240 7254 7253 7239
f 7241 7255 7254 7240
f 7242 7256 7255 7241
f 7243 7257 7256 7242
f 7244 7258 7257 7243
f 7245 7259 7258 7244
f 7246 7260 7259 7245
f 7247 7261 7274 7260
f 7248 7262 7261 7247
f 7249 7263 7262 7248
f 7250 7264 7263 7249
f 7251 7265 7264 7250
f 7252 7266 7265 7251
f 7253 7267 7266 7252
f 7254 7268 7267 7253
f 7255 7269 7268 7254
f 7256 7270 7269 7255
f 7257 7271 7270 7256
f 7258 7272 7271 7257
f 7259 7273 7272 7258
f 7260 7274 7273 7259
f 7261 7275 7288 7274
f 7262 7276 7275 7261
f 7263 7277 7276 7262
f 7264 7278 7277 7263
f 7265 7279 7278 7264
f 7266 7280 7279 7265
f 7267 7281 7280 7266
f 7268 7282 7281 7267
f 7269 7283 7282 7268
f 7270 7284 7283 7269
f 7271 7285 7284 7270
f 7272 7286 7285 7271
f 7273 7287 7286 7272
f 7274 7288 7287 7273
f 7275 7289 7302 7288
f 7276 7290 7289 7275
f 7277 7291 7290 7276
f 7278 7292 7291 7277
f 7279 7293 7292 7278
f 7280 7294 7293 7279
f 7281 7295 7294 7280
f 7282 7296 7295 7281
f 7283 7297 7296 7282
f 7284 7298 7297 7283
f 7285 7299 7298 7284
f 7286 7300 7299 7285
f 7287 7301 7300 7286
f 7288 7302 7301 7287
f 7289 7303 7316 7302
f 7290 7304 7303 7289
f 7291 7305 7304 7290
f 7292 7306 7305 7291
f 7293 7307 7306 7292
f 7294 7308 7307 7293
f 7295 7309 7308 7294
f 7296 7310 7309 7295
f 7297 7311 7310 7296
f 7298 7312 7311 7297
f 7299 7313 7312 7298
f 7300 7314 7313 7299
f 7301 7315 7314 7300
f 7302 7316 7315 7301
f 7303 7317 7330 7316
f 7304 7318 7317 7303
f 7305 7319 7318 7304
f 7306 7320 7319 7305
f 7307 7321 7320 7306
f 7308 7322 7321 7307
f 7309 7323 7322 7308
f 7310 7324 7323 7309
f 7311 7325 7324 7310
f 7312 7326 7325 7311
f 7313 7327 7326 7312
f 7314 7328 7327 7313
f 7315 7329 7328 7314
f 7316 7330 7329 7315
f 7317 7331 7344 7330
f 7318 7332 7331 7317
f 7319 7333 7332 7318
f 7320 7334 7333 7319
f 7321 7335 7334 7320
f 7322 7336 7335 7321
f 7323 7337 7336 7322
f 7324 7338 7337 7323
f 7325 7339 7338 7324
f 7326 7340 7339 7325
f 7327 7341 7340 7326
f 7328 7342 7341 7327
f 7329 7343 7342 7328
f 7330 7344 7343 7329
f 7331 4601 4614 7344
f 7332 4602 4601 7331
f 7333 4603 4602 7332
f 7334 4604 4603 7333
f 7335 4605 4604 7334
f 7336 4606 4605 7335
f 7337 4607 4606 7336
f 7338 4608 4607 7337
f 7339 4609 4608 7338
f 7340 4610 4609 7339
f 7341 4611 4610 7340
f 7342 4612 4611 7341
f 7343 4613 4612 7342
f 7344 4614 4613 7343
g mirror_glass_sheet
v -0.0764286 0.01 1.24771
v -0.266479 0.01 1.00464
v -0.274844 0.01 1.0092
v -0.283343 0.01 1.01515
v -0.291882 0.01 1.02234
v -0.300368 0.01 1.0306
v -0.30871 0.01 1.03978
v -0.316814 0.01 1.0497
v -0.32459 0.01 1.06022
v -0.331943 0.01 1.07117
v -0.338782 0.01 1.0824
v -0.345014 0.01 1.09373
v -0.350548 0.01 1.10501
v -0.355289 0.01 1.11608
v -0.359147 0.01 1.12678
v -0.362029 0.01 1.13694
v -0.363672 0.01 1.14693
v -0.364 0.01 1.15719
v -0.363198 0.01 1.16765
v -0.36145 0.01 1.17826
v -0.358942 0.01 1.18897
v -0.355857 0.01 1.19971
v -0.352382 0.01 1.21044
v -0.3487 0.01 1.22109
v -0.344997 0.01 1.23161
v -0.341457 0.01 1.24194
v -0.338266 0.01 1.25203
v -0.335607 0.01 1.26181
v -0.333667 0.01 1.27125
v -0.332629 0.01 1.28026
v -0.332634 0.01 1.28895
v -0.333571 0.01 1.29744
v -0.335248 0.01 1.30572
v -0.337471 0.01 1.31379
v -0.340048 0.01 1.32166
v -0.342786 0.01 1.32931
v -0.345491 0.01 1.33677
v -0.347971 0.01 1.34401
v -0.350034 0.01 1.35106
v -0.351486 0.01 1.35789
v -0.352134 0.01 1.36452
v -0.351786 0.01 1.37094
v -0.350248 0.01 1.37716
v -0.347329 0.01 1.38316
v -0.342959 0.01 1.38878
v -0.337311 0.01 1.39389
v -0.330548 0.01 1.39856
v -0.322836 0.01 1.40289
v -0.314339 0.01 1.40695
v -0.305221 0.01 1.41084
v -0.295649 0.01 1.41463
v -0.285786 0.01 1.41841
v -0.275797 0.01 1.42227
v -0.265846 0.01 1.42629
v -0.2561 0.01 1.43055
v -0.246721 0.01 1.43514
v -0.237876 0.01 1.44014
v -0.229729 0.01 1.44564
v -0.22218 0.01 1.4519
v -0.214975 0.01 1.45901
v -0.208046 0.01 1.46679
v -0.201325 0.01 1.47506
v -0.194743 0.01 1.48364
v -0.188232 0.01 1.49234
v -0.181724 0.01 1.50099
v -0.17515 0.01 1.50941
v -0.168442 0.01 1.51741
v -0.161532 0.01 1.52482
v -0.154352 0.01 1.53145
v -0.146832 0.01 1.53712
v -0.138906 0.01 1.54165
v -0.130504 0.01 1.54486
v -0.121494 0.01 1.54682
v -0.111861 0.01 1.54777
v -0.101714 0.01 1.5478
v -0.0911607 0.01 1.54702
v -0.0803105 0.01 1.54551
v -0.0692714 0.01 1.54339
v -0.058152 0.01 1.54073
v -0.0470607 0.01 1.53764
v -0.036106 0.01 1.53422
v -0.0253964 0.01 1.53056
v -0.0150404 0.01 1.52676
v -0.00514644 0.01 1.52291
v 0.004177 0.01 1.51911
v 0.0128214 0.01 1.51546
v 0.0209321 0.01 1.51182
v 0.0287321 0.01 1.50796
v 0.0362295 0.01 1.5039
v 0.0434321 0.01 1.49964
v 0.0503482 0.01 1.49517
v 0.0569857 0.01 1.49049
v 0.0633527 0.01 1.4856
v 0.0694571 0.01 1.48051
v 0.0753071 0.01 1.47522
v 0.0809107 0.01 1.46971
v 0.0862759 0.01 1.464
v 0.0914107 0.01 1.45809
v 0.0963232 0.01 1.45197
v 0.101021 0.01 1.44564
v 0.105276 0.01 1.43903
v 0.108918 0.01 1.43207
v 0.112048 0.01 1.42482
v 0.114768 0.01 1.4173
v 0.117177 0.01 1.40955
v 0.119375 0.01 1.4016
v 0.121464 0.01 1.3935
v 0.123543 0.01 1.38527
v 0.125713 0.01 1.37696
v 0.128075 0.01 1.3686
v 0.130729 0.01 1.36023
v 0.133775 0.01 1.35188
v 0.137314 0.01 1.34359
v 0.141446 0.01 1.33539
v 0.146465 0.01 1.32722
v 0.152461 0.01 1.31901
v 0.159227 0.01 1.31074
v 0.166561 0.01 1.30243
v 0.174256 0.01 1.29408
v 0.182107 0.01 1.2857
v 0.18991 0.01 1.27728
v 0.197461 0.01 1.26883
v 0.204553 0.01 1.26036
v 0.210982 0.01 1.25187
v 0.216544 0.01 1.24336
v 0.221032 0.01 1.23485
v 0.224243 0.01 1.22632
v 0.225971 0.01 1.21779
v 0.226202 0.01 1.20918
v 0.225157 0.01 1.20043
v 0.222984 0.01 1.19158
v 0.219832 0.01 1.18266
v 0.21585 0.01 1.17369
v 0.211186 0.01 1.16472
v 0.205989 0.01 1.15577
v 0.200407 0.01 1.14688
v 0.19459 0.01 1.13808
v 0.188686 0.01 1.1294
v 0.182843 0.01 1.12087
v 0.177211 0.01 1.11252
v 0.171937 0.01 1.10439
v 0.167171 0.01 1.09651
v 0.162803 0.01 1.0886
v 0.158589 0.01 1.08042
v 0.154477 0.01 1.07208
v 0.150414 0.01 1.0637
v 0.146349 0.01 1.05537
v 0.142229 0.01 1.04721
v 0.138001 0.01 1.03932
v 0.133614 0.01 1.03182
v 0.129016 0.01 1.02481
v 0.124154 0.01 1.01841
v 0.118975 0.01 1.01271
v 0.113429 0.01 1.00783
v 0.107461 0.01 1.00388
v 0.101021 0.01 1.00096
v 0.0940304 0.01 0.999286
v 0.0864929 0.01 0.998864
v 0.0784813 0.01 0.99953
v 0.0700679 0.01 1.00111
v 0.061325 0.01 1.00345
v 0.052325 0.01 1.00636
v 0.0431402 0.01 1.00969
v 0.0338429 0.01 1.01326
v 0.0245054 0.01 1.01691
v 0.0152 0.01 1.02046
v 0.0059991 0.01 1.02375
v -0.00302501 0.01 1.02661
v -0.0118 0.01 1.02887
v -0.0202536 0.01 1.03036
v -0.0284071 0.01 1.03133
v -0.0363571 0.01 1.03213
v -0.0441438 0.01 1.03277
v -0.0518071 0.01 1.03326
v -0.0593875 0.01 1.03359
v -0.066925 0.01 1.03377
v -0.0744598 0.01 1.03381
v -0.0820321 0.01 1.03371
v -0.0896821 0.01 1.03347
v -0.09745 0.01 1.0331
v -0.105376 0.01 1.0326
v -0.1135 0.01 1.03197
v -0.121862 0.01 1.03123
v -0.130504 0.01 1.03036
v -0.13952 0.01 1.02894
v -0.148932 0.01 1.02666
v -0.158669 0.01 1.0237
v -0.168657 0.01 1.02028
v -0.178825 0.01 1.0166
v -0.1891 0.01 1.01285
v -0.19941 0.01 1.00923
v -0.209682 0.01 1.00596
v -0.219845 0.01 1.00322
v -0.229825 0.01 1.00122
v -0.239551 0.01 1.00016
v -0.24895 0.01 1.00025
v -0.25795 0.01 1.00167
usemtl subtle_translucent_mirror_glass_003
f 7345 7346 7347
f 7345 7347 7348
f 7345 7348 7349
f 7345 7349 7350
f 7345 7350 7351
f 7345 7351 7352
f 7345 7352 7353
f 7345 7353 7354
f 7345 7354 7355
f 7345 7355 7356
f 7345 7356 7357
f 7345 7357 7358
f 7345 7358 7359
f 7345 7359 7360
f 7345 7360 7361
f 7345 7361 7362
f 7345 7362 7363
f 7345 7363 7364
f 7345 7364 7365
f 7345 7365 7366
f 7345 7366 7367
f 7345 7367 7368
f 7345 7368 7369
f 7345 7369 7370
f 7345 7370 7371
f 7345 7371 7372
f 7345 7372 7373
f 7345 7373 7374
f 7345 7374 7375
f 7345 7375 7376
f 7345 7376 7377
f 7345 7377 7378
f 7345 7378 7379
f 7345 7379 7380
f 7345 7380 7381
f 7345 7381 7382
f 7345 7382 7383
f 7345 7383 7384
f 7345 7384 7385
f 7345 7385 7386
f 7345 7386 7387
f 7345 7387 7388
f 7345 7388 7389
f 7345 7389 7390
f 7345 7390 7391
f 7345 7391 7392
f 7345 7392 7393
f 7345 7393 7394
f 7345 7394 7395
f 7345 7395 7396
f 7345 7396 7397
f 7345 7397 7398
f 7345 7398 7399
f 7345 7399 7400
f 7345 7400 7401
f 7345 7401 7402
f 7345 7402 7403
f 7345 7403 7404
f 7345 7404 7405
f 7345 7405 7406
f 7345 7406 7407
f 7345 7407 7408
f 7345 7408 7409
f 7345 7409 7410
f 7345 7410 7411
f 7345 7411 7412
f 7345 7412 7413
f 7345 7413 7414
f 7345 7414 7415
f 7345 7415 7416
f 7345 7416 7417
f 7345 7417 7418
f 7345 7418 7419
f 7345 7419 7420
f 7345 7420 7421
f 7345 7421 7422
f 7345 7422 7423
f 7345 7423 7424
f 7345 7424 7425
f 7345 7425 7426
f 7345 7426 7427
f 7345 7427 7428
f 7345 7428 7429
f 7345 7429 7430
f 7345 7430 7431
f 7345 7431 7432
f 7345 7432 7433
f 7345 7433 7434
f 7345 7434 7435
f 7345 7435 7436
f 7345 7436 7437
f 7345 7437 7438
f 7345 7438 7439
f 7345 7439 7440
f 7345 7440 7441
f 7345 7441 7442
f 7345 7442 7443
f 7345 7443 7444
f 7345 7444 7445
f 7345 7445 7446
f 7345 7446 7447
f 7345 7447 7448
f 7345 7448 7449
f 7345 7449 7450
f 7345 7450 7451
f 7345 7451 7452
f 7345 7452 7453
f 7345 7453 7454
f 7345 7454 7455
f 7345 7455 7456
f 7345 7456 7457
f 7345 7457 7458
f 7345 7458 7459
f 7345 7459 7460
f 7345 7460 7461
f 7345 7461 7462
f 7345 7462 7463
f 7345 7463 7464
f 7345 7464 7465
f 7345 7465 7466
f 7345 7466 7467
f 7345 7467 7468
f 7345 7468 7469
f 7345 7469 7470
f 7345 7470 7471
f 7345 7471 7472
f 7345 7472 7473
f 7345 7473 7474
f 7345 7474 7475
f 7345 7475 7476
f 7345 7476 7477
f 7345 7477 7478
f 7345 7478 7479
f 7345 7479 7480
f 7345 7480 7481
f 7345 7481 7482
f 7345 7482 7483
f 7345 7483 7484
f 7345 7484 7485
f 7345 7485 7486
f 7345 7486 7487
f 7345 7487 7488
f 7345 7488 7489
f 7345 7489 7490
f 7345 7490 7491
f 7345 7491 7492
f 7345 7492 7493
f 7345 7493 7494
f 7345 7494 7495
f 7345 7495 7496
f 7345 7496 7497
f 7345 7497 7498
f 7345 7498 7499
f 7345 7499 7500
f 7345 7500 7501
f 7345 7501 7502
f 7345 7502 7503
f 7345 7503 7504
f 7345 7504 7505
f 7345 7505 7506
f 7345 7506 7507
f 7345 7507 7508
f 7345 7508 7509
f 7345 7509 7510
f 7345 7510 7511
f 7345 7511 7512
f 7345 7512 7513
f 7345 7513 7514
f 7345 7514 7515
f 7345 7515 7516
f 7345 7516 7517
f 7345 7517 7518
f 7345 7518 7519
f 7345 7519 7520
f 7345 7520 7521
f 7345 7521 7522
f 7345 7522 7523
f 7345 7523 7524
f 7345 7524 7525
f 7345 7525 7526
f 7345 7526 7527
f 7345 7527 7528
f 7345 7528 7529
f 7345 7529 7530
f 7345 7530 7531
f 7345 7531 7532
f 7345 7532 7533
f 7345 7533 7534
f 7345 7534 7535
f 7345 7535 7536
f 7345 7536 7537
f 7345 7537 7538
f 7345 7538 7539
f 7345 7539 7540
f 7345 7540 7541
f 7345 7541 7346
