mtllib drawer_left_link.mtl
o drawer_left_link
g drawer_left_body
v -0.3875 -0.00999999 -0.1125
v -0.3875 -0.0225 -0.1
v -0.4 -0.00999999 -0.1
v -0.3875 -0.0124387 -0.11226
v -0.3875 -0.0147836 -0.111548
v -0.3875 -0.0169446 -0.110393
v -0.3875 -0.0188388 -0.108839
v -0.389939 -0.00999999 -0.11226
v -0.390013 -0.0125447 -0.111977
v -0.390017 -0.0149087 -0.111217
v -0.389995 -0.0169531 -0.110084
v -0.389983 -0.0186574 -0.108668
v -0.392284 -0.00999999 -0.111548
v -0.392402 -0.0125454 -0.111214
v -0.392339 -0.0148506 -0.110455
v -0.392193 -0.0167246 -0.109434
v -0.392109 -0.0182148 -0.108217
v -0.394445 -0.00999999 -0.110393
v -0.394465 -0.0125105 -0.110071
v -0.394227 -0.0146994 -0.10943
v -0.393887 -0.0163867 -0.108641
v -0.393705 -0.0176728 -0.107673
v -0.394717 -0.0172169 -0.107217
v -0.389939 -0.0222598 -0.1
v -0.392284 -0.0215485 -0.1
v -0.394445 -0.0203934 -0.1
v -0.396339 -0.0188388 -0.1
v -0.3875 -0.0222598 -0.102439
v -0.390045 -0.0219774 -0.102513
v -0.392409 -0.0212169 -0.102517
v -0.394453 -0.0200836 -0.102495
v -0.396157 -0.0186681 -0.102483
v -0.3875 -0.0215485 -0.104784
v -0.390045 -0.0212136 -0.104902
v -0.392351 -0.0204549 -0.104839
v -0.394225 -0.0194343 -0.104693
v -0.395715 -0.0182174 -0.104609
v -0.3875 -0.0203934 -0.106945
v -0.390011 -0.0200715 -0.106965
v -0.392199 -0.0194296 -0.106727
v -0.393887 -0.0186412 -0.106387
v -0.395173 -0.0176728 -0.106205
v -0.39976 -0.00999999 -0.102439
v -0.399049 -0.00999999 -0.104784
v -0.397893 -0.00999999 -0.106945
v -0.396339 -0.00999999 -0.108839
v -0.39976 -0.0124387 -0.1
v -0.399477 -0.0125133 -0.102545
v -0.398717 -0.0125172 -0.104909
v -0.397584 -0.0124953 -0.106953
v -0.396168 -0.0124828 -0.108657
v -0.399049 -0.0147836 -0.1
v -0.398714 -0.0149017 -0.102545
v -0.397955 -0.0148391 -0.104851
v -0.396934 -0.0146928 -0.106725
v -0.395717 -0.0146087 -0.108215
v -0.397893 -0.0169446 -0.1
v -0.397572 -0.016965 -0.102511
v -0.39693 -0.0167267 -0.104699
v -0.396141 -0.0163867 -0.106387
v -0.395173 -0.0162054 -0.107673
v -0.3875 -0.0225 0.1
v -0.3875 -0.00999999 0.1125
v -0.4 -0.00999999 0.1
v -0.3875 -0.0222598 0.102439
v -0.3875 -0.0215485 0.104784
v -0.3875 -0.0203934 0.106945
v -0.3875 -0.0188388 0.108839
v -0.389939 -0.0222598 0.1
v -0.390013 -0.0219774 0.102545
v -0.390017 -0.0212169 0.104909
v -0.389995 -0.0200836 0.106953
v -0.389983 -0.0186681 0.108657
v -0.392284 -0.0215485 0.1
v -0.392402 -0.0212136 0.102545
v -0.392339 -0.0204549 0.104851
v -0.392193 -0.0194343 0.106725
v -0.392109 -0.0182174 0.108215
v -0.394445 -0.0203934 0.1
v -0.394465 -0.0200715 0.102511
v -0.394227 -0.0194296 0.104699
v -0.393887 -0.0186412 0.106387
v -0.393705 -0.0176728 0.107673
v -0.394717 -0.0172169 0.107217
v -0.389939 -0.00999999 0.11226
v -0.392284 -0.00999999 0.111548
v -0.394445 -0.00999999 0.110393
v -0.396339 -0.00999999 0.108839
v -0.3875 -0.0124387 0.11226
v -0.390045 -0.0125133 0.111977
v -0.392409 -0.0125172 0.111217
v -0.394453 -0.0124953 0.110084
v -0.396157 -0.0124828 0.108668
v -0.3875 -0.0147836 0.111548
v -0.390045 -0.0149017 0.111214
v -0.392351 -0.0148391 0.110455
v -0.394225 -0.0146928 0.109434
v -0.395715 -0.0146087 0.108217
v -0.3875 -0.0169446 0.110393
v -0.390011 -0.016965 0.110071
v -0.392199 -0.0167267 0.10943
v -0.393887 -0.0163867 0.108641
v -0.395173 -0.0162054 0.107673
v -0.39976 -0.0124387 0.1
v -0.399049 -0.0147836 0.1
v -0.397893 -0.0169446 0.1
v -0.396339 -0.0188388 0.1
v -0.39976 -0.00999999 0.102439
v -0.399477 -0.0125447 0.102513
v -0.398717 -0.0149087 0.102517
v -0.397584 -0.0169531 0.102495
v -0.396168 -0.0186574 0.102483
v -0.399049 -0.00999999 0.104784
v -0.398714 -0.0125454 0.104902
v -0.397955 -0.0148506 0.104839
v -0.396934 -0.0167246 0.104693
v -0.395717 -0.0182148 0.104609
v -0.397893 -0.00999999 0.106945
v -0.397572 -0.0125105 0.106965
v -0.39693 -0.0146994 0.106727
v -0.396141 -0.0163867 0.106387
v -0.395173 -0.0176728 0.106205
v -0.3875 0.01 -0.1125
v -0.4 0.01 -0.1
v -0.3875 0.0225 -0.1
v -0.389939 0.01 -0.11226
v -0.392284 0.01 -0.111548
v -0.394445 0.01 -0.110393
v -0.396339 0.01 -0.108839
v -0.3875 0.0124387 -0.11226
v -0.390045 0.0125134 -0.111977
v -0.392409 0.0125172 -0.111217
v -0.394453 0.0124952 -0.110084
v -0.396157 0.0124828 -0.108668
v -0.3875 0.0147836 -0.111548
v -0.390045 0.0149017 -0.111214
v -0.392351 0.0148391 -0.110455
v -0.394225 0.0146928 -0.109434
v -0.395715 0.0146088 -0.108217
v -0.3875 0.0169446 -0.110393
v -0.390011 0.0169651 -0.110071
v -0.392199 0.0167267 -0.10943
v -0.393887 0.0163867 -0.108641
v -0.395173 0.0162054 -0.107673
v -0.394717 0.0172169 -0.107217
v -0.39976 0.0124387 -0.1
v -0.399049 0.0147836 -0.1
v -0.397893 0.0169446 -0.1
v -0.396339 0.0188389 -0.1
v -0.39976 0.01 -0.102439
v -0.399477 0.0125447 -0.102513
v -0.398717 0.0149088 -0.102517
v -0.397584 0.0169531 -0.102495
v -0.396168 0.0186574 -0.102483
v -0.399049 0.01 -0.104784
v -0.398714 0.0125454 -0.104902
v -0.397955 0.0148506 -0.104839
v -0.396934 0.0167247 -0.104693
v -0.395717 0.0182148 -0.104609
v -0.397893 0.01 -0.106945
v -0.397572 0.0125106 -0.106965
v -0.39693 0.0146994 -0.106727
v -0.396141 0.0163867 -0.106387
v -0.395173 0.0176728 -0.106205
v -0.3875 0.0222598 -0.102439
v -0.3875 0.0215485 -0.104784
v -0.3875 0.0203934 -0.106945
v -0.3875 0.0188389 -0.108839
v -0.389939 0.0222598 -0.1
v -0.390013 0.0219774 -0.102545
v -0.390017 0.0212169 -0.104909
v -0.389995 0.0200836 -0.106953
v -0.389983 0.0186681 -0.108657
v -0.392284 0.0215485 -0.1
v -0.392402 0.0212136 -0.102545
v -0.392339 0.0204549 -0.104851
v -0.392193 0.0194344 -0.106725
v -0.392109 0.0182174 -0.108215
v -0.394445 0.0203934 -0.1
v -0.394465 0.0200715 -0.102511
v -0.394227 0.0194296 -0.104699
v -0.393887 0.0186411 -0.106387
v -0.393705 0.0176728 -0.107673
v -0.3875 0.01 0.1125
v -0.3875 0.0225 0.1
v -0.4 0.01 0.1
v -0.3875 0.0124387 0.11226
v -0.3875 0.0147836 0.111548
v -0.3875 0.0169446 0.110393
v -0.3875 0.0188388 0.108839
v -0.389939 0.01 0.11226
v -0.390013 0.0125447 0.111977
v -0.390017 0.0149088 0.111217
v -0.389995 0.0169531 0.110084
v -0.389983 0.0186574 0.108668
v -0.392284 0.01 0.111548
v -0.392402 0.0125454 0.111214
v -0.392339 0.0148506 0.110455
v -0.392193 0.0167247 0.109434
v -0.392109 0.0182148 0.108217
v -0.394445 0.01 0.110393
v -0.394465 0.0125105 0.110071
v -0.394227 0.0146994 0.10943
v -0.393887 0.0163867 0.108641
v -0.393705 0.0176728 0.107673
v -0.394717 0.0172169 0.107217
v -0.389939 0.0222598 0.1
v -0.392284 0.0215485 0.1
v -0.394445 0.0203934 0.1
v -0.396339 0.0188388 0.1
v -0.3875 0.0222598 0.102439
v -0.390045 0.0219774 0.102513
v -0.392409 0.0212169 0.102517
v -0.394453 0.0200836 0.102495
v -0.396157 0.0186681 0.102483
v -0.3875 0.0215485 0.104784
v -0.390045 0.0212136 0.104902
v -0.392351 0.0204549 0.104839
v -0.394225 0.0194344 0.104693
v -0.395715 0.0182174 0.104609
v -0.3875 0.0203934 0.106945
v -0.390011 0.0200715 0.106965
v -0.392199 0.0194296 0.106727
v -0.393887 0.0186411 0.106387
v -0.395173 0.0176728 0.106205
v -0.39976 0.01 0.102439
v -0.399049 0.01 0.104784
v -0.397893 0.01 0.106945
v -0.396339 0.01 0.108839
v -0.39976 0.0124387 0.1
v -0.399477 0.0125133 0.102545
v -0.398717 0.0125172 0.104909
v -0.397584 0.0124952 0.106953
v -0.396168 0.0124828 0.108657
v -0.399049 0.0147836 0.1
v -0.398714 0.0149017 0.102545
v -0.397955 0.0148391 0.104851
v -0.396934 0.0146928 0.106725
v -0.395717 0.0146088 0.108215
v -0.397893 0.0169446 0.1
v -0.397572 0.0169651 0.102511
v -0.39693 0.0167267 0.104699
v -0.396141 0.0163867 0.106387
v -0.395173 0.0162054 0.107673
v 0.3875 -0.00999999 -0.1125
v 0.4 -0.00999999 -0.1
v 0.3875 -0.0225 -0.1
v 0.389939 -0.00999999 -0.11226
v 0.392284 -0.00999999 -0.111548
v 0.394445 -0.00999999 -0.110393
v 0.396339 -0.00999999 -0.108839
v 0.3875 -0.0124387 -0.11226
v 0.390045 -0.0125133 -0.111977
v 0.392409 -0.0125172 -0.111217
v 0.394453 -0.0124953 -0.110084
v 0.396157 -0.0124828 -0.108668
v 0.3875 -0.0147836 -0.111548
v 0.390045 -0.0149017 -0.111214
v 0.392351 -0.0148391 -0.110455
v 0.394225 -0.0146928 -0.109434
v 0.395715 -0.0146088 -0.108217
v 0.3875 -0.0169446 -0.110393
v 0.390011 -0.016965 -0.110071
v 0.392199 -0.0167267 -0.10943
v 0.393887 -0.0163867 -0.108641
v 0.395173 -0.0162054 -0.107673
v 0.394717 -0.0172169 -0.107217
v 0.39976 -0.0124387 -0.1
v 0.399049 -0.0147836 -0.1
v 0.397893 -0.0169446 -0.1
v 0.396339 -0.0188388 -0.1
v 0.39976 -0.00999999 -0.102439
v 0.399477 -0.0125447 -0.102513
v 0.398717 -0.0149087 -0.102517
v 0.397584 -0.0169531 -0.102495
v 0.396168 -0.0186574 -0.102483
v 0.399049 -0.00999999 -0.104784
v 0.398714 -0.0125454 -0.104902
v 0.397955 -0.0148506 -0.104839
v 0.396934 -0.0167246 -0.104693
v 0.395717 -0.0182148 -0.104609
v 0.397893 -0.00999999 -0.106945
v 0.397572 -0.0125105 -0.106965
v 0.39693 -0.0146994 -0.106727
v 0.396141 -0.0163867 -0.106387
v 0.395173 -0.0176728 -0.106205
v 0.3875 -0.0222598 -0.102439
v 0.3875 -0.0215485 -0.104784
v 0.3875 -0.0203934 -0.106945
v 0.3875 -0.0188388 -0.108839
v 0.389939 -0.0222598 -0.1
v 0.390013 -0.0219774 -0.102545
v 0.390017 -0.0212169 -0.104909
v 0.389995 -0.0200836 -0.106953
v 0.389983 -0.0186681 -0.108657
v 0.392284 -0.0215485 -0.1
v 0.392402 -0.0212136 -0.102545
v 0.392339 -0.0204549 -0.104851
v 0.392193 -0.0194343 -0.106725
v 0.392109 -0.0182174 -0.108215
v 0.394445 -0.0203934 -0.1
v 0.394465 -0.0200715 -0.102511
v 0.394227 -0.0194296 -0.104699
v 0.393887 -0.0186412 -0.106387
v 0.393705 -0.0176728 -0.107673
v 0.3875 -0.00999999 0.1125
v 0.3875 -0.0225 0.1
v 0.4 -0.00999999 0.1
v 0.3875 -0.0124387 0.11226
v 0.3875 -0.0147836 0.111548
v 0.3875 -0.0169446 0.110393
v 0.3875 -0.0188388 0.108839
v 0.389939 -0.00999999 0.11226
v 0.390013 -0.0125447 0.111977
v 0.390017 -0.0149087 0.111217
v 0.389995 -0.0169531 0.110084
v 0.389983 -0.0186574 0.108668
v 0.392284 -0.00999999 0.111548
v 0.392402 -0.0125454 0.111214
v 0.392339 -0.0148506 0.110455
v 0.392193 -0.0167246 0.109434
v 0.392109 -0.0182148 0.108217
v 0.394445 -0.00999999 0.110393
v 0.394465 -0.0125105 0.110071
v 0.394227 -0.0146994 0.10943
v 0.393887 -0.0163867 0.108641
v 0.393705 -0.0176728 0.107673
v 0.394717 -0.0172169 0.107217
v 0.389939 -0.0222598 0.1
v 0.392284 -0.0215485 0.1
v 0.394445 -0.0203934 0.1
v 0.396339 -0.0188388 0.1
v 0.3875 -0.0222598 0.102439
v 0.390045 -0.0219774 0.102513
v 0.392409 -0.0212169 0.102517
v 0.394453 -0.0200836 0.102495
v 0.396157 -0.0186681 0.102483
v 0.3875 -0.0215485 0.104784
v 0.390045 -0.0212136 0.104902
v 0.392351 -0.0204549 0.104839
v 0.394225 -0.0194343 0.104693
v 0.395715 -0.0182174 0.104609
v 0.3875 -0.0203934 0.106945
v 0.390011 -0.0200715 0.106965
v 0.392199 -0.0194296 0.106727
v 0.393887 -0.0186412 0.106387
v 0.395173 -0.0176728 0.106205
v 0.39976 -0.00999999 0.102439
v 0.399049 -0.00999999 0.104784
v 0.397893 -0.00999999 0.106945
v 0.396339 -0.00999999 0.108839
v 0.39976 -0.0124387 0.1
v 0.399477 -0.0125133 0.102545
v 0.398717 -0.0125172 0.104909
v 0.397584 -0.0124953 0.106953
v 0.396168 -0.0124828 0.108657
v 0.399049 -0.0147836 0.1
v 0.398714 -0.0149017 0.102545
v 0.397955 -0.0148391 0.104851
v 0.396934 -0.0146928 0.106725
v 0.395717 -0.0146087 0.108215
v 0.397893 -0.0169446 0.1
v 0.397572 -0.016965 0.102511
v 0.39693 -0.0167267 0.104699
v 0.396141 -0.0163867 0.106387
v 0.395173 -0.0162054 0.107673
v 0.3875 0.01 -0.1125
v 0.3875 0.0225 -0.1
v 0.4 0.01 -0.1
v 0.3875 0.0124387 -0.11226
v 0.3875 0.0147836 -0.111548
v 0.3875 0.0169446 -0.110393
v 0.3875 0.0188388 -0.108839
v 0.389939 0.01 -0.11226
v 0.390013 0.0125447 -0.111977
v 0.390017 0.0149088 -0.111217
v 0.389995 0.0169531 -0.110084
v 0.389983 0.0186574 -0.108668
v 0.392284 0.01 -0.111548
v 0.392402 0.0125454 -0.111214
v 0.392339 0.0148506 -0.110455
v 0.392193 0.0167247 -0.109434
v 0.392109 0.0182148 -0.108217
v 0.394445 0.01 -0.110393
v 0.394465 0.0125105 -0.110071
v 0.394227 0.0146994 -0.10943
v 0.393887 0.0163867 -0.108641
v 0.393705 0.0176728 -0.107673
v 0.394717 0.0172169 -0.107217
v 0.389939 0.0222598 -0.1
v 0.392284 0.0215485 -0.1
v 0.394445 0.0203934 -0.1
v 0.396339 0.0188388 -0.1
v 0.3875 0.0222598 -0.102439
v 0.390045 0.0219774 -0.102513
v 0.392409 0.0212169 -0.102517
v 0.394453 0.0200836 -0.102495
v 0.396157 0.0186681 -0.102483
v 0.3875 0.0215485 -0.104784
v 0.390045 0.0212136 -0.104902
v 0.392351 0.0204549 -0.104839
v 0.394225 0.0194344 -0.104693
v 0.395715 0.0182174 -0.104609
v 0.3875 0.0203934 -0.106945
v 0.390011 0.0200715 -0.106965
v 0.392199 0.0194296 -0.106727
v 0.393887 0.0186411 -0.106387
v 0.395173 0.0176728 -0.106205
v 0.39976 0.01 -0.102439
v 0.399049 0.01 -0.104784
v 0.397893 0.01 -0.106945
v 0.396339 0.01 -0.108839
v 0.39976 0.0124387 -0.1
v 0.399477 0.0125133 -0.102545
v 0.398717 0.0125172 -0.104909
v 0.397584 0.0124952 -0.106953
v 0.396168 0.0124828 -0.108657
v 0.399049 0.0147836 -0.1
v 0.398714 0.0149017 -0.102545
v 0.397955 0.0148391 -0.104851
v 0.396934 0.0146928 -0.106725
v 0.395717 0.0146088 -0.108215
v 0.397893 0.0169446 -0.1
v 0.397572 0.0169651 -0.102511
v 0.39693 0.0167267 -0.104699
v 0.396141 0.0163867 -0.106387
v 0.395173 0.0162054 -0.107673
v 0.3875 0.01 0.1125
v 0.4 0.01 0.1
v 0.3875 0.0225 0.1
v 0.389939 0.01 0.11226
v 0.392284 0.01 0.111548
v 0.394445 0.01 0.110393
v 0.396339 0.01 0.108839
v 0.3875 0.0124387 0.11226
v 0.390045 0.0125134 0.111977
v 0.392409 0.0125172 0.111217
v 0.394453 0.0124952 0.110084
v 0.396157 0.0124828 0.108668
v 0.3875 0.0147836 0.111548
v 0.390045 0.0149017 0.111214
v 0.392351 0.0148391 0.110455
v 0.394225 0.0146928 0.109434
v 0.395715 0.0146088 0.108217
v 0.3875 0.0169446 0.110393
v 0.390011 0.0169651 0.110071
v 0.392199 0.0167267 0.10943
v 0.393887 0.0163867 0.108641
v 0.395173 0.0162054 0.107673
v 0.394717 0.0172169 0.107217
v 0.39976 0.0124387 0.1
v 0.399049 0.0147836 0.1
v 0.397893 0.0169446 0.1
v 0.396339 0.0188389 0.1
v 0.39976 0.01 0.102439
v 0.399477 0.0125447 0.102513
v 0.398717 0.0149088 0.102517
v 0.397584 0.0169531 0.102495
v 0.396168 0.0186574 0.102483
v 0.399049 0.01 0.104784
v 0.398714 0.0125454 0.104902
v 0.397955 0.0148506 0.104839
v 0.396934 0.0167247 0.104693
v 0.395717 0.0182148 0.104609
v 0.397893 0.01 0.106945
v 0.397572 0.0125106 0.106965
v 0.39693 0.0146994 0.106727
v 0.396141 0.0163867 0.106387
v 0.395173 0.0176728 0.106205
v 0.3875 0.0222598 0.102439
v 0.3875 0.0215485 0.104784
v 0.3875 0.0203934 0.106945
v 0.3875 0.0188389 0.108839
v 0.389939 0.0222598 0.1
v 0.390013 0.0219774 0.102545
v 0.390017 0.0212169 0.104909
v 0.389995 0.0200836 0.106953
v 0.389983 0.0186681 0.108657
v 0.392284 0.0215485 0.1
v 0.392402 0.0212136 0.102545
v 0.392339 0.0204549 0.104851
v 0.392193 0.0194344 0.106725
v 0.392109 0.0182174 0.108215
v 0.394445 0.0203934 0.1
v 0.394465 0.0200715 0.102511
v 0.394227 0.0194296 0.104699
v 0.393887 0.0186411 0.106387
v 0.393705 0.0176728 0.107673
v -0.3375 0.0325 -0.1225
v -0.3375 0.02 -0.11
v -0.35 0.0325 -0.11
v -0.3375 0.0300614 -0.12226
v -0.3375 0.0277165 -0.121548
v -0.3375 0.0255554 -0.120393
v -0.3375 0.0236612 -0.118839
v -0.339939 0.0325 -0.12226
v -0.340013 0.0299553 -0.121977
v -0.340017 0.0275913 -0.121217
v -0.339995 0.025547 -0.120084
v -0.339983 0.0238426 -0.118668
v -0.342284 0.0325 -0.121548
v -0.342402 0.0299546 -0.121214
v -0.342339 0.0276494 -0.120455
v -0.342193 0.0257753 -0.119434
v -0.342109 0.0242852 -0.118217
v -0.344445 0.0325 -0.120393
v -0.344465 0.0299895 -0.120071
v -0.344227 0.0278006 -0.11943
v -0.343887 0.0261133 -0.118641
v -0.343705 0.0248272 -0.117673
v -0.344717 0.0252831 -0.117217
v -0.339939 0.0202402 -0.11
v -0.342284 0.0209515 -0.11
v -0.344445 0.0221066 -0.11
v -0.346339 0.0236612 -0.11
v -0.3375 0.0202402 -0.112439
v -0.340045 0.0205226 -0.112513
v -0.342409 0.0212831 -0.112517
v -0.344453 0.0224164 -0.112495
v -0.346157 0.0238319 -0.112483
v -0.3375 0.0209515 -0.114784
v -0.340045 0.0212864 -0.114902
v -0.342351 0.0220451 -0.114839
v -0.344225 0.0230657 -0.114693
v -0.345715 0.0242826 -0.114609
v -0.3375 0.0221066 -0.116945
v -0.340011 0.0224285 -0.116965
v -0.342199 0.0230704 -0.116727
v -0.343887 0.0238589 -0.116387
v -0.345173 0.0248272 -0.116205
v -0.34976 0.0325 -0.112439
v -0.349048 0.0325 -0.114784
v -0.347893 0.0325 -0.116945
v -0.346339 0.0325 -0.118839
v -0.34976 0.0300614 -0.11
v -0.349477 0.0299866 -0.112545
v -0.348717 0.0299828 -0.114909
v -0.347584 0.0300048 -0.116953
v -0.346168 0.0300172 -0.118657
v -0.349048 0.0277165 -0.11
v -0.348714 0.0275983 -0.112545
v -0.347955 0.0276609 -0.114851
v -0.346934 0.0278073 -0.116725
v -0.345717 0.0278912 -0.118215
v -0.347893 0.0255554 -0.11
v -0.347571 0.025535 -0.112511
v -0.34693 0.0257733 -0.114699
v -0.346141 0.0261133 -0.116387
v -0.345173 0.0262946 -0.117673
v -0.3375 0.02 -0.11
v -0.3375 0.0325 -0.0975
v -0.35 0.0325 -0.11
v -0.3375 0.0202402 -0.107561
v -0.3375 0.0209515 -0.105216
v -0.3375 0.0221066 -0.103055
v -0.3375 0.0236612 -0.101161
v -0.339939 0.0202402 -0.11
v -0.340013 0.0205226 -0.107455
v -0.340017 0.0212831 -0.105091
v -0.339995 0.0224164 -0.103047
v -0.339983 0.0238319 -0.101343
v -0.342284 0.0209515 -0.11
v -0.342402 0.0212864 -0.107455
v -0.342339 0.0220451 -0.105149
v -0.342193 0.0230657 -0.103275
v -0.342109 0.0242826 -0.101785
v -0.344445 0.0221066 -0.11
v -0.344465 0.0224285 -0.107489
v -0.344227 0.0230704 -0.105301
v -0.343887 0.0238589 -0.103613
v -0.343705 0.0248272 -0.102327
v -0.344717 0.0252831 -0.102783
v -0.339939 0.0325 -0.0977401
v -0.342284 0.0325 -0.0984514
v -0.344445 0.0325 -0.0996066
v -0.346339 0.0325 -0.101161
v -0.3375 0.0300614 -0.0977401
v -0.340045 0.0299866 -0.0980226
v -0.342409 0.0299828 -0.0987831
v -0.344453 0.0300048 -0.0999163
v -0.346157 0.0300172 -0.101332
v -0.3375 0.0277165 -0.0984514
v -0.340045 0.0275983 -0.0987864
v -0.342351 0.0276609 -0.099545
v -0.344225 0.0278073 -0.100566
v -0.345715 0.0278912 -0.101783
v -0.3375 0.0255554 -0.0996066
v -0.340011 0.025535 -0.0999284
v -0.342199 0.0257733 -0.10057
v -0.343887 0.0261133 -0.101359
v -0.345173 0.0262946 -0.102327
v -0.34976 0.0300614 -0.11
v -0.349048 0.0277165 -0.11
v -0.347893 0.0255554 -0.11
v -0.346339 0.0236612 -0.11
v -0.34976 0.0325 -0.107561
v -0.349477 0.0299553 -0.107487
v -0.348717 0.0275913 -0.107483
v -0.347584 0.025547 -0.107505
v -0.346168 0.0238426 -0.107517
v -0.349048 0.0325 -0.105216
v -0.348714 0.0299546 -0.105098
v -0.347955 0.0276494 -0.105161
v -0.346934 0.0257753 -0.105307
v -0.345717 0.0242852 -0.105391
v -0.347893 0.0325 -0.103055
v -0.347571 0.0299895 -0.103035
v -0.34693 0.0278006 -0.103273
v -0.346141 0.0261133 -0.103613
v -0.345173 0.0248272 -0.103795
v -0.3375 0.3275 -0.1225
v -0.35 0.3275 -0.11
v -0.3375 0.34 -0.11
v -0.339939 0.3275 -0.12226
v -0.342284 0.3275 -0.121548
v -0.344445 0.3275 -0.120393
v -0.346339 0.3275 -0.118839
v -0.3375 0.329939 -0.12226
v -0.340045 0.330013 -0.121977
v -0.342409 0.330017 -0.121217
v -0.344453 0.329995 -0.120084
v -0.346157 0.329983 -0.118668
v -0.3375 0.332284 -0.121548
v -0.340045 0.332402 -0.121214
v -0.342351 0.332339 -0.120455
v -0.344225 0.332193 -0.119434
v -0.345715 0.332109 -0.118217
v -0.3375 0.334445 -0.120393
v -0.340011 0.334465 -0.120071
v -0.342199 0.334227 -0.11943
v -0.343887 0.333887 -0.118641
v -0.345173 0.333705 -0.117673
v -0.344717 0.334717 -0.117217
v -0.34976 0.329939 -0.11
v -0.349048 0.332284 -0.11
v -0.347893 0.334445 -0.11
v -0.346339 0.336339 -0.11
v -0.34976 0.3275 -0.112439
v -0.349477 0.330045 -0.112513
v -0.348717 0.332409 -0.112517
v -0.347584 0.334453 -0.112495
v -0.346168 0.336157 -0.112483
v -0.349048 0.3275 -0.114784
v -0.348714 0.330045 -0.114902
v -0.347955 0.332351 -0.114839
v -0.346934 0.334225 -0.114693
v -0.345717 0.335715 -0.114609
v -0.347893 0.3275 -0.116945
v -0.347571 0.330011 -0.116965
v -0.34693 0.332199 -0.116727
v -0.346141 0.333887 -0.116387
v -0.345173 0.335173 -0.116205
v -0.3375 0.33976 -0.112439
v -0.3375 0.339048 -0.114784
v -0.3375 0.337893 -0.116945
v -0.3375 0.336339 -0.118839
v -0.339939 0.33976 -0.11
v -0.340013 0.339477 -0.112545
v -0.340017 0.338717 -0.114909
v -0.339995 0.337584 -0.116953
v -0.339983 0.336168 -0.118657
v -0.342284 0.339048 -0.11
v -0.342402 0.338714 -0.112545
v -0.342339 0.337955 -0.114851
v -0.342193 0.336934 -0.116725
v -0.342109 0.335717 -0.118215
v -0.344445 0.337893 -0.11
v -0.344465 0.337571 -0.112511
v -0.344227 0.33693 -0.114699
v -0.343887 0.336141 -0.116387
v -0.343705 0.335173 -0.117673
v -0.3375 0.3275 -0.0975
v -0.3375 0.34 -0.11
v -0.35 0.3275 -0.11
v -0.3375 0.329939 -0.0977401
v -0.3375 0.332284 -0.0984514
v -0.3375 0.334445 -0.0996066
v -0.3375 0.336339 -0.101161
v -0.339939 0.3275 -0.0977401
v -0.340013 0.330045 -0.0980226
v -0.340017 0.332409 -0.0987831
v -0.339995 0.334453 -0.0999163
v -0.339983 0.336157 -0.101332
v -0.342284 0.3275 -0.0984514
v -0.342402 0.330045 -0.0987864
v -0.342339 0.332351 -0.099545
v -0.342193 0.334225 -0.100566
v -0.342109 0.335715 -0.101783
v -0.344445 0.3275 -0.0996066
v -0.344465 0.330011 -0.0999284
v -0.344227 0.332199 -0.10057
v -0.343887 0.333887 -0.101359
v -0.343705 0.335173 -0.102327
v -0.344717 0.334717 -0.102783
v -0.339939 0.33976 -0.11
v -0.342284 0.339048 -0.11
v -0.344445 0.337893 -0.11
v -0.346339 0.336339 -0.11
v -0.3375 0.33976 -0.107561
v -0.340045 0.339477 -0.107487
v -0.342409 0.338717 -0.107483
v -0.344453 0.337584 -0.107505
v -0.346157 0.336168 -0.107517
v -0.3375 0.339048 -0.105216
v -0.340045 0.338714 -0.105098
v -0.342351 0.337955 -0.105161
v -0.344225 0.336934 -0.105307
v -0.345715 0.335717 -0.105391
v -0.3375 0.337893 -0.103055
v -0.340011 0.337571 -0.103035
v -0.342199 0.33693 -0.103273
v -0.343887 0.336141 -0.103613
v -0.345173 0.335173 -0.103795
v -0.34976 0.3275 -0.107561
v -0.349048 0.3275 -0.105216
v -0.347893 0.3275 -0.103055
v -0.346339 0.3275 -0.101161
v -0.34976 0.329939 -0.11
v -0.349477 0.330013 -0.107455
v -0.348717 0.330017 -0.105091
v -0.347584 0.329995 -0.103047
v -0.346168 0.329983 -0.101343
v -0.349048 0.332284 -0.11
v -0.348714 0.332402 -0.107455
v -0.347955 0.332339 -0.105149
v -0.346934 0.332193 -0.103275
v -0.345717 0.332109 -0.101785
v -0.347893 0.334445 -0.11
v -0.347571 0.334465 -0.107489
v -0.34693 0.334227 -0.105301
v -0.346141 0.333887 -0.103613
v -0.345173 0.333705 -0.102327
v 0.3375 0.0325 -0.1225
v 0.35 0.0325 -0.11
v 0.3375 0.02 -0.11
v 0.339939 0.0325 -0.12226
v 0.342284 0.0325 -0.121548
v 0.344445 0.0325 -0.120393
v 0.346339 0.0325 -0.118839
v 0.3375 0.0300614 -0.12226
v 0.340045 0.0299866 -0.121977
v 0.342409 0.0299828 -0.121217
v 0.344453 0.0300048 -0.120084
v 0.346157 0.0300172 -0.118668
v 0.3375 0.0277165 -0.121548
v 0.340045 0.0275983 -0.121214
v 0.342351 0.0276609 -0.120455
v 0.344225 0.0278073 -0.119434
v 0.345715 0.0278912 -0.118217
v 0.3375 0.0255554 -0.120393
v 0.340011 0.025535 -0.120071
v 0.342199 0.0257733 -0.11943
v 0.343887 0.0261133 -0.118641
v 0.345173 0.0262946 -0.117673
v 0.344717 0.0252831 -0.117217
v 0.34976 0.0300614 -0.11
v 0.349048 0.0277165 -0.11
v 0.347893 0.0255554 -0.11
v 0.346339 0.0236612 -0.11
v 0.34976 0.0325 -0.112439
v 0.349477 0.0299553 -0.112513
v 0.348717 0.0275913 -0.112517
v 0.347584 0.025547 -0.112495
v 0.346168 0.0238426 -0.112483
v 0.349048 0.0325 -0.114784
v 0.348714 0.0299546 -0.114902
v 0.347955 0.0276494 -0.114839
v 0.346934 0.0257753 -0.114693
v 0.345717 0.0242852 -0.114609
v 0.347893 0.0325 -0.116945
v 0.347571 0.0299895 -0.116965
v 0.34693 0.0278006 -0.116727
v 0.346141 0.0261133 -0.116387
v 0.345173 0.0248272 -0.116205
v 0.3375 0.0202402 -0.112439
v 0.3375 0.0209515 -0.114784
v 0.3375 0.0221066 -0.116945
v 0.3375 0.0236612 -0.118839
v 0.339939 0.0202402 -0.11
v 0.340013 0.0205226 -0.112545
v 0.340017 0.0212831 -0.114909
v 0.339995 0.0224164 -0.116953
v 0.339983 0.0238319 -0.118657
v 0.342284 0.0209515 -0.11
v 0.342402 0.0212864 -0.112545
v 0.342339 0.0220451 -0.114851
v 0.342193 0.0230657 -0.116725
v 0.342109 0.0242826 -0.118215
v 0.344445 0.0221066 -0.11
v 0.344465 0.0224285 -0.112511
v 0.344227 0.0230704 -0.114699
v 0.343887 0.0238589 -0.116387
v 0.343705 0.0248272 -0.117673
v 0.3375 0.0325 -0.0975
v 0.3375 0.02 -0.11
v 0.35 0.0325 -0.11
v 0.3375 0.0300614 -0.0977401
v 0.3375 0.0277165 -0.0984514
v 0.3375 0.0255554 -0.0996066
v 0.3375 0.0236612 -0.101161
v 0.339939 0.0325 -0.0977401
v 0.340013 0.0299553 -0.0980226
v 0.340017 0.0275913 -0.0987831
v 0.339995 0.025547 -0.0999163
v 0.339983 0.0238426 -0.101332
v 0.342284 0.0325 -0.0984514
v 0.342402 0.0299546 -0.0987864
v 0.342339 0.0276494 -0.099545
v 0.342193 0.0257753 -0.100566
v 0.342109 0.0242852 -0.101783
v 0.344445 0.0325 -0.0996066
v 0.344465 0.0299895 -0.0999284
v 0.344227 0.0278006 -0.10057
v 0.343887 0.0261133 -0.101359
v 0.343705 0.0248272 -0.102327
v 0.344717 0.0252831 -0.102783
v 0.339939 0.0202402 -0.11
v 0.342284 0.0209515 -0.11
v 0.344445 0.0221066 -0.11
v 0.346339 0.0236612 -0.11
v 0.3375 0.0202402 -0.107561
v 0.340045 0.0205226 -0.107487
v 0.342409 0.0212831 -0.107483
v 0.344453 0.0224164 -0.107505
v 0.346157 0.0238319 -0.107517
v 0.3375 0.0209515 -0.105216
v 0.340045 0.0212864 -0.105098
v 0.342351 0.0220451 -0.105161
v 0.344225 0.0230657 -0.105307
v 0.345715 0.0242826 -0.105391
v 0.3375 0.0221066 -0.103055
v 0.340011 0.0224285 -0.103035
v 0.342199 0.0230704 -0.103273
v 0.343887 0.0238589 -0.103613
v 0.345173 0.0248272 -0.103795
v 0.34976 0.0325 -0.107561
v 0.349048 0.0325 -0.105216
v 0.347893 0.0325 -0.103055
v 0.346339 0.0325 -0.101161
v 0.34976 0.0300614 -0.11
v 0.349477 0.0299866 -0.107455
v 0.348717 0.0299828 -0.105091
v 0.347584 0.0300048 -0.103047
v 0.346168 0.0300172 -0.101343
v 0.349048 0.0277165 -0.11
v 0.348714 0.0275983 -0.107455
v 0.347955 0.0276609 -0.105149
v 0.346934 0.0278073 -0.103275
v 0.345717 0.0278912 -0.101785
v 0.347893 0.0255554 -0.11
v 0.347571 0.025535 -0.107489
v 0.34693 0.0257733 -0.105301
v 0.346141 0.0261133 -0.103613
v 0.345173 0.0262946 -0.102327
v 0.3375 0.3275 -0.1225
v 0.3375 0.34 -0.11
v 0.35 0.3275 -0.11
v 0.3375 0.329939 -0.12226
v 0.3375 0.332284 -0.121548
v 0.3375 0.334445 -0.120393
v 0.3375 0.336339 -0.118839
v 0.339939 0.3275 -0.12226
v 0.340013 0.330045 -0.121977
v 0.340017 0.332409 -0.121217
v 0.339995 0.334453 -0.120084
v 0.339983 0.336157 -0.118668
v 0.342284 0.3275 -0.121548
v 0.342402 0.330045 -0.121214
v 0.342339 0.332351 -0.120455
v 0.342193 0.334225 -0.119434
v 0.342109 0.335715 -0.118217
v 0.344445 0.3275 -0.120393
v 0.344465 0.330011 -0.120071
v 0.344227 0.332199 -0.11943
v 0.343887 0.333887 -0.118641
v 0.343705 0.335173 -0.117673
v 0.344717 0.334717 -0.117217
v 0.339939 0.33976 -0.11
v 0.342284 0.339048 -0.11
v 0.344445 0.337893 -0.11
v 0.346339 0.336339 -0.11
v 0.3375 0.33976 -0.112439
v 0.340045 0.339477 -0.112513
v 0.342409 0.338717 -0.112517
v 0.344453 0.337584 -0.112495
v 0.346157 0.336168 -0.112483
v 0.3375 0.339048 -0.114784
v 0.340045 0.338714 -0.114902
v 0.342351 0.337955 -0.114839
v 0.344225 0.336934 -0.114693
v 0.345715 0.335717 -0.114609
v 0.3375 0.337893 -0.116945
v 0.340011 0.337571 -0.116965
v 0.342199 0.33693 -0.116727
v 0.343887 0.336141 -0.116387
v 0.345173 0.335173 -0.116205
v 0.34976 0.3275 -0.112439
v 0.349048 0.3275 -0.114784
v 0.347893 0.3275 -0.116945
v 0.346339 0.3275 -0.118839
v 0.34976 0.329939 -0.11
v 0.349477 0.330013 -0.112545
v 0.348717 0.330017 -0.114909
v 0.347584 0.329995 -0.116953
v 0.346168 0.329983 -0.118657
v 0.349048 0.332284 -0.11
v 0.348714 0.332402 -0.112545
v 0.347955 0.332339 -0.114851
v 0.346934 0.332193 -0.116725
v 0.345717 0.332109 -0.118215
v 0.347893 0.334445 -0.11
v 0.347571 0.334465 -0.112511
v 0.34693 0.334227 -0.114699
v 0.346141 0.333887 -0.116387
v 0.345173 0.333705 -0.117673
v 0.3375 0.3275 -0.0975
v 0.35 0.3275 -0.11
v 0.3375 0.34 -0.11
v 0.339939 0.3275 -0.0977401
v 0.342284 0.3275 -0.0984514
v 0.344445 0.3275 -0.0996066
v 0.346339 0.3275 -0.101161
v 0.3375 0.329939 -0.0977401
v 0.340045 0.330013 -0.0980226
v 0.342409 0.330017 -0.0987831
v 0.344453 0.329995 -0.0999163
v 0.346157 0.329983 -0.101332
v 0.3375 0.332284 -0.0984514
v 0.340045 0.332402 -0.0987864
v 0.342351 0.332339 -0.099545
v 0.344225 0.332193 -0.100566
v 0.345715 0.332109 -0.101783
v 0.3375 0.334445 -0.0996066
v 0.340011 0.334465 -0.0999284
v 0.342199 0.334227 -0.10057
v 0.343887 0.333887 -0.101359
v 0.345173 0.333705 -0.102327
v 0.344717 0.334717 -0.102783
v 0.34976 0.329939 -0.11
v 0.349048 0.332284 -0.11
v 0.347893 0.334445 -0.11
v 0.346339 0.336339 -0.11
v 0.34976 0.3275 -0.107561
v 0.349477 0.330045 -0.107487
v 0.348717 0.332409 -0.107483
v 0.347584 0.334453 -0.107505
v 0.346168 0.336157 -0.107517
v 0.349048 0.3275 -0.105216
v 0.348714 0.330045 -0.105098
v 0.347955 0.332351 -0.105161
v 0.346934 0.334225 -0.105307
v 0.345717 0.335715 -0.105391
v 0.347893 0.3275 -0.103055
v 0.347571 0.330011 -0.103035
v 0.34693 0.332199 -0.103273
v 0.346141 0.333887 -0.103613
v 0.345173 0.335173 -0.103795
v 0.3375 0.33976 -0.107561
v 0.3375 0.339048 -0.105216
v 0.3375 0.337893 -0.103055
v 0.3375 0.336339 -0.101161
v 0.339939 0.33976 -0.11
v 0.340013 0.339477 -0.107455
v 0.340017 0.338717 -0.105091
v 0.339995 0.337584 -0.103047
v 0.339983 0.336168 -0.101343
v 0.342284 0.339048 -0.11
v 0.342402 0.338714 -0.107455
v 0.342339 0.337955 -0.105149
v 0.342193 0.336934 -0.103275
v 0.342109 0.335717 -0.101785
v 0.344445 0.337893 -0.11
v 0.344465 0.337571 -0.107489
v 0.344227 0.33693 -0.105301
v 0.343887 0.336141 -0.103613
v 0.343705 0.335173 -0.102327
v -0.3375 0.0325 -0.105
v -0.3375 0.02 -0.0925
v -0.35 0.0325 -0.0925
v -0.3375 0.0300614 -0.10476
v -0.3375 0.0277165 -0.104048
v -0.3375 0.0255554 -0.102893
v -0.3375 0.0236612 -0.101339
v -0.339939 0.0325 -0.10476
v -0.340013 0.0299553 -0.104477
v -0.340017 0.0275913 -0.103717
v -0.339995 0.025547 -0.102584
v -0.339983 0.0238426 -0.101168
v -0.342283 0.0325 -0.104048
v -0.342402 0.0299546 -0.103714
v -0.342339 0.0276494 -0.102955
v -0.342193 0.0257753 -0.101934
v -0.342109 0.0242852 -0.100717
v -0.344445 0.0325 -0.102893
v -0.344465 0.0299895 -0.102571
v -0.344227 0.0278006 -0.10193
v -0.343887 0.0261133 -0.101141
v -0.343705 0.0248272 -0.100173
v -0.344717 0.0252831 -0.0997168
v -0.339939 0.0202402 -0.0925
v -0.342283 0.0209515 -0.0925
v -0.344445 0.0221066 -0.0925
v -0.346339 0.0236612 -0.0925
v -0.3375 0.0202402 -0.0949386
v -0.340045 0.0205226 -0.0950133
v -0.342409 0.0212831 -0.0950172
v -0.344453 0.0224164 -0.0949953
v -0.346157 0.0238319 -0.0949827
v -0.3375 0.0209515 -0.0972835
v -0.340045 0.0212864 -0.0974017
v -0.342351 0.0220451 -0.097339
v -0.344225 0.0230657 -0.0971928
v -0.345715 0.0242826 -0.0971087
v -0.3375 0.0221066 -0.0994446
v -0.34001 0.0224285 -0.099465
v -0.342199 0.0230704 -0.0992267
v -0.343887 0.0238589 -0.0988867
v -0.345173 0.0248272 -0.0987054
v -0.34976 0.0325 -0.0949386
v -0.349048 0.0325 -0.0972835
v -0.347893 0.0325 -0.0994446
v -0.346339 0.0325 -0.101339
v -0.34976 0.0300614 -0.0925
v -0.349477 0.0299866 -0.0950447
v -0.348717 0.0299828 -0.0974087
v -0.347584 0.0300048 -0.099453
v -0.346168 0.0300172 -0.101157
v -0.349048 0.0277165 -0.0925
v -0.348714 0.0275983 -0.0950453
v -0.347955 0.0276609 -0.0973505
v -0.346934 0.0278073 -0.0992246
v -0.345717 0.0278912 -0.100715
v -0.347893 0.0255554 -0.0925
v -0.347571 0.025535 -0.0950105
v -0.34693 0.0257733 -0.0971993
v -0.346141 0.0261133 -0.0988867
v -0.345173 0.0262946 -0.100173
v -0.3375 0.02 0.0525
v -0.3375 0.0325 0.065
v -0.35 0.0325 0.0525
v -0.3375 0.0202402 0.0549387
v -0.3375 0.0209515 0.0572836
v -0.3375 0.0221066 0.0594447
v -0.3375 0.0236612 0.0613388
v -0.339939 0.0202402 0.0525
v -0.340013 0.0205226 0.0550447
v -0.340017 0.0212831 0.0574088
v -0.339995 0.0224164 0.0594531
v -0.339983 0.0238319 0.0611574
v -0.342283 0.0209515 0.0525
v -0.342402 0.0212864 0.0550454
v -0.342339 0.0220451 0.0573506
v -0.342193 0.0230657 0.0592247
v -0.342109 0.0242826 0.0607148
v -0.344445 0.0221066 0.0525
v -0.344465 0.0224285 0.0550106
v -0.344227 0.0230704 0.0571994
v -0.343887 0.0238589 0.0588868
v -0.343705 0.0248272 0.0601728
v -0.344717 0.0252831 0.0597169
v -0.339939 0.0325 0.0647599
v -0.342283 0.0325 0.0640485
v -0.344445 0.0325 0.0628934
v -0.346339 0.0325 0.0613388
v -0.3375 0.0300614 0.0647599
v -0.340045 0.0299866 0.0644774
v -0.342409 0.0299828 0.0637169
v -0.344453 0.0300048 0.0625836
v -0.346157 0.0300172 0.0611681
v -0.3375 0.0277165 0.0640485
v -0.340045 0.0275983 0.0637136
v -0.342351 0.0276609 0.062955
v -0.344225 0.0278073 0.0619344
v -0.345715 0.0278912 0.0607175
v -0.3375 0.0255554 0.0628934
v -0.34001 0.025535 0.0625715
v -0.342199 0.0257733 0.0619296
v -0.343887 0.0261133 0.0611411
v -0.345173 0.0262946 0.0601728
v -0.34976 0.0300614 0.0525
v -0.349048 0.0277165 0.0525
v -0.347893 0.0255554 0.0525
v -0.346339 0.0236612 0.0525
v -0.34976 0.0325 0.0549387
v -0.349477 0.0299553 0.0550134
v -0.348717 0.0275913 0.0550172
v -0.347584 0.025547 0.0549953
v -0.346168 0.0238426 0.0549828
v -0.349048 0.0325 0.0572836
v -0.348714 0.0299546 0.0574017
v -0.347955 0.0276494 0.0573391
v -0.346934 0.0257753 0.0571928
v -0.345717 0.0242852 0.0571088
v -0.347893 0.0325 0.0594447
v -0.347571 0.0299895 0.0594651
v -0.34693 0.0278006 0.0592267
v -0.346141 0.0261133 0.0588868
v -0.345173 0.0248272 0.0587054
v -0.3375 0.3275 -0.105
v -0.35 0.3275 -0.0925
v -0.3375 0.34 -0.0925
v -0.339939 0.3275 -0.10476
v -0.342283 0.3275 -0.104048
v -0.344445 0.3275 -0.102893
v -0.346339 0.3275 -0.101339
v -0.3375 0.329939 -0.10476
v -0.340045 0.330013 -0.104477
v -0.342409 0.330017 -0.103717
v -0.344453 0.329995 -0.102584
v -0.346157 0.329983 -0.101168
v -0.3375 0.332284 -0.104048
v -0.340045 0.332402 -0.103714
v -0.342351 0.332339 -0.102955
v -0.344225 0.332193 -0.101934
v -0.345715 0.332109 -0.100717
v -0.3375 0.334445 -0.102893
v -0.34001 0.334465 -0.102571
v -0.342199 0.334227 -0.10193
v -0.343887 0.333887 -0.101141
v -0.345173 0.333705 -0.100173
v -0.344717 0.334717 -0.0997168
v -0.34976 0.329939 -0.0925
v -0.349048 0.332284 -0.0925
v -0.347893 0.334445 -0.0925
v -0.346339 0.336339 -0.0925
v -0.34976 0.3275 -0.0949386
v -0.349477 0.330045 -0.0950133
v -0.348717 0.332409 -0.0950172
v -0.347584 0.334453 -0.0949953
v -0.346168 0.336157 -0.0949827
v -0.349048 0.3275 -0.0972835
v -0.348714 0.330045 -0.0974017
v -0.347955 0.332351 -0.097339
v -0.346934 0.334225 -0.0971928
v -0.345717 0.335715 -0.0971087
v -0.347893 0.3275 -0.0994446
v -0.347571 0.330011 -0.099465
v -0.34693 0.332199 -0.0992267
v -0.346141 0.333887 -0.0988867
v -0.345173 0.335173 -0.0987054
v -0.3375 0.33976 -0.0949386
v -0.3375 0.339048 -0.0972835
v -0.3375 0.337893 -0.0994446
v -0.3375 0.336339 -0.101339
v -0.339939 0.33976 -0.0925
v -0.340013 0.339477 -0.0950447
v -0.340017 0.338717 -0.0974087
v -0.339995 0.337584 -0.099453
v -0.339983 0.336168 -0.101157
v -0.342283 0.339048 -0.0925
v -0.342402 0.338714 -0.0950453
v -0.342339 0.337955 -0.0973505
v -0.342193 0.336934 -0.0992246
v -0.342109 0.335717 -0.100715
v -0.344445 0.337893 -0.0925
v -0.344465 0.337571 -0.0950105
v -0.344227 0.33693 -0.0971993
v -0.343887 0.336141 -0.0988867
v -0.343705 0.335173 -0.100173
v -0.3375 0.3275 0.065
v -0.3375 0.34 0.0525
v -0.35 0.3275 0.0525
v -0.3375 0.329939 0.0647599
v -0.3375 0.332284 0.0640485
v -0.3375 0.334445 0.0628934
v -0.3375 0.336339 0.0613388
v -0.339939 0.3275 0.0647599
v -0.340013 0.330045 0.0644774
v -0.340017 0.332409 0.0637169
v -0.339995 0.334453 0.0625836
v -0.339983 0.336157 0.0611681
v -0.342283 0.3275 0.0640485
v -0.342402 0.330045 0.0637136
v -0.342339 0.332351 0.062955
v -0.342193 0.334225 0.0619344
v -0.342109 0.335715 0.0607175
v -0.344445 0.3275 0.0628934
v -0.344465 0.330011 0.0625715
v -0.344227 0.332199 0.0619296
v -0.343887 0.333887 0.0611411
v -0.343705 0.335173 0.0601728
v -0.344717 0.334717 0.0597169
v -0.339939 0.33976 0.0525
v -0.342283 0.339048 0.0525
v -0.344445 0.337893 0.0525
v -0.346339 0.336339 0.0525
v -0.3375 0.33976 0.0549387
v -0.340045 0.339477 0.0550134
v -0.342409 0.338717 0.0550172
v -0.344453 0.337584 0.0549953
v -0.346157 0.336168 0.0549828
v -0.3375 0.339048 0.0572836
v -0.340045 0.338714 0.0574017
v -0.342351 0.337955 0.0573391
v -0.344225 0.336934 0.0571928
v -0.345715 0.335717 0.0571088
v -0.3375 0.337893 0.0594447
v -0.34001 0.337571 0.0594651
v -0.342199 0.33693 0.0592267
v -0.343887 0.336141 0.0588868
v -0.345173 0.335173 0.0587054
v -0.34976 0.3275 0.0549387
v -0.349048 0.3275 0.0572836
v -0.347893 0.3275 0.0594447
v -0.346339 0.3275 0.0613388
v -0.34976 0.329939 0.0525
v -0.349477 0.330013 0.0550447
v -0.348717 0.330017 0.0574088
v -0.347584 0.329995 0.0594531
v -0.346168 0.329983 0.0611574
v -0.349048 0.332284 0.0525
v -0.348714 0.332402 0.0550454
v -0.347955 0.332339 0.0573506
v -0.346934 0.332193 0.0592247
v -0.345717 0.332109 0.0607148
v -0.347893 0.334445 0.0525
v -0.347571 0.334465 0.0550106
v -0.34693 0.334227 0.0571994
v -0.346141 0.333887 0.0588868
v -0.345173 0.333705 0.0601728
v -0.3375 0.0325 -0.105
v -0.325 0.0325 -0.0925
v -0.3375 0.02 -0.0925
v -0.335061 0.0325 -0.10476
v -0.332716 0.0325 -0.104048
v -0.330555 0.0325 -0.102893
v -0.328661 0.0325 -0.101339
v -0.3375 0.0300614 -0.10476
v -0.334955 0.0299866 -0.104477
v -0.332591 0.0299828 -0.103717
v -0.330547 0.0300048 -0.102584
v -0.328843 0.0300172 -0.101168
v -0.3375 0.0277165 -0.104048
v -0.334955 0.0275983 -0.103714
v -0.332649 0.0276609 -0.102955
v -0.330775 0.0278073 -0.101934
v -0.329285 0.0278912 -0.100717
v -0.3375 0.0255554 -0.102893
v -0.334989 0.025535 -0.102571
v -0.332801 0.0257733 -0.10193
v -0.331113 0.0261133 -0.101141
v -0.329827 0.0262946 -0.100173
v -0.330283 0.0252831 -0.0997168
v -0.32524 0.0300614 -0.0925
v -0.325952 0.0277165 -0.0925
v -0.327107 0.0255554 -0.0925
v -0.328661 0.0236612 -0.0925
v -0.32524 0.0325 -0.0949386
v -0.325523 0.0299553 -0.0950133
v -0.326283 0.0275913 -0.0950172
v -0.327416 0.025547 -0.0949953
v -0.328832 0.0238426 -0.0949827
v -0.325952 0.0325 -0.0972835
v -0.326286 0.0299546 -0.0974017
v -0.327045 0.0276494 -0.097339
v -0.328066 0.0257753 -0.0971928
v -0.329283 0.0242852 -0.0971087
v -0.327107 0.0325 -0.0994446
v -0.327429 0.0299895 -0.099465
v -0.32807 0.0278006 -0.0992267
v -0.328859 0.0261133 -0.0988867
v -0.329827 0.0248272 -0.0987054
v -0.3375 0.0202402 -0.0949386
v -0.3375 0.0209515 -0.0972835
v -0.3375 0.0221066 -0.0994446
v -0.3375 0.0236612 -0.101339
v -0.335061 0.0202402 -0.0925
v -0.334987 0.0205226 -0.0950447
v -0.334983 0.0212831 -0.0974087
v -0.335005 0.0224164 -0.099453
v -0.335017 0.0238319 -0.101157
v -0.332716 0.0209515 -0.0925
v -0.332598 0.0212864 -0.0950453
v -0.332661 0.0220451 -0.0973505
v -0.332807 0.0230657 -0.0992246
v -0.332891 0.0242826 -0.100715
v -0.330555 0.0221066 -0.0925
v -0.330535 0.0224285 -0.0950105
v -0.330773 0.0230704 -0.0971993
v -0.331113 0.0238589 -0.0988867
v -0.331295 0.0248272 -0.100173
v -0.3375 0.0325 0.065
v -0.3375 0.02 0.0525
v -0.325 0.0325 0.0525
v -0.3375 0.0300614 0.0647599
v -0.3375 0.0277165 0.0640485
v -0.3375 0.0255554 0.0628934
v -0.3375 0.0236612 0.0613388
v -0.335061 0.0325 0.0647599
v -0.334987 0.0299553 0.0644774
v -0.334983 0.0275913 0.0637169
v -0.335005 0.025547 0.0625836
v -0.335017 0.0238426 0.0611681
v -0.332716 0.0325 0.0640485
v -0.332598 0.0299546 0.0637136
v -0.332661 0.0276494 0.062955
v -0.332807 0.0257753 0.0619344
v -0.332891 0.0242852 0.0607175
v -0.330555 0.0325 0.0628934
v -0.330535 0.0299895 0.0625715
v -0.330773 0.0278006 0.0619296
v -0.331113 0.0261133 0.0611411
v -0.331295 0.0248272 0.0601728
v -0.330283 0.0252831 0.0597169
v -0.335061 0.0202402 0.0525
v -0.332716 0.0209515 0.0525
v -0.330555 0.0221066 0.0525
v -0.328661 0.0236612 0.0525
v -0.3375 0.0202402 0.0549387
v -0.334955 0.0205226 0.0550134
v -0.332591 0.0212831 0.0550172
v -0.330547 0.0224164 0.0549953
v -0.328843 0.0238319 0.0549828
v -0.3375 0.0209515 0.0572836
v -0.334955 0.0212864 0.0574017
v -0.332649 0.0220451 0.0573391
v -0.330775 0.0230657 0.0571928
v -0.329285 0.0242826 0.0571088
v -0.3375 0.0221066 0.0594447
v -0.334989 0.0224285 0.0594651
v -0.332801 0.0230704 0.0592267
v -0.331113 0.0238589 0.0588868
v -0.329827 0.0248272 0.0587054
v -0.32524 0.0325 0.0549387
v -0.325952 0.0325 0.0572836
v -0.327107 0.0325 0.0594447
v -0.328661 0.0325 0.0613388
v -0.32524 0.0300614 0.0525
v -0.325523 0.0299866 0.0550447
v -0.326283 0.0299828 0.0574088
v -0.327416 0.0300048 0.0594531
v -0.328832 0.0300172 0.0611574
v -0.325952 0.0277165 0.0525
v -0.326286 0.0275983 0.0550454
v -0.327045 0.0276609 0.0573506
v -0.328066 0.0278073 0.0592247
v -0.329283 0.0278912 0.0607148
v -0.327107 0.0255554 0.0525
v -0.327429 0.025535 0.0550106
v -0.32807 0.0257733 0.0571994
v -0.328859 0.0261133 0.0588868
v -0.329827 0.0262946 0.0601728
v -0.3375 0.3275 -0.105
v -0.3375 0.34 -0.0925
v -0.325 0.3275 -0.0925
v -0.3375 0.329939 -0.10476
v -0.3375 0.332284 -0.104048
v -0.3375 0.334445 -0.102893
v -0.3375 0.336339 -0.101339
v -0.335061 0.3275 -0.10476
v -0.334987 0.330045 -0.104477
v -0.334983 0.332409 -0.103717
v -0.335005 0.334453 -0.102584
v -0.335017 0.336157 -0.101168
v -0.332716 0.3275 -0.104048
v -0.332598 0.330045 -0.103714
v -0.332661 0.332351 -0.102955
v -0.332807 0.334225 -0.101934
v -0.332891 0.335715 -0.100717
v -0.330555 0.3275 -0.102893
v -0.330535 0.330011 -0.102571
v -0.330773 0.332199 -0.10193
v -0.331113 0.333887 -0.101141
v -0.331295 0.335173 -0.100173
v -0.330283 0.334717 -0.0997168
v -0.335061 0.33976 -0.0925
v -0.332716 0.339048 -0.0925
v -0.330555 0.337893 -0.0925
v -0.328661 0.336339 -0.0925
v -0.3375 0.33976 -0.0949386
v -0.334955 0.339477 -0.0950133
v -0.332591 0.338717 -0.0950172
v -0.330547 0.337584 -0.0949953
v -0.328843 0.336168 -0.0949827
v -0.3375 0.339048 -0.0972835
v -0.334955 0.338714 -0.0974017
v -0.332649 0.337955 -0.097339
v -0.330775 0.336934 -0.0971928
v -0.329285 0.335717 -0.0971087
v -0.3375 0.337893 -0.0994446
v -0.334989 0.337571 -0.099465
v -0.332801 0.33693 -0.0992267
v -0.331113 0.336141 -0.0988867
v -0.329827 0.335173 -0.0987054
v -0.32524 0.3275 -0.0949386
v -0.325952 0.3275 -0.0972835
v -0.327107 0.3275 -0.0994446
v -0.328661 0.3275 -0.101339
v -0.32524 0.329939 -0.0925
v -0.325523 0.330013 -0.0950447
v -0.326283 0.330017 -0.0974087
v -0.327416 0.329995 -0.099453
v -0.328832 0.329983 -0.101157
v -0.325952 0.332284 -0.0925
v -0.326286 0.332402 -0.0950453
v -0.327045 0.332339 -0.0973505
v -0.328066 0.332193 -0.0992246
v -0.329283 0.332109 -0.100715
v -0.327107 0.334445 -0.0925
v -0.327429 0.334465 -0.0950105
v -0.32807 0.334227 -0.0971993
v -0.328859 0.333887 -0.0988867
v -0.329827 0.333705 -0.100173
v -0.3375 0.3275 0.065
v -0.325 0.3275 0.0525
v -0.3375 0.34 0.0525
v -0.335061 0.3275 0.0647599
v -0.332716 0.3275 0.0640485
v -0.330555 0.3275 0.0628934
v -0.328661 0.3275 0.0613388
v -0.3375 0.329939 0.0647599
v -0.334955 0.330013 0.0644774
v -0.332591 0.330017 0.0637169
v -0.330547 0.329995 0.0625836
v -0.328843 0.329983 0.0611681
v -0.3375 0.332284 0.0640485
v -0.334955 0.332402 0.0637136
v -0.332649 0.332339 0.062955
v -0.330775 0.332193 0.0619344
v -0.329285 0.332109 0.0607175
v -0.3375 0.334445 0.0628934
v -0.334989 0.334465 0.0625715
v -0.332801 0.334227 0.0619296
v -0.331113 0.333887 0.0611411
v -0.329827 0.333705 0.0601728
v -0.330283 0.334717 0.0597169
v -0.32524 0.329939 0.0525
v -0.325952 0.332284 0.0525
v -0.327107 0.334445 0.0525
v -0.328661 0.336339 0.0525
v -0.32524 0.3275 0.0549387
v -0.325523 0.330045 0.0550134
v -0.326283 0.332409 0.0550172
v -0.327416 0.334453 0.0549953
v -0.328832 0.336157 0.0549828
v -0.325952 0.3275 0.0572836
v -0.326286 0.330045 0.0574017
v -0.327045 0.332351 0.0573391
v -0.328066 0.334225 0.0571928
v -0.329283 0.335715 0.0571088
v -0.327107 0.3275 0.0594447
v -0.327429 0.330011 0.0594651
v -0.32807 0.332199 0.0592267
v -0.328859 0.333887 0.0588868
v -0.329827 0.335173 0.0587054
v -0.3375 0.33976 0.0549387
v -0.3375 0.339048 0.0572836
v -0.3375 0.337893 0.0594447
v -0.3375 0.336339 0.0613388
v -0.335061 0.33976 0.0525
v -0.334987 0.339477 0.0550447
v -0.334983 0.338717 0.0574088
v -0.335005 0.337584 0.0594531
v -0.335017 0.336168 0.0611574
v -0.332716 0.339048 0.0525
v -0.332598 0.338714 0.0550454
v -0.332661 0.337955 0.0573506
v -0.332807 0.336934 0.0592247
v -0.332891 0.335717 0.0607148
v -0.330555 0.337893 0.0525
v -0.330535 0.337571 0.0550106
v -0.330773 0.33693 0.0571994
v -0.331113 0.336141 0.0588868
v -0.331295 0.335173 0.0601728
v 0.3375 0.0325 -0.105
v 0.3375 0.02 -0.0925
v 0.325 0.0325 -0.0925
v 0.3375 0.0300614 -0.10476
v 0.3375 0.0277165 -0.104048
v 0.3375 0.0255554 -0.102893
v 0.3375 0.0236612 -0.101339
v 0.335061 0.0325 -0.10476
v 0.334987 0.0299553 -0.104477
v 0.334983 0.0275913 -0.103717
v 0.335005 0.025547 -0.102584
v 0.335017 0.0238426 -0.101168
v 0.332716 0.0325 -0.104048
v 0.332598 0.0299546 -0.103714
v 0.332661 0.0276494 -0.102955
v 0.332807 0.0257753 -0.101934
v 0.332891 0.0242852 -0.100717
v 0.330555 0.0325 -0.102893
v 0.330535 0.0299895 -0.102571
v 0.330773 0.0278006 -0.10193
v 0.331113 0.0261133 -0.101141
v 0.331295 0.0248272 -0.100173
v 0.330283 0.0252831 -0.0997168
v 0.335061 0.0202402 -0.0925
v 0.332716 0.0209515 -0.0925
v 0.330555 0.0221066 -0.0925
v 0.328661 0.0236612 -0.0925
v 0.3375 0.0202402 -0.0949386
v 0.334955 0.0205226 -0.0950133
v 0.332591 0.0212831 -0.0950172
v 0.330547 0.0224164 -0.0949953
v 0.328843 0.0238319 -0.0949827
v 0.3375 0.0209515 -0.0972835
v 0.334955 0.0212864 -0.0974017
v 0.332649 0.0220451 -0.097339
v 0.330775 0.0230657 -0.0971928
v 0.329285 0.0242826 -0.0971087
v 0.3375 0.0221066 -0.0994446
v 0.334989 0.0224285 -0.099465
v 0.332801 0.0230704 -0.0992267
v 0.331113 0.0238589 -0.0988867
v 0.329827 0.0248272 -0.0987054
v 0.32524 0.0325 -0.0949386
v 0.325951 0.0325 -0.0972835
v 0.327107 0.0325 -0.0994446
v 0.328661 0.0325 -0.101339
v 0.32524 0.0300614 -0.0925
v 0.325523 0.0299866 -0.0950447
v 0.326283 0.0299828 -0.0974087
v 0.327416 0.0300048 -0.099453
v 0.328832 0.0300172 -0.101157
v 0.325951 0.0277165 -0.0925
v 0.326286 0.0275983 -0.0950453
v 0.327045 0.0276609 -0.0973505
v 0.328066 0.0278073 -0.0992246
v 0.329283 0.0278912 -0.100715
v 0.327107 0.0255554 -0.0925
v 0.327428 0.025535 -0.0950105
v 0.32807 0.0257733 -0.0971993
v 0.328859 0.0261133 -0.0988867
v 0.329827 0.0262946 -0.100173
v 0.3375 0.02 0.0525
v 0.3375 0.0325 0.065
v 0.325 0.0325 0.0525
v 0.3375 0.0202402 0.0549387
v 0.3375 0.0209515 0.0572836
v 0.3375 0.0221066 0.0594447
v 0.3375 0.0236612 0.0613388
v 0.335061 0.0202402 0.0525
v 0.334987 0.0205226 0.0550447
v 0.334983 0.0212831 0.0574088
v 0.335005 0.0224164 0.0594531
v 0.335017 0.0238319 0.0611574
v 0.332716 0.0209515 0.0525
v 0.332598 0.0212864 0.0550454
v 0.332661 0.0220451 0.0573506
v 0.332807 0.0230657 0.0592247
v 0.332891 0.0242826 0.0607148
v 0.330555 0.0221066 0.0525
v 0.330535 0.0224285 0.0550106
v 0.330773 0.0230704 0.0571994
v 0.331113 0.0238589 0.0588868
v 0.331295 0.0248272 0.0601728
v 0.330283 0.0252831 0.0597169
v 0.335061 0.0325 0.0647599
v 0.332716 0.0325 0.0640485
v 0.330555 0.0325 0.0628934
v 0.328661 0.0325 0.0613388
v 0.3375 0.0300614 0.0647599
v 0.334955 0.0299866 0.0644774
v 0.332591 0.0299828 0.0637169
v 0.330547 0.0300048 0.0625836
v 0.328843 0.0300172 0.0611681
v 0.3375 0.0277165 0.0640485
v 0.334955 0.0275983 0.0637136
v 0.332649 0.0276609 0.062955
v 0.330775 0.0278073 0.0619344
v 0.329285 0.0278912 0.0607175
v 0.3375 0.0255554 0.0628934
v 0.334989 0.025535 0.0625715
v 0.332801 0.0257733 0.0619296
v 0.331113 0.0261133 0.0611411
v 0.329827 0.0262946 0.0601728
v 0.32524 0.0300614 0.0525
v 0.325951 0.0277165 0.0525
v 0.327107 0.0255554 0.0525
v 0.328661 0.0236612 0.0525
v 0.32524 0.0325 0.0549387
v 0.325523 0.0299553 0.0550134
v 0.326283 0.0275913 0.0550172
v 0.327416 0.025547 0.0549953
v 0.328832 0.0238426 0.0549828
v 0.325951 0.0325 0.0572836
v 0.326286 0.0299546 0.0574017
v 0.327045 0.0276494 0.0573391
v 0.328066 0.0257753 0.0571928
v 0.329283 0.0242852 0.0571088
v 0.327107 0.0325 0.0594447
v 0.327428 0.0299895 0.0594651
v 0.32807 0.0278006 0.0592267
v 0.328859 0.0261133 0.0588868
v 0.329827 0.0248272 0.0587054
v 0.3375 0.3275 -0.105
v 0.325 0.3275 -0.0925
v 0.3375 0.34 -0.0925
v 0.335061 0.3275 -0.10476
v 0.332716 0.3275 -0.104048
v 0.330555 0.3275 -0.102893
v 0.328661 0.3275 -0.101339
v 0.3375 0.329939 -0.10476
v 0.334955 0.330013 -0.104477
v 0.332591 0.330017 -0.103717
v 0.330547 0.329995 -0.102584
v 0.328843 0.329983 -0.101168
v 0.3375 0.332284 -0.104048
v 0.334955 0.332402 -0.103714
v 0.332649 0.332339 -0.102955
v 0.330775 0.332193 -0.101934
v 0.329285 0.332109 -0.100717
v 0.3375 0.334445 -0.102893
v 0.334989 0.334465 -0.102571
v 0.332801 0.334227 -0.10193
v 0.331113 0.333887 -0.101141
v 0.329827 0.333705 -0.100173
v 0.330283 0.334717 -0.0997168
v 0.32524 0.329939 -0.0925
v 0.325951 0.332284 -0.0925
v 0.327107 0.334445 -0.0925
v 0.328661 0.336339 -0.0925
v 0.32524 0.3275 -0.0949386
v 0.325523 0.330045 -0.0950133
v 0.326283 0.332409 -0.0950172
v 0.327416 0.334453 -0.0949953
v 0.328832 0.336157 -0.0949827
v 0.325951 0.3275 -0.0972835
v 0.326286 0.330045 -0.0974017
v 0.327045 0.332351 -0.097339
v 0.328066 0.334225 -0.0971928
v 0.329283 0.335715 -0.0971087
v 0.327107 0.3275 -0.0994446
v 0.327428 0.330011 -0.099465
v 0.32807 0.332199 -0.0992267
v 0.328859 0.333887 -0.0988867
v 0.329827 0.335173 -0.0987054
v 0.3375 0.33976 -0.0949386
v 0.3375 0.339048 -0.0972835
v 0.3375 0.337893 -0.0994446
v 0.3375 0.336339 -0.101339
v 0.335061 0.33976 -0.0925
v 0.334987 0.339477 -0.0950447
v 0.334983 0.338717 -0.0974087
v 0.335005 0.337584 -0.099453
v 0.335017 0.336168 -0.101157
v 0.332716 0.339048 -0.0925
v 0.332598 0.338714 -0.0950453
v 0.332661 0.337955 -0.0973505
v 0.332807 0.336934 -0.0992246
v 0.332891 0.335717 -0.100715
v 0.330555 0.337893 -0.0925
v 0.330535 0.337571 -0.0950105
v 0.330773 0.33693 -0.0971993
v 0.331113 0.336141 -0.0988867
v 0.331295 0.335173 -0.100173
v 0.3375 0.3275 0.065
v 0.3375 0.34 0.0525
v 0.325 0.3275 0.0525
v 0.3375 0.329939 0.0647599
v 0.3375 0.332284 0.0640485
v 0.3375 0.334445 0.0628934
v 0.3375 0.336339 0.0613388
v 0.335061 0.3275 0.0647599
v 0.334987 0.330045 0.0644774
v 0.334983 0.332409 0.0637169
v 0.335005 0.334453 0.0625836
v 0.335017 0.336157 0.0611681
v 0.332716 0.3275 0.0640485
v 0.332598 0.330045 0.0637136
v 0.332661 0.332351 0.062955
v 0.332807 0.334225 0.0619344
v 0.332891 0.335715 0.0607175
v 0.330555 0.3275 0.0628934
v 0.330535 0.330011 0.0625715
v 0.330773 0.332199 0.0619296
v 0.331113 0.333887 0.0611411
v 0.331295 0.335173 0.0601728
v 0.330283 0.334717 0.0597169
v 0.335061 0.33976 0.0525
v 0.332716 0.339048 0.0525
v 0.330555 0.337893 0.0525
v 0.328661 0.336339 0.0525
v 0.3375 0.33976 0.0549387
v 0.334955 0.339477 0.0550134
v 0.332591 0.338717 0.0550172
v 0.330547 0.337584 0.0549953
v 0.328843 0.336168 0.0549828
v 0.3375 0.339048 0.0572836
v 0.334955 0.338714 0.0574017
v 0.332649 0.337955 0.0573391
v 0.330775 0.336934 0.0571928
v 0.329285 0.335717 0.0571088
v 0.3375 0.337893 0.0594447
v 0.334989 0.337571 0.0594651
v 0.332801 0.33693 0.0592267
v 0.331113 0.336141 0.0588868
v 0.329827 0.335173 0.0587054
v 0.32524 0.3275 0.0549387
v 0.325951 0.3275 0.0572836
v 0.327107 0.3275 0.0594447
v 0.328661 0.3275 0.0613388
v 0.32524 0.329939 0.0525
v 0.325523 0.330013 0.0550447
v 0.326283 0.330017 0.0574088
v 0.327416 0.329995 0.0594531
v 0.328832 0.329983 0.0611574
v 0.325951 0.332284 0.0525
v 0.326286 0.332402 0.0550454
v 0.327045 0.332339 0.0573506
v 0.328066 0.332193 0.0592247
v 0.329283 0.332109 0.0607148
v 0.327107 0.334445 0.0525
v 0.327428 0.334465 0.0550106
v 0.32807 0.334227 0.0571994
v 0.328859 0.333887 0.0588868
v 0.329827 0.333705 0.0601728
v 0.3375 0.0325 -0.105
v 0.35 0.0325 -0.0925
v 0.3375 0.02 -0.0925
v 0.339939 0.0325 -0.10476
v 0.342284 0.0325 -0.104048
v 0.344445 0.0325 -0.102893
v 0.346339 0.0325 -0.101339
v 0.3375 0.0300614 -0.10476
v 0.340045 0.0299866 -0.104477
v 0.342409 0.0299828 -0.103717
v 0.344453 0.0300048 -0.102584
v 0.346157 0.0300172 -0.101168
v 0.3375 0.0277165 -0.104048
v 0.340045 0.0275983 -0.103714
v 0.342351 0.0276609 -0.102955
v 0.344225 0.0278073 -0.101934
v 0.345715 0.0278912 -0.100717
v 0.3375 0.0255554 -0.102893
v 0.340011 0.025535 -0.102571
v 0.342199 0.0257733 -0.10193
v 0.343887 0.0261133 -0.101141
v 0.345173 0.0262946 -0.100173
v 0.344717 0.0252831 -0.0997168
v 0.34976 0.0300614 -0.0925
v 0.349048 0.0277165 -0.0925
v 0.347893 0.0255554 -0.0925
v 0.346339 0.0236612 -0.0925
v 0.34976 0.0325 -0.0949386
v 0.349477 0.0299553 -0.0950133
v 0.348717 0.0275913 -0.0950172
v 0.347584 0.025547 -0.0949953
v 0.346168 0.0238426 -0.0949827
v 0.349048 0.0325 -0.0972835
v 0.348714 0.0299546 -0.0974017
v 0.347955 0.0276494 -0.097339
v 0.346934 0.0257753 -0.0971928
v 0.345717 0.0242852 -0.0971087
v 0.347893 0.0325 -0.0994446
v 0.347571 0.0299895 -0.099465
v 0.34693 0.0278006 -0.0992267
v 0.346141 0.0261133 -0.0988867
v 0.345173 0.0248272 -0.0987054
v 0.3375 0.0202402 -0.0949386
v 0.3375 0.0209515 -0.0972835
v 0.3375 0.0221066 -0.0994446
v 0.3375 0.0236612 -0.101339
v 0.339939 0.0202402 -0.0925
v 0.340013 0.0205226 -0.0950447
v 0.340017 0.0212831 -0.0974087
v 0.339995 0.0224164 -0.099453
v 0.339983 0.0238319 -0.101157
v 0.342284 0.0209515 -0.0925
v 0.342402 0.0212864 -0.0950453
v 0.342339 0.0220451 -0.0973505
v 0.342193 0.0230657 -0.0992246
v 0.342109 0.0242826 -0.100715
v 0.344445 0.0221066 -0.0925
v 0.344465 0.0224285 -0.0950105
v 0.344227 0.0230704 -0.0971993
v 0.343887 0.0238589 -0.0988867
v 0.343705 0.0248272 -0.100173
v 0.3375 0.0325 0.065
v 0.3375 0.02 0.0525
v 0.35 0.0325 0.0525
v 0.3375 0.0300614 0.0647599
v 0.3375 0.0277165 0.0640485
v 0.3375 0.0255554 0.0628934
v 0.3375 0.0236612 0.0613388
v 0.339939 0.0325 0.0647599
v 0.340013 0.0299553 0.0644774
v 0.340017 0.0275913 0.0637169
v 0.339995 0.025547 0.0625836
v 0.339983 0.0238426 0.0611681
v 0.342284 0.0325 0.0640485
v 0.342402 0.0299546 0.0637136
v 0.342339 0.0276494 0.062955
v 0.342193 0.0257753 0.0619344
v 0.342109 0.0242852 0.0607175
v 0.344445 0.0325 0.0628934
v 0.344465 0.0299895 0.0625715
v 0.344227 0.0278006 0.0619296
v 0.343887 0.0261133 0.0611411
v 0.343705 0.0248272 0.0601728
v 0.344717 0.0252831 0.0597169
v 0.339939 0.0202402 0.0525
v 0.342284 0.0209515 0.0525
v 0.344445 0.0221066 0.0525
v 0.346339 0.0236612 0.0525
v 0.3375 0.0202402 0.0549387
v 0.340045 0.0205226 0.0550134
v 0.342409 0.0212831 0.0550172
v 0.344453 0.0224164 0.0549953
v 0.346157 0.0238319 0.0549828
v 0.3375 0.0209515 0.0572836
v 0.340045 0.0212864 0.0574017
v 0.342351 0.0220451 0.0573391
v 0.344225 0.0230657 0.0571928
v 0.345715 0.0242826 0.0571088
v 0.3375 0.0221066 0.0594447
v 0.340011 0.0224285 0.0594651
v 0.342199 0.0230704 0.0592267
v 0.343887 0.0238589 0.0588868
v 0.345173 0.0248272 0.0587054
v 0.34976 0.0325 0.0549387
v 0.349048 0.0325 0.0572836
v 0.347893 0.0325 0.0594447
v 0.346339 0.0325 0.0613388
v 0.34976 0.0300614 0.0525
v 0.349477 0.0299866 0.0550447
v 0.348717 0.0299828 0.0574088
v 0.347584 0.0300048 0.0594531
v 0.346168 0.0300172 0.0611574
v 0.349048 0.0277165 0.0525
v 0.348714 0.0275983 0.0550454
v 0.347955 0.0276609 0.0573506
v 0.346934 0.0278073 0.0592247
v 0.345717 0.0278912 0.0607148
v 0.347893 0.0255554 0.0525
v 0.347571 0.025535 0.0550106
v 0.34693 0.0257733 0.0571994
v 0.346141 0.0261133 0.0588868
v 0.345173 0.0262946 0.0601728
v 0.3375 0.3275 -0.105
v 0.3375 0.34 -0.0925
v 0.35 0.3275 -0.0925
v 0.3375 0.329939 -0.10476
v 0.3375 0.332284 -0.104048
v 0.3375 0.334445 -0.102893
v 0.3375 0.336339 -0.101339
v 0.339939 0.3275 -0.10476
v 0.340013 0.330045 -0.104477
v 0.340017 0.332409 -0.103717
v 0.339995 0.334453 -0.102584
v 0.339983 0.336157 -0.101168
v 0.342284 0.3275 -0.104048
v 0.342402 0.330045 -0.103714
v 0.342339 0.332351 -0.102955
v 0.342193 0.334225 -0.101934
v 0.342109 0.335715 -0.100717
v 0.344445 0.3275 -0.102893
v 0.344465 0.330011 -0.102571
v 0.344227 0.332199 -0.10193
v 0.343887 0.333887 -0.101141
v 0.343705 0.335173 -0.100173
v 0.344717 0.334717 -0.0997168
v 0.339939 0.33976 -0.0925
v 0.342284 0.339048 -0.0925
v 0.344445 0.337893 -0.0925
v 0.346339 0.336339 -0.0925
v 0.3375 0.33976 -0.0949386
v 0.340045 0.339477 -0.0950133
v 0.342409 0.338717 -0.0950172
v 0.344453 0.337584 -0.0949953
v 0.346157 0.336168 -0.0949827
v 0.3375 0.339048 -0.0972835
v 0.340045 0.338714 -0.0974017
v 0.342351 0.337955 -0.097339
v 0.344225 0.336934 -0.0971928
v 0.345715 0.335717 -0.0971087
v 0.3375 0.337893 -0.0994446
v 0.340011 0.337571 -0.099465
v 0.342199 0.33693 -0.0992267
v 0.343887 0.336141 -0.0988867
v 0.345173 0.335173 -0.0987054
v 0.34976 0.3275 -0.0949386
v 0.349048 0.3275 -0.0972835
v 0.347893 0.3275 -0.0994446
v 0.346339 0.3275 -0.101339
v 0.34976 0.329939 -0.0925
v 0.349477 0.330013 -0.0950447
v 0.348717 0.330017 -0.0974087
v 0.347584 0.329995 -0.099453
v 0.346168 0.329983 -0.101157
v 0.349048 0.332284 -0.0925
v 0.348714 0.332402 -0.0950453
v 0.347955 0.332339 -0.0973505
v 0.346934 0.332193 -0.0992246
v 0.345717 0.332109 -0.100715
v 0.347893 0.334445 -0.0925
v 0.347571 0.334465 -0.0950105
v 0.34693 0.334227 -0.0971993
v 0.346141 0.333887 -0.0988867
v 0.345173 0.333705 -0.100173
v 0.3375 0.3275 0.065
v 0.35 0.3275 0.0525
v 0.3375 0.34 0.0525
v 0.339939 0.3275 0.0647599
v 0.342284 0.3275 0.0640485
v 0.344445 0.3275 0.0628934
v 0.346339 0.3275 0.0613388
v 0.3375 0.329939 0.0647599
v 0.340045 0.330013 0.0644774
v 0.342409 0.330017 0.0637169
v 0.344453 0.329995 0.0625836
v 0.346157 0.329983 0.0611681
v 0.3375 0.332284 0.0640485
v 0.340045 0.332402 0.0637136
v 0.342351 0.332339 0.062955
v 0.344225 0.332193 0.0619344
v 0.345715 0.332109 0.0607175
v 0.3375 0.334445 0.0628934
v 0.340011 0.334465 0.0625715
v 0.342199 0.334227 0.0619296
v 0.343887 0.333887 0.0611411
v 0.345173 0.333705 0.0601728
v 0.344717 0.334717 0.0597169
v 0.34976 0.329939 0.0525
v 0.349048 0.332284 0.0525
v 0.347893 0.334445 0.0525
v 0.346339 0.336339 0.0525
v 0.34976 0.3275 0.0549387
v 0.349477 0.330045 0.0550134
v 0.348717 0.332409 0.0550172
v 0.347584 0.334453 0.0549953
v 0.346168 0.336157 0.0549828
v 0.349048 0.3275 0.0572836
v 0.348714 0.330045 0.0574017
v 0.347955 0.332351 0.0573391
v 0.346934 0.334225 0.0571928
v 0.345717 0.335715 0.0571088
v 0.347893 0.3275 0.0594447
v 0.347571 0.330011 0.0594651
v 0.34693 0.332199 0.0592267
v 0.346141 0.333887 0.0588868
v 0.345173 0.335173 0.0587054
v 0.3375 0.33976 0.0549387
v 0.3375 0.339048 0.0572836
v 0.3375 0.337893 0.0594447
v 0.3375 0.336339 0.0613388
v 0.339939 0.33976 0.0525
v 0.340013 0.339477 0.0550447
v 0.340017 0.338717 0.0574088
v 0.339995 0.337584 0.0594531
v 0.339983 0.336168 0.0611574
v 0.342284 0.339048 0.0525
v 0.342402 0.338714 0.0550454
v 0.342339 0.337955 0.0573506
v 0.342193 0.336934 0.0592247
v 0.342109 0.335717 0.0607148
v 0.344445 0.337893 0.0525
v 0.344465 0.337571 0.0550106
v 0.344227 0.33693 0.0571994
v 0.343887 0.336141 0.0588868
v 0.343705 0.335173 0.0601728
v -0.3375 0.33 -0.105
v -0.3375 0.3175 -0.0925
v -0.35 0.33 -0.0925
v -0.3375 0.327561 -0.10476
v -0.3375 0.325216 -0.104048
v -0.3375 0.323055 -0.102893
v -0.3375 0.321161 -0.101339
v -0.339939 0.33 -0.10476
v -0.340013 0.327455 -0.104477
v -0.340017 0.325091 -0.103717
v -0.339995 0.323047 -0.102584
v -0.339983 0.321343 -0.101168
v -0.342284 0.33 -0.104048
v -0.342402 0.327455 -0.103714
v -0.342339 0.325149 -0.102955
v -0.342193 0.323275 -0.101934
v -0.342109 0.321785 -0.100717
v -0.344445 0.33 -0.102893
v -0.344465 0.327489 -0.102571
v -0.344227 0.325301 -0.10193
v -0.343887 0.323613 -0.101141
v -0.343705 0.322327 -0.100173
v -0.344717 0.322783 -0.0997168
v -0.339939 0.31774 -0.0925
v -0.342284 0.318451 -0.0925
v -0.344445 0.319607 -0.0925
v -0.346339 0.321161 -0.0925
v -0.3375 0.31774 -0.0949386
v -0.340045 0.318023 -0.0950133
v -0.342409 0.318783 -0.0950172
v -0.344453 0.319916 -0.0949953
v -0.346157 0.321332 -0.0949827
v -0.3375 0.318451 -0.0972835
v -0.340045 0.318786 -0.0974017
v -0.342351 0.319545 -0.097339
v -0.344225 0.320566 -0.0971928
v -0.345715 0.321783 -0.0971087
v -0.3375 0.319607 -0.0994446
v -0.340011 0.319928 -0.099465
v -0.342199 0.32057 -0.0992267
v -0.343887 0.321359 -0.0988867
v -0.345173 0.322327 -0.0987054
v -0.34976 0.33 -0.0949386
v -0.349048 0.33 -0.0972835
v -0.347893 0.33 -0.0994446
v -0.346339 0.33 -0.101339
v -0.34976 0.327561 -0.0925
v -0.349477 0.327487 -0.0950447
v -0.348717 0.327483 -0.0974087
v -0.347584 0.327505 -0.099453
v -0.346168 0.327517 -0.101157
v -0.349048 0.325216 -0.0925
v -0.348714 0.325098 -0.0950453
v -0.347955 0.325161 -0.0973505
v -0.346934 0.325307 -0.0992246
v -0.345717 0.325391 -0.100715
v -0.347893 0.323055 -0.0925
v -0.347571 0.323035 -0.0950105
v -0.34693 0.323273 -0.0971993
v -0.346141 0.323613 -0.0988867
v -0.345173 0.323795 -0.100173
v -0.3375 0.3175 0.0525
v -0.3375 0.33 0.065
v -0.35 0.33 0.0525
v -0.3375 0.31774 0.0549387
v -0.3375 0.318451 0.0572836
v -0.3375 0.319607 0.0594447
v -0.3375 0.321161 0.0613388
v -0.339939 0.31774 0.0525
v -0.340013 0.318023 0.0550447
v -0.340017 0.318783 0.0574088
v -0.339995 0.319916 0.0594531
v -0.339983 0.321332 0.0611574
v -0.342284 0.318451 0.0525
v -0.342402 0.318786 0.0550454
v -0.342339 0.319545 0.0573506
v -0.342193 0.320566 0.0592247
v -0.342109 0.321783 0.0607148
v -0.344445 0.319607 0.0525
v -0.344465 0.319928 0.0550106
v -0.344227 0.32057 0.0571994
v -0.343887 0.321359 0.0588868
v -0.343705 0.322327 0.0601728
v -0.344717 0.322783 0.0597169
v -0.339939 0.33 0.0647599
v -0.342284 0.33 0.0640485
v -0.344445 0.33 0.0628934
v -0.346339 0.33 0.0613388
v -0.3375 0.327561 0.0647599
v -0.340045 0.327487 0.0644774
v -0.342409 0.327483 0.0637169
v -0.344453 0.327505 0.0625836
v -0.346157 0.327517 0.0611681
v -0.3375 0.325216 0.0640485
v -0.340045 0.325098 0.0637136
v -0.342351 0.325161 0.062955
v -0.344225 0.325307 0.0619344
v -0.345715 0.325391 0.0607175
v -0.3375 0.323055 0.0628934
v -0.340011 0.323035 0.0625715
v -0.342199 0.323273 0.0619296
v -0.343887 0.323613 0.0611411
v -0.345173 0.323795 0.0601728
v -0.34976 0.327561 0.0525
v -0.349048 0.325216 0.0525
v -0.347893 0.323055 0.0525
v -0.346339 0.321161 0.0525
v -0.34976 0.33 0.0549387
v -0.349477 0.327455 0.0550134
v -0.348717 0.325091 0.0550172
v -0.347584 0.323047 0.0549953
v -0.346168 0.321343 0.0549828
v -0.349048 0.33 0.0572836
v -0.348714 0.327455 0.0574017
v -0.347955 0.325149 0.0573391
v -0.346934 0.323275 0.0571928
v -0.345717 0.321785 0.0571088
v -0.347893 0.33 0.0594447
v -0.347571 0.327489 0.0594651
v -0.34693 0.325301 0.0592267
v -0.346141 0.323613 0.0588868
v -0.345173 0.322327 0.0587054
v -0.3375 0.33 -0.105
v -0.35 0.33 -0.0925
v -0.3375 0.3425 -0.0925
v -0.339939 0.33 -0.10476
v -0.342284 0.33 -0.104048
v -0.344445 0.33 -0.102893
v -0.346339 0.33 -0.101339
v -0.3375 0.332439 -0.10476
v -0.340045 0.332513 -0.104477
v -0.342409 0.332517 -0.103717
v -0.344453 0.332495 -0.102584
v -0.346157 0.332483 -0.101168
v -0.3375 0.334784 -0.104048
v -0.340045 0.334902 -0.103714
v -0.342351 0.334839 -0.102955
v -0.344225 0.334693 -0.101934
v -0.345715 0.334609 -0.100717
v -0.3375 0.336945 -0.102893
v -0.340011 0.336965 -0.102571
v -0.342199 0.336727 -0.10193
v -0.343887 0.336387 -0.101141
v -0.345173 0.336205 -0.100173
v -0.344717 0.337217 -0.0997168
v -0.34976 0.332439 -0.0925
v -0.349048 0.334784 -0.0925
v -0.347893 0.336945 -0.0925
v -0.346339 0.338839 -0.0925
v -0.34976 0.33 -0.0949386
v -0.349477 0.332545 -0.0950133
v -0.348717 0.334909 -0.0950172
v -0.347584 0.336953 -0.0949953
v -0.346168 0.338657 -0.0949827
v -0.349048 0.33 -0.0972835
v -0.348714 0.332545 -0.0974017
v -0.347955 0.334851 -0.097339
v -0.346934 0.336725 -0.0971928
v -0.345717 0.338215 -0.0971087
v -0.347893 0.33 -0.0994446
v -0.347571 0.332511 -0.099465
v -0.34693 0.334699 -0.0992267
v -0.346141 0.336387 -0.0988867
v -0.345173 0.337673 -0.0987054
v -0.3375 0.34226 -0.0949386
v -0.3375 0.341548 -0.0972835
v -0.3375 0.340393 -0.0994446
v -0.3375 0.338839 -0.101339
v -0.339939 0.34226 -0.0925
v -0.340013 0.341977 -0.0950447
v -0.340017 0.341217 -0.0974087
v -0.339995 0.340084 -0.099453
v -0.339983 0.338668 -0.101157
v -0.342284 0.341548 -0.0925
v -0.342402 0.341214 -0.0950453
v -0.342339 0.340455 -0.0973505
v -0.342193 0.339434 -0.0992246
v -0.342109 0.338217 -0.100715
v -0.344445 0.340393 -0.0925
v -0.344465 0.340071 -0.0950105
v -0.344227 0.33943 -0.0971993
v -0.343887 0.338641 -0.0988867
v -0.343705 0.337673 -0.100173
v -0.3375 0.33 0.065
v -0.3375 0.3425 0.0525
v -0.35 0.33 0.0525
v -0.3375 0.332439 0.0647599
v -0.3375 0.334784 0.0640485
v -0.3375 0.336945 0.0628934
v -0.3375 0.338839 0.0613388
v -0.339939 0.33 0.0647599
v -0.340013 0.332545 0.0644774
v -0.340017 0.334909 0.0637169
v -0.339995 0.336953 0.0625836
v -0.339983 0.338657 0.0611681
v -0.342284 0.33 0.0640485
v -0.342402 0.332545 0.0637136
v -0.342339 0.334851 0.062955
v -0.342193 0.336725 0.0619344
v -0.342109 0.338215 0.0607175
v -0.344445 0.33 0.0628934
v -0.344465 0.332511 0.0625715
v -0.344227 0.334699 0.0619296
v -0.343887 0.336387 0.0611411
v -0.343705 0.337673 0.0601728
v -0.344717 0.337217 0.0597169
v -0.339939 0.34226 0.0525
v -0.342284 0.341548 0.0525
v -0.344445 0.340393 0.0525
v -0.346339 0.338839 0.0525
v -0.3375 0.34226 0.0549387
v -0.340045 0.341977 0.0550134
v -0.342409 0.341217 0.0550172
v -0.344453 0.340084 0.0549953
v -0.346157 0.338668 0.0549828
v -0.3375 0.341548 0.0572836
v -0.340045 0.341214 0.0574017
v -0.342351 0.340455 0.0573391
v -0.344225 0.339434 0.0571928
v -0.345715 0.338217 0.0571088
v -0.3375 0.340393 0.0594447
v -0.340011 0.340071 0.0594651
v -0.342199 0.33943 0.0592267
v -0.343887 0.338641 0.0588868
v -0.345173 0.337673 0.0587054
v -0.34976 0.33 0.0549387
v -0.349048 0.33 0.0572836
v -0.347893 0.33 0.0594447
v -0.346339 0.33 0.0613388
v -0.34976 0.332439 0.0525
v -0.349477 0.332513 0.0550447
v -0.348717 0.332517 0.0574088
v -0.347584 0.332495 0.0594531
v -0.346168 0.332483 0.0611574
v -0.349048 0.334784 0.0525
v -0.348714 0.334902 0.0550454
v -0.347955 0.334839 0.0573506
v -0.346934 0.334693 0.0592247
v -0.345717 0.334609 0.0607148
v -0.347893 0.336945 0.0525
v -0.347571 0.336965 0.0550106
v -0.34693 0.336727 0.0571994
v -0.346141 0.336387 0.0588868
v -0.345173 0.336205 0.0601728
v 0.3375 0.33 -0.105
v 0.35 0.33 -0.0925
v 0.3375 0.3175 -0.0925
v 0.339939 0.33 -0.10476
v 0.342284 0.33 -0.104048
v 0.344445 0.33 -0.102893
v 0.346339 0.33 -0.101339
v 0.3375 0.327561 -0.10476
v 0.340045 0.327487 -0.104477
v 0.342409 0.327483 -0.103717
v 0.344453 0.327505 -0.102584
v 0.346157 0.327517 -0.101168
v 0.3375 0.325216 -0.104048
v 0.340045 0.325098 -0.103714
v 0.342351 0.325161 -0.102955
v 0.344225 0.325307 -0.101934
v 0.345715 0.325391 -0.100717
v 0.3375 0.323055 -0.102893
v 0.340011 0.323035 -0.102571
v 0.342199 0.323273 -0.10193
v 0.343887 0.323613 -0.101141
v 0.345173 0.323795 -0.100173
v 0.344717 0.322783 -0.0997168
v 0.34976 0.327561 -0.0925
v 0.349048 0.325216 -0.0925
v 0.347893 0.323055 -0.0925
v 0.346339 0.321161 -0.0925
v 0.34976 0.33 -0.0949386
v 0.349477 0.327455 -0.0950133
v 0.348717 0.325091 -0.0950172
v 0.347584 0.323047 -0.0949953
v 0.346168 0.321343 -0.0949827
v 0.349048 0.33 -0.0972835
v 0.348714 0.327455 -0.0974017
v 0.347955 0.325149 -0.097339
v 0.346934 0.323275 -0.0971928
v 0.345717 0.321785 -0.0971087
v 0.347893 0.33 -0.0994446
v 0.347571 0.327489 -0.099465
v 0.34693 0.325301 -0.0992267
v 0.346141 0.323613 -0.0988867
v 0.345173 0.322327 -0.0987054
v 0.3375 0.31774 -0.0949386
v 0.3375 0.318451 -0.0972835
v 0.3375 0.319607 -0.0994446
v 0.3375 0.321161 -0.101339
v 0.339939 0.31774 -0.0925
v 0.340013 0.318023 -0.0950447
v 0.340017 0.318783 -0.0974087
v 0.339995 0.319916 -0.099453
v 0.339983 0.321332 -0.101157
v 0.342284 0.318451 -0.0925
v 0.342402 0.318786 -0.0950453
v 0.342339 0.319545 -0.0973505
v 0.342193 0.320566 -0.0992246
v 0.342109 0.321783 -0.100715
v 0.344445 0.319607 -0.0925
v 0.344465 0.319928 -0.0950105
v 0.344227 0.32057 -0.0971993
v 0.343887 0.321359 -0.0988867
v 0.343705 0.322327 -0.100173
v 0.3375 0.33 0.065
v 0.3375 0.3175 0.0525
v 0.35 0.33 0.0525
v 0.3375 0.327561 0.0647599
v 0.3375 0.325216 0.0640485
v 0.3375 0.323055 0.0628934
v 0.3375 0.321161 0.0613388
v 0.339939 0.33 0.0647599
v 0.340013 0.327455 0.0644774
v 0.340017 0.325091 0.0637169
v 0.339995 0.323047 0.0625836
v 0.339983 0.321343 0.0611681
v 0.342284 0.33 0.0640485
v 0.342402 0.327455 0.0637136
v 0.342339 0.325149 0.062955
v 0.342193 0.323275 0.0619344
v 0.342109 0.321785 0.0607175
v 0.344445 0.33 0.0628934
v 0.344465 0.327489 0.0625715
v 0.344227 0.325301 0.0619296
v 0.343887 0.323613 0.0611411
v 0.343705 0.322327 0.0601728
v 0.344717 0.322783 0.0597169
v 0.339939 0.31774 0.0525
v 0.342284 0.318451 0.0525
v 0.344445 0.319607 0.0525
v 0.346339 0.321161 0.0525
v 0.3375 0.31774 0.0549387
v 0.340045 0.318023 0.0550134
v 0.342409 0.318783 0.0550172
v 0.344453 0.319916 0.0549953
v 0.346157 0.321332 0.0549828
v 0.3375 0.318451 0.0572836
v 0.340045 0.318786 0.0574017
v 0.342351 0.319545 0.0573391
v 0.344225 0.320566 0.0571928
v 0.345715 0.321783 0.0571088
v 0.3375 0.319607 0.0594447
v 0.340011 0.319928 0.0594651
v 0.342199 0.32057 0.0592267
v 0.343887 0.321359 0.0588868
v 0.345173 0.322327 0.0587054
v 0.34976 0.33 0.0549387
v 0.349048 0.33 0.0572836
v 0.347893 0.33 0.0594447
v 0.346339 0.33 0.0613388
v 0.34976 0.327561 0.0525
v 0.349477 0.327487 0.0550447
v 0.348717 0.327483 0.0574088
v 0.347584 0.327505 0.0594531
v 0.346168 0.327517 0.0611574
v 0.349048 0.325216 0.0525
v 0.348714 0.325098 0.0550454
v 0.347955 0.325161 0.0573506
v 0.346934 0.325307 0.0592247
v 0.345717 0.325391 0.0607148
v 0.347893 0.323055 0.0525
v 0.347571 0.323035 0.0550106
v 0.34693 0.323273 0.0571994
v 0.346141 0.323613 0.0588868
v 0.345173 0.323795 0.0601728
v 0.3375 0.33 -0.105
v 0.3375 0.3425 -0.0925
v 0.35 0.33 -0.0925
v 0.3375 0.332439 -0.10476
v 0.3375 0.334784 -0.104048
v 0.3375 0.336945 -0.102893
v 0.3375 0.338839 -0.101339
v 0.339939 0.33 -0.10476
v 0.340013 0.332545 -0.104477
v 0.340017 0.334909 -0.103717
v 0.339995 0.336953 -0.102584
v 0.339983 0.338657 -0.101168
v 0.342284 0.33 -0.104048
v 0.342402 0.332545 -0.103714
v 0.342339 0.334851 -0.102955
v 0.342193 0.336725 -0.101934
v 0.342109 0.338215 -0.100717
v 0.344445 0.33 -0.102893
v 0.344465 0.332511 -0.102571
v 0.344227 0.334699 -0.10193
v 0.343887 0.336387 -0.101141
v 0.343705 0.337673 -0.100173
v 0.344717 0.337217 -0.0997168
v 0.339939 0.34226 -0.0925
v 0.342284 0.341548 -0.0925
v 0.344445 0.340393 -0.0925
v 0.346339 0.338839 -0.0925
v 0.3375 0.34226 -0.0949386
v 0.340045 0.341977 -0.0950133
v 0.342409 0.341217 -0.0950172
v 0.344453 0.340084 -0.0949953
v 0.346157 0.338668 -0.0949827
v 0.3375 0.341548 -0.0972835
v 0.340045 0.341214 -0.0974017
v 0.342351 0.340455 -0.097339
v 0.344225 0.339434 -0.0971928
v 0.345715 0.338217 -0.0971087
v 0.3375 0.340393 -0.0994446
v 0.340011 0.340071 -0.099465
v 0.342199 0.33943 -0.0992267
v 0.343887 0.338641 -0.0988867
v 0.345173 0.337673 -0.0987054
v 0.34976 0.33 -0.0949386
v 0.349048 0.33 -0.0972835
v 0.347893 0.33 -0.0994446
v 0.346339 0.33 -0.101339
v 0.34976 0.332439 -0.0925
v 0.349477 0.332513 -0.0950447
v 0.348717 0.332517 -0.0974087
v 0.347584 0.332495 -0.099453
v 0.346168 0.332483 -0.101157
v 0.349048 0.334784 -0.0925
v 0.348714 0.334902 -0.0950453
v 0.347955 0.334839 -0.0973505
v 0.346934 0.334693 -0.0992246
v 0.345717 0.334609 -0.100715
v 0.347893 0.336945 -0.0925
v 0.347571 0.336965 -0.0950105
v 0.34693 0.336727 -0.0971993
v 0.346141 0.336387 -0.0988867
v 0.345173 0.336205 -0.100173
v 0.3375 0.33 0.065
v 0.35 0.33 0.0525
v 0.3375 0.3425 0.0525
v 0.339939 0.33 0.0647599
v 0.342284 0.33 0.0640485
v 0.344445 0.33 0.0628934
v 0.346339 0.33 0.0613388
v 0.3375 0.332439 0.0647599
v 0.340045 0.332513 0.0644774
v 0.342409 0.332517 0.0637169
v 0.344453 0.332495 0.0625836
v 0.346157 0.332483 0.0611681
v 0.3375 0.334784 0.0640485
v 0.340045 0.334902 0.0637136
v 0.342351 0.334839 0.062955
v 0.344225 0.334693 0.0619344
v 0.345715 0.334609 0.0607175
v 0.3375 0.336945 0.0628934
v 0.340011 0.336965 0.0625715
v 0.342199 0.336727 0.0619296
v 0.343887 0.336387 0.0611411
v 0.345173 0.336205 0.0601728
v 0.344717 0.337217 0.0597169
v 0.34976 0.332439 0.0525
v 0.349048 0.334784 0.0525
v 0.347893 0.336945 0.0525
v 0.346339 0.338839 0.0525
v 0.34976 0.33 0.0549387
v 0.349477 0.332545 0.0550134
v 0.348717 0.334909 0.0550172
v 0.347584 0.336953 0.0549953
v 0.346168 0.338657 0.0549828
v 0.349048 0.33 0.0572836
v 0.348714 0.332545 0.0574017
v 0.347955 0.334851 0.0573391
v 0.346934 0.336725 0.0571928
v 0.345717 0.338215 0.0571088
v 0.347893 0.33 0.0594447
v 0.347571 0.332511 0.0594651
v 0.34693 0.334699 0.0592267
v 0.346141 0.336387 0.0588868
v 0.345173 0.337673 0.0587054
v 0.3375 0.34226 0.0549387
v 0.3375 0.341548 0.0572836
v 0.3375 0.340393 0.0594447
v 0.3375 0.338839 0.0613388
v 0.339939 0.34226 0.0525
v 0.340013 0.341977 0.0550447
v 0.340017 0.341217 0.0574088
v 0.339995 0.340084 0.0594531
v 0.339983 0.338668 0.0611574
v 0.342284 0.341548 0.0525
v 0.342402 0.341214 0.0550454
v 0.342339 0.340455 0.0573506
v 0.342193 0.339434 0.0592247
v 0.342109 0.338217 0.0607148
v 0.344445 0.340393 0.0525
v 0.344465 0.340071 0.0550106
v 0.344227 0.33943 0.0571994
v 0.343887 0.338641 0.0588868
v 0.343705 0.337673 0.0601728
usemtl slightly_warm_drawer_gray_003
f 247 307 62 2
f 369 429 308 246
f 611 855 733 489
f 428 184 63 306
f 3 64 186 124
f 125 185 430 368
f 735 795 550 490
f 857 917 796 734
f 1099 1343 1221 977
f 916 672 551 794
f 491 552 674 612
f 613 673 918 856
f 1223 1283 1038 978
f 1345 1405 1284 1222
f 1587 1831 1709 1465
f 1404 1160 1039 1282
f 979 1040 1162 1100
f 1101 1161 1406 1344
f 1711 1771 1526 1466
f 1833 1893 1772 1710
f 2075 2319 2197 1953
f 1892 1648 1527 1770
f 1467 1528 1650 1588
f 1589 1649 1894 1832
f 2199 2259 2014 1954
f 2321 2381 2260 2198
f 2380 2136 2015 2258
f 1955 2016 2138 2076
f 2077 2137 2382 2320
f 1 4 9 8
f 4 5 10 9
f 5 6 11 10
f 6 7 12 11
f 8 9 14 13
f 9 10 15 14
f 10 11 16 15
f 11 12 17 16
f 13 14 19 18
f 14 15 20 19
f 15 16 21 20
f 16 17 22 21
f 18 19 51 46
f 19 20 56 51
f 20 21 61 56
f 21 22 23 61
f 2 24 29 28
f 24 25 30 29
f 25 26 31 30
f 26 27 32 31
f 28 29 34 33
f 29 30 35 34
f 30 31 36 35
f 31 32 37 36
f 33 34 39 38
f 34 35 40 39
f 35 36 41 40
f 36 37 42 41
f 38 39 12 7
f 39 40 17 12
f 40 41 22 17
f 41 42 23 22
f 3 43 48 47
f 43 44 49 48
f 44 45 50 49
f 45 46 51 50
f 47 48 53 52
f 48 49 54 53
f 49 50 55 54
f 50 51 56 55
f 52 53 58 57
f 53 54 59 58
f 54 55 60 59
f 55 56 61 60
f 57 58 32 27
f 58 59 37 32
f 59 60 42 37
f 60 61 23 42
f 62 65 70 69
f 65 66 71 70
f 66 67 72 71
f 67 68 73 72
f 69 70 75 74
f 70 71 76 75
f 71 72 77 76
f 72 73 78 77
f 74 75 80 79
f 75 76 81 80
f 76 77 82 81
f 77 78 83 82
f 79 80 112 107
f 80 81 117 112
f 81 82 122 117
f 82 83 84 122
f 63 85 90 89
f 85 86 91 90
f 86 87 92 91
f 87 88 93 92
f 89 90 95 94
f 90 91 96 95
f 91 92 97 96
f 92 93 98 97
f 94 95 100 99
f 95 96 101 100
f 96 97 102 101
f 97 98 103 102
f 99 100 73 68
f 100 101 78 73
f 101 102 83 78
f 102 103 84 83
f 64 104 109 108
f 104 105 110 109
f 105 106 111 110
f 106 107 112 111
f 108 109 114 113
f 109 110 115 114
f 110 111 116 115
f 111 112 117 116
f 113 114 119 118
f 114 115 120 119
f 115 116 121 120
f 116 117 122 121
f 118 119 93 88
f 119 120 98 93
f 120 121 103 98
f 121 122 84 103
f 123 126 131 130
f 126 127 132 131
f 127 128 133 132
f 128 129 134 133
f 130 131 136 135
f 131 132 137 136
f 132 133 138 137
f 133 134 139 138
f 135 136 141 140
f 136 137 142 141
f 137 138 143 142
f 138 139 144 143
f 140 141 173 168
f 141 142 178 173
f 142 143 183 178
f 143 144 145 183
f 124 146 151 150
f 146 147 152 151
f 147 148 153 152
f 148 149 154 153
f 150 151 156 155
f 151 152 157 156
f 152 153 158 157
f 153 154 159 158
f 155 156 161 160
f 156 157 162 161
f 157 158 163 162
f 158 159 164 163
f 160 161 134 129
f 161 162 139 134
f 162 163 144 139
f 163 164 145 144
f 125 165 170 169
f 165 166 171 170
f 166 167 172 171
f 167 168 173 172
f 169 170 175 174
f 170 171 176 175
f 171 172 177 176
f 172 173 178 177
f 174 175 180 179
f 175 176 181 180
f 176 177 182 181
f 177 178 183 182
f 179 180 154 149
f 180 181 159 154
f 181 182 164 159
f 182 183 145 164
f 184 187 192 191
f 187 188 193 192
f 188 189 194 193
f 189 190 195 194
f 191 192 197 196
f 192 193 198 197
f 193 194 199 198
f 194 195 200 199
f 196 197 202 201
f 197 198 203 202
f 198 199 204 203
f 199 200 205 204
f 201 202 234 229
f 202 203 239 234
f 203 204 244 239
f 204 205 206 244
f 185 207 212 211
f 207 208 213 212
f 208 209 214 213
f 209 210 215 214
f 211 212 217 216
f 212 213 218 217
f 213 214 219 218
f 214 215 220 219
f 216 217 222 221
f 217 218 223 222
f 218 219 224 223
f 219 220 225 224
f 221 222 195 190
f 222 223 200 195
f 223 224 205 200
f 224 225 206 205
f 186 226 231 230
f 226 227 232 231
f 227 228 233 232
f 228 229 234 233
f 230 231 236 235
f 231 232 237 236
f 232 233 238 237
f 233 234 239 238
f 235 236 241 240
f 236 237 242 241
f 237 238 243 242
f 238 239 244 243
f 240 241 215 210
f 241 242 220 215
f 242 243 225 220
f 243 244 206 225
f 245 248 253 252
f 248 249 254 253
f 249 250 255 254
f 250 251 256 255
f 252 253 258 257
f 253 254 259 258
f 254 255 260 259
f 255 256 261 260
f 257 258 263 262
f 258 259 264 263
f 259 260 265 264
f 260 261 266 265
f 262 263 295 290
f 263 264 300 295
f 264 265 305 300
f 265 266 267 305
f 246 268 273 272
f 268 269 274 273
f 269 270 275 274
f 270 271 276 275
f 272 273 278 277
f 273 274 279 278
f 274 275 280 279
f 275 276 281 280
f 277 278 283 282
f 278 279 284 283
f 279 280 285 284
f 280 281 286 285
f 282 283 256 251
f 283 284 261 256
f 284 285 266 261
f 285 286 267 266
f 247 287 292 291
f 287 288 293 292
f 288 289 294 293
f 289 290 295 294
f 291 292 297 296
f 292 293 298 297
f 293 294 299 298
f 294 295 300 299
f 296 297 302 301
f 297 298 303 302
f 298 299 304 303
f 299 300 305 304
f 301 302 276 271
f 302 303 281 276
f 303 304 286 281
f 304 305 267 286
f 306 309 314 313
f 309 310 315 314
f 310 311 316 315
f 311 312 317 316
f 313 314 319 318
f 314 315 320 319
f 315 316 321 320
f 316 317 322 321
f 318 319 324 323
f 319 320 325 324
f 320 321 326 325
f 321 322 327 326
f 323 324 356 351
f 324 325 361 356
f 325 326 366 361
f 326 327 328 366
f 307 329 334 333
f 329 330 335 334
f 330 331 336 335
f 331 332 337 336
f 333 334 339 338
f 334 335 340 339
f 335 336 341 340
f 336 337 342 341
f 338 339 344 343
f 339 340 345 344
f 340 341 346 345
f 341 342 347 346
f 343 344 317 312
f 344 345 322 317
f 345 346 327 322
f 346 347 328 327
f 308 348 353 352
f 348 349 354 353
f 349 350 355 354
f 350 351 356 355
f 352 353 358 357
f 353 354 359 358
f 354 355 360 359
f 355 356 361 360
f 357 358 363 362
f 358 359 364 363
f 359 360 365 364
f 360 361 366 365
f 362 363 337 332
f 363 364 342 337
f 364 365 347 342
f 365 366 328 347
f 367 370 375 374
f 370 371 376 375
f 371 372 377 376
f 372 373 378 377
f 374 375 380 379
f 375 376 381 380
f 376 377 382 381
f 377 378 383 382
f 379 380 385 384
f 380 381 386 385
f 381 382 387 386
f 382 383 388 387
f 384 385 417 412
f 385 386 422 417
f 386 387 427 422
f 387 388 389 427
f 368 390 395 394
f 390 391 396 395
f 391 392 397 396
f 392 393 398 397
f 394 395 400 399
f 395 396 401 400
f 396 397 402 401
f 397 398 403 402
f 399 400 405 404
f 400 401 406 405
f 401 402 407 406
f 402 403 408 407
f 404 405 378 373
f 405 406 383 378
f 406 407 388 383
f 407 408 389 388
f 369 409 414 413
f 409 410 415 414
f 410 411 416 415
f 411 412 417 416
f 413 414 419 418
f 414 415 420 419
f 415 416 421 420
f 416 417 422 421
f 418 419 424 423
f 419 420 425 424
f 420 421 426 425
f 421 422 427 426
f 423 424 398 393
f 424 425 403 398
f 425 426 408 403
f 426 427 389 408
f 428 431 436 435
f 431 432 437 436
f 432 433 438 437
f 433 434 439 438
f 435 436 441 440
f 436 437 442 441
f 437 438 443 442
f 438 439 444 443
f 440 441 446 445
f 441 442 447 446
f 442 443 448 447
f 443 444 449 448
f 445 446 478 473
f 446 447 483 478
f 447 448 488 483
f 448 449 450 488
f 429 451 456 455
f 451 452 457 456
f 452 453 458 457
f 453 454 459 458
f 455 456 461 460
f 456 457 462 461
f 457 458 463 462
f 458 459 464 463
f 460 461 466 465
f 461 462 467 466
f 462 463 468 467
f 463 464 469 468
f 465 466 439 434
f 466 467 444 439
f 467 468 449 444
f 468 469 450 449
f 430 470 475 474
f 470 471 476 475
f 471 472 477 476
f 472 473 478 477
f 474 475 480 479
f 475 476 481 480
f 476 477 482 481
f 477 478 483 482
f 479 480 485 484
f 480 481 486 485
f 481 482 487 486
f 482 483 488 487
f 484 485 459 454
f 485 486 464 459
f 486 487 469 464
f 487 488 450 469
f 489 492 497 496
f 492 493 498 497
f 493 494 499 498
f 494 495 500 499
f 496 497 502 501
f 497 498 503 502
f 498 499 504 503
f 499 500 505 504
f 501 502 507 506
f 502 503 508 507
f 503 504 509 508
f 504 505 510 509
f 506 507 539 534
f 507 508 544 539
f 508 509 549 544
f 509 510 511 549
f 490 512 517 516
f 512 513 518 517
f 513 514 519 518
f 514 515 520 519
f 516 517 522 521
f 517 518 523 522
f 518 519 524 523
f 519 520 525 524
f 521 522 527 526
f 522 523 528 527
f 523 524 529 528
f 524 525 530 529
f 526 527 500 495
f 527 528 505 500
f 528 529 510 505
f 529 530 511 510
f 491 531 536 535
f 531 532 537 536
f 532 533 538 537
f 533 534 539 538
f 535 536 541 540
f 536 537 542 541
f 537 538 543 542
f 538 539 544 543
f 540 541 546 545
f 541 542 547 546
f 542 543 548 547
f 543 544 549 548
f 545 546 520 515
f 546 547 525 520
f 547 548 530 525
f 548 549 511 530
f 550 553 558 557
f 553 554 559 558
f 554 555 560 559
f 555 556 561 560
f 557 558 563 562
f 558 559 564 563
f 559 560 565 564
f 560 561 566 565
f 562 563 568 567
f 563 564 569 568
f 564 565 570 569
f 565 566 571 570
f 567 568 600 595
f 568 569 605 600
f 569 570 610 605
f 570 571 572 610
f 551 573 578 577
f 573 574 579 578
f 574 575 580 579
f 575 576 581 580
f 577 578 583 582
f 578 579 584 583
f 579 580 585 584
f 580 581 586 585
f 582 583 588 587
f 583 584 589 588
f 584 585 590 589
f 585 586 591 590
f 587 588 561 556
f 588 589 566 561
f 589 590 571 566
f 590 591 572 571
f 552 592 597 596
f 592 593 598 597
f 593 594 599 598
f 594 595 600 599
f 596 597 602 601
f 597 598 603 602
f 598 599 604 603
f 599 600 605 604
f 601 602 607 606
f 602 603 608 607
f 603 604 609 608
f 604 605 610 609
f 606 607 581 576
f 607 608 586 581
f 608 609 591 586
f 609 610 572 591
f 611 614 619 618
f 614 615 620 619
f 615 616 621 620
f 616 617 622 621
f 618 619 624 623
f 619 620 625 624
f 620 621 626 625
f 621 622 627 626
f 623 624 629 628
f 624 625 630 629
f 625 626 631 630
f 626 627 632 631
f 628 629 661 656
f 629 630 666 661
f 630 631 671 666
f 631 632 633 671
f 612 634 639 638
f 634 635 640 639
f 635 636 641 640
f 636 637 642 641
f 638 639 644 643
f 639 640 645 644
f 640 641 646 645
f 641 642 647 646
f 643 644 649 648
f 644 645 650 649
f 645 646 651 650
f 646 647 652 651
f 648 649 622 617
f 649 650 627 622
f 650 651 632 627
f 651 652 633 632
f 613 653 658 657
f 653 654 659 658
f 654 655 660 659
f 655 656 661 660
f 657 658 663 662
f 658 659 664 663
f 659 660 665 664
f 660 661 666 665
f 662 663 668 667
f 663 664 669 668
f 664 665 670 669
f 665 666 671 670
f 667 668 642 637
f 668 669 647 642
f 669 670 652 647
f 670 671 633 652
f 672 675 680 679
f 675 676 681 680
f 676 677 682 681
f 677 678 683 682
f 679 680 685 684
f 680 681 686 685
f 681 682 687 686
f 682 683 688 687
f 684 685 690 689
f 685 686 691 690
f 686 687 692 691
f 687 688 693 692
f 689 690 722 717
f 690 691 727 722
f 691 692 732 727
f 692 693 694 732
f 673 695 700 699
f 695 696 701 700
f 696 697 702 701
f 697 698 703 702
f 699 700 705 704
f 700 701 706 705
f 701 702 707 706
f 702 703 708 707
f 704 705 710 709
f 705 706 711 710
f 706 707 712 711
f 707 708 713 712
f 709 710 683 678
f 710 711 688 683
f 711 712 693 688
f 712 713 694 693
f 674 714 719 718
f 714 715 720 719
f 715 716 721 720
f 716 717 722 721
f 718 719 724 723
f 719 720 725 724
f 720 721 726 725
f 721 722 727 726
f 723 724 729 728
f 724 725 730 729
f 725 726 731 730
f 726 727 732 731
f 728 729 703 698
f 729 730 708 703
f 730 731 713 708
f 731 732 694 713
f 733 736 741 740
f 736 737 742 741
f 737 738 743 742
f 738 739 744 743
f 740 741 746 745
f 741 742 747 746
f 742 743 748 747
f 743 744 749 748
f 745 746 751 750
f 746 747 752 751
f 747 748 753 752
f 748 749 754 753
f 750 751 783 778
f 751 752 788 783
f 752 753 793 788
f 753 754 755 793
f 734 756 761 760
f 756 757 762 761
f 757 758 763 762
f 758 759 764 763
f 760 761 766 765
f 761 762 767 766
f 762 763 768 767
f 763 764 769 768
f 765 766 771 770
f 766 767 772 771
f 767 768 773 772
f 768 769 774 773
f 770 771 744 739
f 771 772 749 744
f 772 773 754 749
f 773 774 755 754
f 735 775 780 779
f 775 776 781 780
f 776 777 782 781
f 777 778 783 782
f 779 780 785 784
f 780 781 786 785
f 781 782 787 786
f 782 783 788 787
f 784 785 790 789
f 785 786 791 790
f 786 787 792 791
f 787 788 793 792
f 789 790 764 759
f 790 791 769 764
f 791 792 774 769
f 792 793 755 774
f 794 797 802 801
f 797 798 803 802
f 798 799 804 803
f 799 800 805 804
f 801 802 807 806
f 802 803 808 807
f 803 804 809 808
f 804 805 810 809
f 806 807 812 811
f 807 808 813 812
f 808 809 814 813
f 809 810 815 814
f 811 812 844 839
f 812 813 849 844
f 813 814 854 849
f 814 815 816 854
f 795 817 822 821
f 817 818 823 822
f 818 819 824 823
f 819 820 825 824
f 821 822 827 826
f 822 823 828 827
f 823 824 829 828
f 824 825 830 829
f 826 827 832 831
f 827 828 833 832
f 828 829 834 833
f 829 830 835 834
f 831 832 805 800
f 832 833 810 805
f 833 834 815 810
f 834 835 816 815
f 796 836 841 840
f 836 837 842 841
f 837 838 843 842
f 838 839 844 843
f 840 841 846 845
f 841 842 847 846
f 842 843 848 847
f 843 844 849 848
f 845 846 851 850
f 846 847 852 851
f 847 848 853 852
f 848 849 854 853
f 850 851 825 820
f 851 852 830 825
f 852 853 835 830
f 853 854 816 835
f 855 858 863 862
f 858 859 864 863
f 859 860 865 864
f 860 861 866 865
f 862 863 868 867
f 863 864 869 868
f 864 865 870 869
f 865 866 871 870
f 867 868 873 872
f 868 869 874 873
f 869 870 875 874
f 870 871 876 875
f 872 873 905 900
f 873 874 910 905
f 874 875 915 910
f 875 876 877 915
f 856 878 883 882
f 878 879 884 883
f 879 880 885 884
f 880 881 886 885
f 882 883 888 887
f 883 884 889 888
f 884 885 890 889
f 885 886 891 890
f 887 888 893 892
f 888 889 894 893
f 889 890 895 894
f 890 891 896 895
f 892 893 866 861
f 893 894 871 866
f 894 895 876 871
f 895 896 877 876
f 857 897 902 901
f 897 898 903 902
f 898 899 904 903
f 899 900 905 904
f 901 902 907 906
f 902 903 908 907
f 903 904 909 908
f 904 905 910 909
f 906 907 912 911
f 907 908 913 912
f 908 909 914 913
f 909 910 915 914
f 911 912 886 881
f 912 913 891 886
f 913 914 896 891
f 914 915 877 896
f 916 919 924 923
f 919 920 925 924
f 920 921 926 925
f 921 922 927 926
f 923 924 929 928
f 924 925 930 929
f 925 926 931 930
f 926 927 932 931
f 928 929 934 933
f 929 930 935 934
f 930 931 936 935
f 931 932 937 936
f 933 934 966 961
f 934 935 971 966
f 935 936 976 971
f 936 937 938 976
f 917 939 944 943
f 939 940 945 944
f 940 941 946 945
f 941 942 947 946
f 943 944 949 948
f 944 945 950 949
f 945 946 951 950
f 946 947 952 951
f 948 949 954 953
f 949 950 955 954
f 950 951 956 955
f 951 952 957 956
f 953 954 927 922
f 954 955 932 927
f 955 956 937 932
f 956 957 938 937
f 918 958 963 962
f 958 959 964 963
f 959 960 965 964
f 960 961 966 965
f 962 963 968 967
f 963 964 969 968
f 964 965 970 969
f 965 966 971 970
f 967 968 973 972
f 968 969 974 973
f 969 970 975 974
f 970 971 976 975
f 972 973 947 942
f 973 974 952 947
f 974 975 957 952
f 975 976 938 957
f 977 980 985 984
f 980 981 986 985
f 981 982 987 986
f 982 983 988 987
f 984 985 990 989
f 985 986 991 990
f 986 987 992 991
f 987 988 993 992
f 989 990 995 994
f 990 991 996 995
f 991 992 997 996
f 992 993 998 997
f 994 995 1027 1022
f 995 996 1032 1027
f 996 997 1037 1032
f 997 998 999 1037
f 978 1000 1005 1004
f 1000 1001 1006 1005
f 1001 1002 1007 1006
f 1002 1003 1008 1007
f 1004 1005 1010 1009
f 1005 1006 1011 1010
f 1006 1007 1012 1011
f 1007 1008 1013 1012
f 1009 1010 1015 1014
f 1010 1011 1016 1015
f 1011 1012 1017 1016
f 1012 1013 1018 1017
f 1014 1015 988 983
f 1015 1016 993 988
f 1016 1017 998 993
f 1017 1018 999 998
f 979 1019 1024 1023
f 1019 1020 1025 1024
f 1020 1021 1026 1025
f 1021 1022 1027 1026
f 1023 1024 1029 1028
f 1024 1025 1030 1029
f 1025 1026 1031 1030
f 1026 1027 1032 1031
f 1028 1029 1034 1033
f 1029 1030 1035 1034
f 1030 1031 1036 1035
f 1031 1032 1037 1036
f 1033 1034 1008 1003
f 1034 1035 1013 1008
f 1035 1036 1018 1013
f 1036 1037 999 1018
f 1038 1041 1046 1045
f 1041 1042 1047 1046
f 1042 1043 1048 1047
f 1043 1044 1049 1048
f 1045 1046 1051 1050
f 1046 1047 1052 1051
f 1047 1048 1053 1052
f 1048 1049 1054 1053
f 1050 1051 1056 1055
f 1051 1052 1057 1056
f 1052 1053 1058 1057
f 1053 1054 1059 1058
f 1055 1056 1088 1083
f 1056 1057 1093 1088
f 1057 1058 1098 1093
f 1058 1059 1060 1098
f 1039 1061 1066 1065
f 1061 1062 1067 1066
f 1062 1063 1068 1067
f 1063 1064 1069 1068
f 1065 1066 1071 1070
f 1066 1067 1072 1071
f 1067 1068 1073 1072
f 1068 1069 1074 1073
f 1070 1071 1076 1075
f 1071 1072 1077 1076
f 1072 1073 1078 1077
f 1073 1074 1079 1078
f 1075 1076 1049 1044
f 1076 1077 1054 1049
f 1077 1078 1059 1054
f 1078 1079 1060 1059
f 1040 1080 1085 1084
f 1080 1081 1086 1085
f 1081 1082 1087 1086
f 1082 1083 1088 1087
f 1084 1085 1090 1089
f 1085 1086 1091 1090
f 1086 1087 1092 1091
f 1087 1088 1093 1092
f 1089 1090 1095 1094
f 1090 1091 1096 1095
f 1091 1092 1097 1096
f 1092 1093 1098 1097
f 1094 1095 1069 1064
f 1095 1096 1074 1069
f 1096 1097 1079 1074
f 1097 1098 1060 1079
f 1099 1102 1107 1106
f 1102 1103 1108 1107
f 1103 1104 1109 1108
f 1104 1105 1110 1109
f 1106 1107 1112 1111
f 1107 1108 1113 1112
f 1108 1109 1114 1113
f 1109 1110 1115 1114
f 1111 1112 1117 1116
f 1112 1113 1118 1117
f 1113 1114 1119 1118
f 1114 1115 1120 1119
f 1116 1117 1149 1144
f 1117 1118 1154 1149
f 1118 1119 1159 1154
f 1119 1120 1121 1159
f 1100 1122 1127 1126
f 1122 1123 1128 1127
f 1123 1124 1129 1128
f 1124 1125 1130 1129
f 1126 1127 1132 1131
f 1127 1128 1133 1132
f 1128 1129 1134 1133
f 1129 1130 1135 1134
f 1131 1132 1137 1136
f 1132 1133 1138 1137
f 1133 1134 1139 1138
f 1134 1135 1140 1139
f 1136 1137 1110 1105
f 1137 1138 1115 1110
f 1138 1139 1120 1115
f 1139 1140 1121 1120
f 1101 1141 1146 1145
f 1141 1142 1147 1146
f 1142 1143 1148 1147
f 1143 1144 1149 1148
f 1145 1146 1151 1150
f 1146 1147 1152 1151
f 1147 1148 1153 1152
f 1148 1149 1154 1153
f 1150 1151 1156 1155
f 1151 1152 1157 1156
f 1152 1153 1158 1157
f 1153 1154 1159 1158
f 1155 1156 1130 1125
f 1156 1157 1135 1130
f 1157 1158 1140 1135
f 1158 1159 1121 1140
f 1160 1163 1168 1167
f 1163 1164 1169 1168
f 1164 1165 1170 1169
f 1165 1166 1171 1170
f 1167 1168 1173 1172
f 1168 1169 1174 1173
f 1169 1170 1175 1174
f 1170 1171 1176 1175
f 1172 1173 1178 1177
f 1173 1174 1179 1178
f 1174 1175 1180 1179
f 1175 1176 1181 1180
f 1177 1178 1210 1205
f 1178 1179 1215 1210
f 1179 1180 1220 1215
f 1180 1181 1182 1220
f 1161 1183 1188 1187
f 1183 1184 1189 1188
f 1184 1185 1190 1189
f 1185 1186 1191 1190
f 1187 1188 1193 1192
f 1188 1189 1194 1193
f 1189 1190 1195 1194
f 1190 1191 1196 1195
f 1192 1193 1198 1197
f 1193 1194 1199 1198
f 1194 1195 1200 1199
f 1195 1196 1201 1200
f 1197 1198 1171 1166
f 1198 1199 1176 1171
f 1199 1200 1181 1176
f 1200 1201 1182 1181
f 1162 1202 1207 1206
f 1202 1203 1208 1207
f 1203 1204 1209 1208
f 1204 1205 1210 1209
f 1206 1207 1212 1211
f 1207 1208 1213 1212
f 1208 1209 1214 1213
f 1209 1210 1215 1214
f 1211 1212 1217 1216
f 1212 1213 1218 1217
f 1213 1214 1219 1218
f 1214 1215 1220 1219
f 1216 1217 1191 1186
f 1217 1218 1196 1191
f 1218 1219 1201 1196
f 1219 1220 1182 1201
f 1221 1224 1229 1228
f 1224 1225 1230 1229
f 1225 1226 1231 1230
f 1226 1227 1232 1231
f 1228 1229 1234 1233
f 1229 1230 1235 1234
f 1230 1231 1236 1235
f 1231 1232 1237 1236
f 1233 1234 1239 1238
f 1234 1235 1240 1239
f 1235 1236 1241 1240
f 1236 1237 1242 1241
f 1238 1239 1271 1266
f 1239 1240 1276 1271
f 1240 1241 1281 1276
f 1241 1242 1243 1281
f 1222 1244 1249 1248
f 1244 1245 1250 1249
f 1245 1246 1251 1250
f 1246 1247 1252 1251
f 1248 1249 1254 1253
f 1249 1250 1255 1254
f 1250 1251 1256 1255
f 1251 1252 1257 1256
f 1253 1254 1259 1258
f 1254 1255 1260 1259
f 1255 1256 1261 1260
f 1256 1257 1262 1261
f 1258 1259 1232 1227
f 1259 1260 1237 1232
f 1260 1261 1242 1237
f 1261 1262 1243 1242
f 1223 1263 1268 1267
f 1263 1264 1269 1268
f 1264 1265 1270 1269
f 1265 1266 1271 1270
f 1267 1268 1273 1272
f 1268 1269 1274 1273
f 1269 1270 1275 1274
f 1270 1271 1276 1275
f 1272 1273 1278 1277
f 1273 1274 1279 1278
f 1274 1275 1280 1279
f 1275 1276 1281 1280
f 1277 1278 1252 1247
f 1278 1279 1257 1252
f 1279 1280 1262 1257
f 1280 1281 1243 1262
f 1282 1285 1290 1289
f 1285 1286 1291 1290
f 1286 1287 1292 1291
f 1287 1288 1293 1292
f 1289 1290 1295 1294
f 1290 1291 1296 1295
f 1291 1292 1297 1296
f 1292 1293 1298 1297
f 1294 1295 1300 1299
f 1295 1296 1301 1300
f 1296 1297 1302 1301
f 1297 1298 1303 1302
f 1299 1300 1332 1327
f 1300 1301 1337 1332
f 1301 1302 1342 1337
f 1302 1303 1304 1342
f 1283 1305 1310 1309
f 1305 1306 1311 1310
f 1306 1307 1312 1311
f 1307 1308 1313 1312
f 1309 1310 1315 1314
f 1310 1311 1316 1315
f 1311 1312 1317 1316
f 1312 1313 1318 1317
f 1314 1315 1320 1319
f 1315 1316 1321 1320
f 1316 1317 1322 1321
f 1317 1318 1323 1322
f 1319 1320 1293 1288
f 1320 1321 1298 1293
f 1321 1322 1303 1298
f 1322 1323 1304 1303
f 1284 1324 1329 1328
f 1324 1325 1330 1329
f 1325 1326 1331 1330
f 1326 1327 1332 1331
f 1328 1329 1334 1333
f 1329 1330 1335 1334
f 1330 1331 1336 1335
f 1331 1332 1337 1336
f 1333 1334 1339 1338
f 1334 1335 1340 1339
f 1335 1336 1341 1340
f 1336 1337 1342 1341
f 1338 1339 1313 1308
f 1339 1340 1318 1313
f 1340 1341 1323 1318
f 1341 1342 1304 1323
f 1343 1346 1351 1350
f 1346 1347 1352 1351
f 1347 1348 1353 1352
f 1348 1349 1354 1353
f 1350 1351 1356 1355
f 1351 1352 1357 1356
f 1352 1353 1358 1357
f 1353 1354 1359 1358
f 1355 1356 1361 1360
f 1356 1357 1362 1361
f 1357 1358 1363 1362
f 1358 1359 1364 1363
f 1360 1361 1393 1388
f 1361 1362 1398 1393
f 1362 1363 1403 1398
f 1363 1364 1365 1403
f 1344 1366 1371 1370
f 1366 1367 1372 1371
f 1367 1368 1373 1372
f 1368 1369 1374 1373
f 1370 1371 1376 1375
f 1371 1372 1377 1376
f 1372 1373 1378 1377
f 1373 1374 1379 1378
f 1375 1376 1381 1380
f 1376 1377 1382 1381
f 1377 1378 1383 1382
f 1378 1379 1384 1383
f 1380 1381 1354 1349
f 1381 1382 1359 1354
f 1382 1383 1364 1359
f 1383 1384 1365 1364
f 1345 1385 1390 1389
f 1385 1386 1391 1390
f 1386 1387 1392 1391
f 1387 1388 1393 1392
f 1389 1390 1395 1394
f 1390 1391 1396 1395
f 1391 1392 1397 1396
f 1392 1393 1398 1397
f 1394 1395 1400 1399
f 1395 1396 1401 1400
f 1396 1397 1402 1401
f 1397 1398 1403 1402
f 1399 1400 1374 1369
f 1400 1401 1379 1374
f 1401 1402 1384 1379
f 1402 1403 1365 1384
f 1404 1407 1412 1411
f 1407 1408 1413 1412
f 1408 1409 1414 1413
f 1409 1410 1415 1414
f 1411 1412 1417 1416
f 1412 1413 1418 1417
f 1413 1414 1419 1418
f 1414 1415 1420 1419
f 1416 1417 1422 1421
f 1417 1418 1423 1422
f 1418 1419 1424 1423
f 1419 1420 1425 1424
f 1421 1422 1454 1449
f 1422 1423 1459 1454
f 1423 1424 1464 1459
f 1424 1425 1426 1464
f 1405 1427 1432 1431
f 1427 1428 1433 1432
f 1428 1429 1434 1433
f 1429 1430 1435 1434
f 1431 1432 1437 1436
f 1432 1433 1438 1437
f 1433 1434 1439 1438
f 1434 1435 1440 1439
f 1436 1437 1442 1441
f 1437 1438 1443 1442
f 1438 1439 1444 1443
f 1439 1440 1445 1444
f 1441 1442 1415 1410
f 1442 1443 1420 1415
f 1443 1444 1425 1420
f 1444 1445 1426 1425
f 1406 1446 1451 1450
f 1446 1447 1452 1451
f 1447 1448 1453 1452
f 1448 1449 1454 1453
f 1450 1451 1456 1455
f 1451 1452 1457 1456
f 1452 1453 1458 1457
f 1453 1454 1459 1458
f 1455 1456 1461 1460
f 1456 1457 1462 1461
f 1457 1458 1463 1462
f 1458 1459 1464 1463
f 1460 1461 1435 1430
f 1461 1462 1440 1435
f 1462 1463 1445 1440
f 1463 1464 1426 1445
f 1465 1468 1473 1472
f 1468 1469 1474 1473
f 1469 1470 1475 1474
f 1470 1471 1476 1475
f 1472 1473 1478 1477
f 1473 1474 1479 1478
f 1474 1475 1480 1479
f 1475 1476 1481 1480
f 1477 1478 1483 1482
f 1478 1479 1484 1483
f 1479 1480 1485 1484
f 1480 1481 1486 1485
f 1482 1483 1515 1510
f 1483 1484 1520 1515
f 1484 1485 1525 1520
f 1485 1486 1487 1525
f 1466 1488 1493 1492
f 1488 1489 1494 1493
f 1489 1490 1495 1494
f 1490 1491 1496 1495
f 1492 1493 1498 1497
f 1493 1494 1499 1498
f 1494 1495 1500 1499
f 1495 1496 1501 1500
f 1497 1498 1503 1502
f 1498 1499 1504 1503
f 1499 1500 1505 1504
f 1500 1501 1506 1505
f 1502 1503 1476 1471
f 1503 1504 1481 1476
f 1504 1505 1486 1481
f 1505 1506 1487 1486
f 1467 1507 1512 1511
f 1507 1508 1513 1512
f 1508 1509 1514 1513
f 1509 1510 1515 1514
f 1511 1512 1517 1516
f 1512 1513 1518 1517
f 1513 1514 1519 1518
f 1514 1515 1520 1519
f 1516 1517 1522 1521
f 1517 1518 1523 1522
f 1518 1519 1524 1523
f 1519 1520 1525 1524
f 1521 1522 1496 1491
f 1522 1523 1501 1496
f 1523 1524 1506 1501
f 1524 1525 1487 1506
f 1526 1529 1534 1533
f 1529 1530 1535 1534
f 1530 1531 1536 1535
f 1531 1532 1537 1536
f 1533 1534 1539 1538
f 1534 1535 1540 1539
f 1535 1536 1541 1540
f 1536 1537 1542 1541
f 1538 1539 1544 1543
f 1539 1540 1545 1544
f 1540 1541 1546 1545
f 1541 1542 1547 1546
f 1543 1544 1576 1571
f 1544 1545 1581 1576
f 1545 1546 1586 1581
f 1546 1547 1548 1586
f 1527 1549 1554 1553
f 1549 1550 1555 1554
f 1550 1551 1556 1555
f 1551 1552 1557 1556
f 1553 1554 1559 1558
f 1554 1555 1560 1559
f 1555 1556 1561 1560
f 1556 1557 1562 1561
f 1558 1559 1564 1563
f 1559 1560 1565 1564
f 1560 1561 1566 1565
f 1561 1562 1567 1566
f 1563 1564 1537 1532
f 1564 1565 1542 1537
f 1565 1566 1547 1542
f 1566 1567 1548 1547
f 1528 1568 1573 1572
f 1568 1569 1574 1573
f 1569 1570 1575 1574
f 1570 1571 1576 1575
f 1572 1573 1578 1577
f 1573 1574 1579 1578
f 1574 1575 1580 1579
f 1575 1576 1581 1580
f 1577 1578 1583 1582
f 1578 1579 1584 1583
f 1579 1580 1585 1584
f 1580 1581 1586 1585
f 1582 1583 1557 1552
f 1583 1584 1562 1557
f 1584 1585 1567 1562
f 1585 1586 1548 1567
f 1587 1590 1595 1594
f 1590 1591 1596 1595
f 1591 1592 1597 1596
f 1592 1593 1598 1597
f 1594 1595 1600 1599
f 1595 1596 1601 1600
f 1596 1597 1602 1601
f 1597 1598 1603 1602
f 1599 1600 1605 1604
f 1600 1601 1606 1605
f 1601 1602 1607 1606
f 1602 1603 1608 1607
f 1604 1605 1637 1632
f 1605 1606 1642 1637
f 1606 1607 1647 1642
f 1607 1608 1609 1647
f 1588 1610 1615 1614
f 1610 1611 1616 1615
f 1611 1612 1617 1616
f 1612 1613 1618 1617
f 1614 1615 1620 1619
f 1615 1616 1621 1620
f 1616 1617 1622 1621
f 1617 1618 1623 1622
f 1619 1620 1625 1624
f 1620 1621 1626 1625
f 1621 1622 1627 1626
f 1622 1623 1628 1627
f 1624 1625 1598 1593
f 1625 1626 1603 1598
f 1626 1627 1608 1603
f 1627 1628 1609 1608
f 1589 1629 1634 1633
f 1629 1630 1635 1634
f 1630 1631 1636 1635
f 1631 1632 1637 1636
f 1633 1634 1639 1638
f 1634 1635 1640 1639
f 1635 1636 1641 1640
f 1636 1637 1642 1641
f 1638 1639 1644 1643
f 1639 1640 1645 1644
f 1640 1641 1646 1645
f 1641 1642 1647 1646
f 1643 1644 1618 1613
f 1644 1645 1623 1618
f 1645 1646 1628 1623
f 1646 1647 1609 1628
f 1648 1651 1656 1655
f 1651 1652 1657 1656
f 1652 1653 1658 1657
f 1653 1654 1659 1658
f 1655 1656 1661 1660
f 1656 1657 1662 1661
f 1657 1658 1663 1662
f 1658 1659 1664 1663
f 1660 1661 1666 1665
f 1661 1662 1667 1666
f 1662 1663 1668 1667
f 1663 1664 1669 1668
f 1665 1666 1698 1693
f 1666 1667 1703 1698
f 1667 1668 1708 1703
f 1668 1669 1670 1708
f 1649 1671 1676 1675
f 1671 1672 1677 1676
f 1672 1673 1678 1677
f 1673 1674 1679 1678
f 1675 1676 1681 1680
f 1676 1677 1682 1681
f 1677 1678 1683 1682
f 1678 1679 1684 1683
f 1680 1681 1686 1685
f 1681 1682 1687 1686
f 1682 1683 1688 1687
f 1683 1684 1689 1688
f 1685 1686 1659 1654
f 1686 1687 1664 1659
f 1687 1688 1669 1664
f 1688 1689 1670 1669
f 1650 1690 1695 1694
f 1690 1691 1696 1695
f 1691 1692 1697 1696
f 1692 1693 1698 1697
f 1694 1695 1700 1699
f 1695 1696 1701 1700
f 1696 1697 1702 1701
f 1697 1698 1703 1702
f 1699 1700 1705 1704
f 1700 1701 1706 1705
f 1701 1702 1707 1706
f 1702 1703 1708 1707
f 1704 1705 1679 1674
f 1705 1706 1684 1679
f 1706 1707 1689 1684
f 1707 1708 1670 1689
f 1709 1712 1717 1716
f 1712 1713 1718 1717
f 1713 1714 1719 1718
f 1714 1715 1720 1719
f 1716 1717 1722 1721
f 1717 1718 1723 1722
f 1718 1719 1724 1723
f 1719 1720 1725 1724
f 1721 1722 1727 1726
f 1722 1723 1728 1727
f 1723 1724 1729 1728
f 1724 1725 1730 1729
f 1726 1727 1759 1754
f 1727 1728 1764 1759
f 1728 1729 1769 1764
f 1729 1730 1731 1769
f 1710 1732 1737 1736
f 1732 1733 1738 1737
f 1733 1734 1739 1738
f 1734 1735 1740 1739
f 1736 1737 1742 1741
f 1737 1738 1743 1742
f 1738 1739 1744 1743
f 1739 1740 1745 1744
f 1741 1742 1747 1746
f 1742 1743 1748 1747
f 1743 1744 1749 1748
f 1744 1745 1750 1749
f 1746 1747 1720 1715
f 1747 1748 1725 1720
f 1748 1749 1730 1725
f 1749 1750 1731 1730
f 1711 1751 1756 1755
f 1751 1752 1757 1756
f 1752 1753 1758 1757
f 1753 1754 1759 1758
f 1755 1756 1761 1760
f 1756 1757 1762 1761
f 1757 1758 1763 1762
f 1758 1759 1764 1763
f 1760 1761 1766 1765
f 1761 1762 1767 1766
f 1762 1763 1768 1767
f 1763 1764 1769 1768
f 1765 1766 1740 1735
f 1766 1767 1745 1740
f 1767 1768 1750 1745
f 1768 1769 1731 1750
f 1770 1773 1778 1777
f 1773 1774 1779 1778
f 1774 1775 1780 1779
f 1775 1776 1781 1780
f 1777 1778 1783 1782
f 1778 1779 1784 1783
f 1779 1780 1785 1784
f 1780 1781 1786 1785
f 1782 1783 1788 1787
f 1783 1784 1789 1788
f 1784 1785 1790 1789
f 1785 1786 1791 1790
f 1787 1788 1820 1815
f 1788 1789 1825 1820
f 1789 1790 1830 1825
f 1790 1791 1792 1830
f 1771 1793 1798 1797
f 1793 1794 1799 1798
f 1794 1795 1800 1799
f 1795 1796 1801 1800
f 1797 1798 1803 1802
f 1798 1799 1804 1803
f 1799 1800 1805 1804
f 1800 1801 1806 1805
f 1802 1803 1808 1807
f 1803 1804 1809 1808
f 1804 1805 1810 1809
f 1805 1806 1811 1810
f 1807 1808 1781 1776
f 1808 1809 1786 1781
f 1809 1810 1791 1786
f 1810 1811 1792 1791
f 1772 1812 1817 1816
f 1812 1813 1818 1817
f 1813 1814 1819 1818
f 1814 1815 1820 1819
f 1816 1817 1822 1821
f 1817 1818 1823 1822
f 1818 1819 1824 1823
f 1819 1820 1825 1824
f 1821 1822 1827 1826
f 1822 1823 1828 1827
f 1823 1824 1829 1828
f 1824 1825 1830 1829
f 1826 1827 1801 1796
f 1827 1828 1806 1801
f 1828 1829 1811 1806
f 1829 1830 1792 1811
f 1831 1834 1839 1838
f 1834 1835 1840 1839
f 1835 1836 1841 1840
f 1836 1837 1842 1841
f 1838 1839 1844 1843
f 1839 1840 1845 1844
f 1840 1841 1846 1845
f 1841 1842 1847 1846
f 1843 1844 1849 1848
f 1844 1845 1850 1849
f 1845 1846 1851 1850
f 1846 1847 1852 1851
f 1848 1849 1881 1876
f 1849 1850 1886 1881
f 1850 1851 1891 1886
f 1851 1852 1853 1891
f 1832 1854 1859 1858
f 1854 1855 1860 1859
f 1855 1856 1861 1860
f 1856 1857 1862 1861
f 1858 1859 1864 1863
f 1859 1860 1865 1864
f 1860 1861 1866 1865
f 1861 1862 1867 1866
f 1863 1864 1869 1868
f 1864 1865 1870 1869
f 1865 1866 1871 1870
f 1866 1867 1872 1871
f 1868 1869 1842 1837
f 1869 1870 1847 1842
f 1870 1871 1852 1847
f 1871 1872 1853 1852
f 1833 1873 1878 1877
f 1873 1874 1879 1878
f 1874 1875 1880 1879
f 1875 1876 1881 1880
f 1877 1878 1883 1882
f 1878 1879 1884 1883
f 1879 1880 1885 1884
f 1880 1881 1886 1885
f 1882 1883 1888 1887
f 1883 1884 1889 1888
f 1884 1885 1890 1889
f 1885 1886 1891 1890
f 1887 1888 1862 1857
f 1888 1889 1867 1862
f 1889 1890 1872 1867
f 1890 1891 1853 1872
f 1892 1895 1900 1899
f 1895 1896 1901 1900
f 1896 1897 1902 1901
f 1897 1898 1903 1902
f 1899 1900 1905 1904
f 1900 1901 1906 1905
f 1901 1902 1907 1906
f 1902 1903 1908 1907
f 1904 1905 1910 1909
f 1905 1906 1911 1910
f 1906 1907 1912 1911
f 1907 1908 1913 1912
f 1909 1910 1942 1937
f 1910 1911 1947 1942
f 1911 1912 1952 1947
f 1912 1913 1914 1952
f 1893 1915 1920 1919
f 1915 1916 1921 1920
f 1916 1917 1922 1921
f 1917 1918 1923 1922
f 1919 1920 1925 1924
f 1920 1921 1926 1925
f 1921 1922 1927 1926
f 1922 1923 1928 1927
f 1924 1925 1930 1929
f 1925 1926 1931 1930
f 1926 1927 1932 1931
f 1927 1928 1933 1932
f 1929 1930 1903 1898
f 1930 1931 1908 1903
f 1931 1932 1913 1908
f 1932 1933 1914 1913
f 1894 1934 1939 1938
f 1934 1935 1940 1939
f 1935 1936 1941 1940
f 1936 1937 1942 1941
f 1938 1939 1944 1943
f 1939 1940 1945 1944
f 1940 1941 1946 1945
f 1941 1942 1947 1946
f 1943 1944 1949 1948
f 1944 1945 1950 1949
f 1945 1946 1951 1950
f 1946 1947 1952 1951
f 1948 1949 1923 1918
f 1949 1950 1928 1923
f 1950 1951 1933 1928
f 1951 1952 1914 1933
f 1953 1956 1961 1960
f 1956 1957 1962 1961
f 1957 1958 1963 1962
f 1958 1959 1964 1963
f 1960 1961 1966 1965
f 1961 1962 1967 1966
f 1962 1963 1968 1967
f 1963 1964 1969 1968
f 1965 1966 1971 1970
f 1966 1967 1972 1971
f 1967 1968 1973 1972
f 1968 1969 1974 1973
f 1970 1971 2003 1998
f 1971 1972 2008 2003
f 1972 1973 2013 2008
f 1973 1974 1975 2013
f 1954 1976 1981 1980
f 1976 1977 1982 1981
f 1977 1978 1983 1982
f 1978 1979 1984 1983
f 1980 1981 1986 1985
f 1981 1982 1987 1986
f 1982 1983 1988 1987
f 1983 1984 1989 1988
f 1985 1986 1991 1990
f 1986 1987 1992 1991
f 1987 1988 1993 1992
f 1988 1989 1994 1993
f 1990 1991 1964 1959
f 1991 1992 1969 1964
f 1992 1993 1974 1969
f 1993 1994 1975 1974
f 1955 1995 2000 1999
f 1995 1996 2001 2000
f 1996 1997 2002 2001
f 1997 1998 2003 2002
f 1999 2000 2005 2004
f 2000 2001 2006 2005
f 2001 2002 2007 2006
f 2002 2003 2008 2007
f 2004 2005 2010 2009
f 2005 2006 2011 2010
f 2006 2007 2012 2011
f 2007 2008 2013 2012
f 2009 2010 1984 1979
f 2010 2011 1989 1984
f 2011 2012 1994 1989
f 2012 2013 1975 1994
f 2014 2017 2022 2021
f 2017 2018 2023 2022
f 2018 2019 2024 2023
f 2019 2020 2025 2024
f 2021 2022 2027 2026
f 2022 2023 2028 2027
f 2023 2024 2029 2028
f 2024 2025 2030 2029
f 2026 2027 2032 2031
f 2027 2028 2033 2032
f 2028 2029 2034 2033
f 2029 2030 2035 2034
f 2031 2032 2064 2059
f 2032 2033 2069 2064
f 2033 2034 2074 2069
f 2034 2035 2036 2074
f 2015 2037 2042 2041
f 2037 2038 2043 2042
f 2038 2039 2044 2043
f 2039 2040 2045 2044
f 2041 2042 2047 2046
f 2042 2043 2048 2047
f 2043 2044 2049 2048
f 2044 2045 2050 2049
f 2046 2047 2052 2051
f 2047 2048 2053 2052
f 2048 2049 2054 2053
f 2049 2050 2055 2054
f 2051 2052 2025 2020
f 2052 2053 2030 2025
f 2053 2054 2035 2030
f 2054 2055 2036 2035
f 2016 2056 2061 2060
f 2056 2057 2062 2061
f 2057 2058 2063 2062
f 2058 2059 2064 2063
f 2060 2061 2066 2065
f 2061 2062 2067 2066
f 2062 2063 2068 2067
f 2063 2064 2069 2068
f 2065 2066 2071 2070
f 2066 2067 2072 2071
f 2067 2068 2073 2072
f 2068 2069 2074 2073
f 2070 2071 2045 2040
f 2071 2072 2050 2045
f 2072 2073 2055 2050
f 2073 2074 2036 2055
f 2075 2078 2083 2082
f 2078 2079 2084 2083
f 2079 2080 2085 2084
f 2080 2081 2086 2085
f 2082 2083 2088 2087
f 2083 2084 2089 2088
f 2084 2085 2090 2089
f 2085 2086 2091 2090
f 2087 2088 2093 2092
f 2088 2089 2094 2093
f 2089 2090 2095 2094
f 2090 2091 2096 2095
f 2092 2093 2125 2120
f 2093 2094 2130 2125
f 2094 2095 2135 2130
f 2095 2096 2097 2135
f 2076 2098 2103 2102
f 2098 2099 2104 2103
f 2099 2100 2105 2104
f 2100 2101 2106 2105
f 2102 2103 2108 2107
f 2103 2104 2109 2108
f 2104 2105 2110 2109
f 2105 2106 2111 2110
f 2107 2108 2113 2112
f 2108 2109 2114 2113
f 2109 2110 2115 2114
f 2110 2111 2116 2115
f 2112 2113 2086 2081
f 2113 2114 2091 2086
f 2114 2115 2096 2091
f 2115 2116 2097 2096
f 2077 2117 2122 2121
f 2117 2118 2123 2122
f 2118 2119 2124 2123
f 2119 2120 2125 2124
f 2121 2122 2127 2126
f 2122 2123 2128 2127
f 2123 2124 2129 2128
f 2124 2125 2130 2129
f 2126 2127 2132 2131
f 2127 2128 2133 2132
f 2128 2129 2134 2133
f 2129 2130 2135 2134
f 2131 2132 2106 2101
f 2132 2133 2111 2106
f 2133 2134 2116 2111
f 2134 2135 2097 2116
f 2136 2139 2144 2143
f 2139 2140 2145 2144
f 2140 2141 2146 2145
f 2141 2142 2147 2146
f 2143 2144 2149 2148
f 2144 2145 2150 2149
f 2145 2146 2151 2150
f 2146 2147 2152 2151
f 2148 2149 2154 2153
f 2149 2150 2155 2154
f 2150 2151 2156 2155
f 2151 2152 2157 2156
f 2153 2154 2186 2181
f 2154 2155 2191 2186
f 2155 2156 2196 2191
f 2156 2157 2158 2196
f 2137 2159 2164 2163
f 2159 2160 2165 2164
f 2160 2161 2166 2165
f 2161 2162 2167 2166
f 2163 2164 2169 2168
f 2164 2165 2170 2169
f 2165 2166 2171 2170
f 2166 2167 2172 2171
f 2168 2169 2174 2173
f 2169 2170 2175 2174
f 2170 2171 2176 2175
f 2171 2172 2177 2176
f 2173 2174 2147 2142
f 2174 2175 2152 2147
f 2175 2176 2157 2152
f 2176 2177 2158 2157
f 2138 2178 2183 2182
f 2178 2179 2184 2183
f 2179 2180 2185 2184
f 2180 2181 2186 2185
f 2182 2183 2188 2187
f 2183 2184 2189 2188
f 2184 2185 2190 2189
f 2185 2186 2191 2190
f 2187 2188 2193 2192
f 2188 2189 2194 2193
f 2189 2190 2195 2194
f 2190 2191 2196 2195
f 2192 2193 2167 2162
f 2193 2194 2172 2167
f 2194 2195 2177 2172
f 2195 2196 2158 2177
f 2197 2200 2205 2204
f 2200 2201 2206 2205
f 2201 2202 2207 2206
f 2202 2203 2208 2207
f 2204 2205 2210 2209
f 2205 2206 2211 2210
f 2206 2207 2212 2211
f 2207 2208 2213 2212
f 2209 2210 2215 2214
f 2210 2211 2216 2215
f 2211 2212 2217 2216
f 2212 2213 2218 2217
f 2214 2215 2247 2242
f 2215 2216 2252 2247
f 2216 2217 2257 2252
f 2217 2218 2219 2257
f 2198 2220 2225 2224
f 2220 2221 2226 2225
f 2221 2222 2227 2226
f 2222 2223 2228 2227
f 2224 2225 2230 2229
f 2225 2226 2231 2230
f 2226 2227 2232 2231
f 2227 2228 2233 2232
f 2229 2230 2235 2234
f 2230 2231 2236 2235
f 2231 2232 2237 2236
f 2232 2233 2238 2237
f 2234 2235 2208 2203
f 2235 2236 2213 2208
f 2236 2237 2218 2213
f 2237 2238 2219 2218
f 2199 2239 2244 2243
f 2239 2240 2245 2244
f 2240 2241 2246 2245
f 2241 2242 2247 2246
f 2243 2244 2249 2248
f 2244 2245 2250 2249
f 2245 2246 2251 2250
f 2246 2247 2252 2251
f 2248 2249 2254 2253
f 2249 2250 2255 2254
f 2250 2251 2256 2255
f 2251 2252 2257 2256
f 2253 2254 2228 2223
f 2254 2255 2233 2228
f 2255 2256 2238 2233
f 2256 2257 2219 2238
f 2258 2261 2266 2265
f 2261 2262 2267 2266
f 2262 2263 2268 2267
f 2263 2264 2269 2268
f 2265 2266 2271 2270
f 2266 2267 2272 2271
f 2267 2268 2273 2272
f 2268 2269 2274 2273
f 2270 2271 2276 2275
f 2271 2272 2277 2276
f 2272 2273 2278 2277
f 2273 2274 2279 2278
f 2275 2276 2308 2303
f 2276 2277 2313 2308
f 2277 2278 2318 2313
f 2278 2279 2280 2318
f 2259 2281 2286 2285
f 2281 2282 2287 2286
f 2282 2283 2288 2287
f 2283 2284 2289 2288
f 2285 2286 2291 2290
f 2286 2287 2292 2291
f 2287 2288 2293 2292
f 2288 2289 2294 2293
f 2290 2291 2296 2295
f 2291 2292 2297 2296
f 2292 2293 2298 2297
f 2293 2294 2299 2298
f 2295 2296 2269 2264
f 2296 2297 2274 2269
f 2297 2298 2279 2274
f 2298 2299 2280 2279
f 2260 2300 2305 2304
f 2300 2301 2306 2305
f 2301 2302 2307 2306
f 2302 2303 2308 2307
f 2304 2305 2310 2309
f 2305 2306 2311 2310
f 2306 2307 2312 2311
f 2307 2308 2313 2312
f 2309 2310 2315 2314
f 2310 2311 2316 2315
f 2311 2312 2317 2316
f 2312 2313 2318 2317
f 2314 2315 2289 2284
f 2315 2316 2294 2289
f 2316 2317 2299 2294
f 2317 2318 2280 2299
f 2319 2322 2327 2326
f 2322 2323 2328 2327
f 2323 2324 2329 2328
f 2324 2325 2330 2329
f 2326 2327 2332 2331
f 2327 2328 2333 2332
f 2328 2329 2334 2333
f 2329 2330 2335 2334
f 2331 2332 2337 2336
f 2332 2333 2338 2337
f 2333 2334 2339 2338
f 2334 2335 2340 2339
f 2336 2337 2369 2364
f 2337 2338 2374 2369
f 2338 2339 2379 2374
f 2339 2340 2341 2379
f 2320 2342 2347 2346
f 2342 2343 2348 2347
f 2343 2344 2349 2348
f 2344 2345 2350 2349
f 2346 2347 2352 2351
f 2347 2348 2353 2352
f 2348 2349 2354 2353
f 2349 2350 2355 2354
f 2351 2352 2357 2356
f 2352 2353 2358 2357
f 2353 2354 2359 2358
f 2354 2355 2360 2359
f 2356 2357 2330 2325
f 2357 2358 2335 2330
f 2358 2359 2340 2335
f 2359 2360 2341 2340
f 2321 2361 2366 2365
f 2361 2362 2367 2366
f 2362 2363 2368 2367
f 2363 2364 2369 2368
f 2365 2366 2371 2370
f 2366 2367 2372 2371
f 2367 2368 2373 2372
f 2368 2369 2374 2373
f 2370 2371 2376 2375
f 2371 2372 2377 2376
f 2372 2373 2378 2377
f 2373 2374 2379 2378
f 2375 2376 2350 2345
f 2376 2377 2355 2350
f 2377 2378 2360 2355
f 2378 2379 2341 2360
f 2380 2383 2388 2387
f 2383 2384 2389 2388
f 2384 2385 2390 2389
f 2385 2386 2391 2390
f 2387 2388 2393 2392
f 2388 2389 2394 2393
f 2389 2390 2395 2394
f 2390 2391 2396 2395
f 2392 2393 2398 2397
f 2393 2394 2399 2398
f 2394 2395 2400 2399
f 2395 2396 2401 2400
f 2397 2398 2430 2425
f 2398 2399 2435 2430
f 2399 2400 2440 2435
f 2400 2401 2402 2440
f 2381 2403 2408 2407
f 2403 2404 2409 2408
f 2404 2405 2410 2409
f 2405 2406 2411 2410
f 2407 2408 2413 2412
f 2408 2409 2414 2413
f 2409 2410 2415 2414
f 2410 2411 2416 2415
f 2412 2413 2418 2417
f 2413 2414 2419 2418
f 2414 2415 2420 2419
f 2415 2416 2421 2420
f 2417 2418 2391 2386
f 2418 2419 2396 2391
f 2419 2420 2401 2396
f 2420 2421 2402 2401
f 2382 2422 2427 2426
f 2422 2423 2428 2427
f 2423 2424 2429 2428
f 2424 2425 2430 2429
f 2426 2427 2432 2431
f 2427 2428 2433 2432
f 2428 2429 2434 2433
f 2429 2430 2435 2434
f 2431 2432 2437 2436
f 2432 2433 2438 2437
f 2433 2434 2439 2438
f 2434 2435 2440 2439
f 2436 2437 2411 2406
f 2437 2438 2416 2411
f 2438 2439 2421 2416
f 2439 2440 2402 2421
f 123 1 8 126
f 126 8 13 127
f 127 13 18 128
f 128 18 46 129
f 129 46 45 160
f 160 45 44 155
f 155 44 43 150
f 150 43 3 124
f 2 62 69 24
f 24 69 74 25
f 25 74 79 26
f 26 79 107 27
f 27 107 106 57
f 57 106 105 52
f 52 105 104 47
f 47 104 64 3
f 63 184 191 85
f 85 191 196 86
f 86 196 201 87
f 87 201 229 88
f 88 229 228 118
f 118 228 227 113
f 113 227 226 108
f 108 226 186 64
f 185 125 169 207
f 207 169 174 208
f 208 174 179 209
f 209 179 149 210
f 210 149 148 240
f 240 148 147 235
f 235 147 146 230
f 230 146 124 186
f 367 123 130 370
f 370 130 135 371
f 371 135 140 372
f 372 140 168 373
f 373 168 167 404
f 404 167 166 399
f 399 166 165 394
f 394 165 125 368
f 184 428 435 187
f 187 435 440 188
f 188 440 445 189
f 189 445 473 190
f 190 473 472 221
f 221 472 471 216
f 216 471 470 211
f 211 470 430 185
f 429 369 413 451
f 451 413 418 452
f 452 418 423 453
f 453 423 393 454
f 454 393 392 484
f 484 392 391 479
f 479 391 390 474
f 474 390 368 430
f 245 367 374 248
f 248 374 379 249
f 249 379 384 250
f 250 384 412 251
f 251 412 411 282
f 282 411 410 277
f 277 410 409 272
f 272 409 369 246
f 428 306 313 431
f 431 313 318 432
f 432 318 323 433
f 433 323 351 434
f 434 351 350 465
f 465 350 349 460
f 460 349 348 455
f 455 348 308 429
f 307 247 291 329
f 329 291 296 330
f 330 296 301 331
f 331 301 271 332
f 332 271 270 362
f 362 270 269 357
f 357 269 268 352
f 352 268 246 308
f 1 245 252 4
f 4 252 257 5
f 5 257 262 6
f 6 262 290 7
f 7 290 289 38
f 38 289 288 33
f 33 288 287 28
f 28 287 247 2
f 306 63 89 309
f 309 89 94 310
f 310 94 99 311
f 311 99 68 312
f 312 68 67 343
f 343 67 66 338
f 338 66 65 333
f 333 65 62 307
f 611 489 496 614
f 614 496 501 615
f 615 501 506 616
f 616 506 534 617
f 617 534 533 648
f 648 533 532 643
f 643 532 531 638
f 638 531 491 612
f 490 550 557 512
f 512 557 562 513
f 513 562 567 514
f 514 567 595 515
f 515 595 594 545
f 545 594 593 540
f 540 593 592 535
f 535 592 552 491
f 551 672 679 573
f 573 679 684 574
f 574 684 689 575
f 575 689 717 576
f 576 717 716 606
f 606 716 715 601
f 601 715 714 596
f 596 714 674 552
f 673 613 657 695
f 695 657 662 696
f 696 662 667 697
f 697 667 637 698
f 698 637 636 728
f 728 636 635 723
f 723 635 634 718
f 718 634 612 674
f 855 611 618 858
f 858 618 623 859
f 859 623 628 860
f 860 628 656 861
f 861 656 655 892
f 892 655 654 887
f 887 654 653 882
f 882 653 613 856
f 672 916 923 675
f 675 923 928 676
f 676 928 933 677
f 677 933 961 678
f 678 961 960 709
f 709 960 959 704
f 704 959 958 699
f 699 958 918 673
f 917 857 901 939
f 939 901 906 940
f 940 906 911 941
f 941 911 881 942
f 942 881 880 972
f 972 880 879 967
f 967 879 878 962
f 962 878 856 918
f 733 855 862 736
f 736 862 867 737
f 737 867 872 738
f 738 872 900 739
f 739 900 899 770
f 770 899 898 765
f 765 898 897 760
f 760 897 857 734
f 916 794 801 919
f 919 801 806 920
f 920 806 811 921
f 921 811 839 922
f 922 839 838 953
f 953 838 837 948
f 948 837 836 943
f 943 836 796 917
f 795 735 779 817
f 817 779 784 818
f 818 784 789 819
f 819 789 759 820
f 820 759 758 850
f 850 758 757 845
f 845 757 756 840
f 840 756 734 796
f 489 733 740 492
f 492 740 745 493
f 493 745 750 494
f 494 750 778 495
f 495 778 777 526
f 526 777 776 521
f 521 776 775 516
f 516 775 735 490
f 794 551 577 797
f 797 577 582 798
f 798 582 587 799
f 799 587 556 800
f 800 556 555 831
f 831 555 554 826
f 826 554 553 821
f 821 553 550 795
f 1099 977 984 1102
f 1102 984 989 1103
f 1103 989 994 1104
f 1104 994 1022 1105
f 1105 1022 1021 1136
f 1136 1021 1020 1131
f 1131 1020 1019 1126
f 1126 1019 979 1100
f 978 1038 1045 1000
f 1000 1045 1050 1001
f 1001 1050 1055 1002
f 1002 1055 1083 1003
f 1003 1083 1082 1033
f 1033 1082 1081 1028
f 1028 1081 1080 1023
f 1023 1080 1040 979
f 1039 1160 1167 1061
f 1061 1167 1172 1062
f 1062 1172 1177 1063
f 1063 1177 1205 1064
f 1064 1205 1204 1094
f 1094 1204 1203 1089
f 1089 1203 1202 1084
f 1084 1202 1162 1040
f 1161 1101 1145 1183
f 1183 1145 1150 1184
f 1184 1150 1155 1185
f 1185 1155 1125 1186
f 1186 1125 1124 1216
f 1216 1124 1123 1211
f 1211 1123 1122 1206
f 1206 1122 1100 1162
f 1343 1099 1106 1346
f 1346 1106 1111 1347
f 1347 1111 1116 1348
f 1348 1116 1144 1349
f 1349 1144 1143 1380
f 1380 1143 1142 1375
f 1375 1142 1141 1370
f 1370 1141 1101 1344
f 1160 1404 1411 1163
f 1163 1411 1416 1164
f 1164 1416 1421 1165
f 1165 1421 1449 1166
f 1166 1449 1448 1197
f 1197 1448 1447 1192
f 1192 1447 1446 1187
f 1187 1446 1406 1161
f 1405 1345 1389 1427
f 1427 1389 1394 1428
f 1428 1394 1399 1429
f 1429 1399 1369 1430
f 1430 1369 1368 1460
f 1460 1368 1367 1455
f 1455 1367 1366 1450
f 1450 1366 1344 1406
f 1221 1343 1350 1224
f 1224 1350 1355 1225
f 1225 1355 1360 1226
f 1226 1360 1388 1227
f 1227 1388 1387 1258
f 1258 1387 1386 1253
f 1253 1386 1385 1248
f 1248 1385 1345 1222
f 1404 1282 1289 1407
f 1407 1289 1294 1408
f 1408 1294 1299 1409
f 1409 1299 1327 1410
f 1410 1327 1326 1441
f 1441 1326 1325 1436
f 1436 1325 1324 1431
f 1431 1324 1284 1405
f 1283 1223 1267 1305
f 1305 1267 1272 1306
f 1306 1272 1277 1307
f 1307 1277 1247 1308
f 1308 1247 1246 1338
f 1338 1246 1245 1333
f 1333 1245 1244 1328
f 1328 1244 1222 1284
f 977 1221 1228 980
f 980 1228 1233 981
f 981 1233 1238 982
f 982 1238 1266 983
f 983 1266 1265 1014
f 1014 1265 1264 1009
f 1009 1264 1263 1004
f 1004 1263 1223 978
f 1282 1039 1065 1285
f 1285 1065 1070 1286
f 1286 1070 1075 1287
f 1287 1075 1044 1288
f 1288 1044 1043 1319
f 1319 1043 1042 1314
f 1314 1042 1041 1309
f 1309 1041 1038 1283
f 1587 1465 1472 1590
f 1590 1472 1477 1591
f 1591 1477 1482 1592
f 1592 1482 1510 1593
f 1593 1510 1509 1624
f 1624 1509 1508 1619
f 1619 1508 1507 1614
f 1614 1507 1467 1588
f 1466 1526 1533 1488
f 1488 1533 1538 1489
f 1489 1538 1543 1490
f 1490 1543 1571 1491
f 1491 1571 1570 1521
f 1521 1570 1569 1516
f 1516 1569 1568 1511
f 1511 1568 1528 1467
f 1527 1648 1655 1549
f 1549 1655 1660 1550
f 1550 1660 1665 1551
f 1551 1665 1693 1552
f 1552 1693 1692 1582
f 1582 1692 1691 1577
f 1577 1691 1690 1572
f 1572 1690 1650 1528
f 1649 1589 1633 1671
f 1671 1633 1638 1672
f 1672 1638 1643 1673
f 1673 1643 1613 1674
f 1674 1613 1612 1704
f 1704 1612 1611 1699
f 1699 1611 1610 1694
f 1694 1610 1588 1650
f 1831 1587 1594 1834
f 1834 1594 1599 1835
f 1835 1599 1604 1836
f 1836 1604 1632 1837
f 1837 1632 1631 1868
f 1868 1631 1630 1863
f 1863 1630 1629 1858
f 1858 1629 1589 1832
f 1648 1892 1899 1651
f 1651 1899 1904 1652
f 1652 1904 1909 1653
f 1653 1909 1937 1654
f 1654 1937 1936 1685
f 1685 1936 1935 1680
f 1680 1935 1934 1675
f 1675 1934 1894 1649
f 1893 1833 1877 1915
f 1915 1877 1882 1916
f 1916 1882 1887 1917
f 1917 1887 1857 1918
f 1918 1857 1856 1948
f 1948 1856 1855 1943
f 1943 1855 1854 1938
f 1938 1854 1832 1894
f 1709 1831 1838 1712
f 1712 1838 1843 1713
f 1713 1843 1848 1714
f 1714 1848 1876 1715
f 1715 1876 1875 1746
f 1746 1875 1874 1741
f 1741 1874 1873 1736
f 1736 1873 1833 1710
f 1892 1770 1777 1895
f 1895 1777 1782 1896
f 1896 1782 1787 1897
f 1897 1787 1815 1898
f 1898 1815 1814 1929
f 1929 1814 1813 1924
f 1924 1813 1812 1919
f 1919 1812 1772 1893
f 1771 1711 1755 1793
f 1793 1755 1760 1794
f 1794 1760 1765 1795
f 1795 1765 1735 1796
f 1796 1735 1734 1826
f 1826 1734 1733 1821
f 1821 1733 1732 1816
f 1816 1732 1710 1772
f 1465 1709 1716 1468
f 1468 1716 1721 1469
f 1469 1721 1726 1470
f 1470 1726 1754 1471
f 1471 1754 1753 1502
f 1502 1753 1752 1497
f 1497 1752 1751 1492
f 1492 1751 1711 1466
f 1770 1527 1553 1773
f 1773 1553 1558 1774
f 1774 1558 1563 1775
f 1775 1563 1532 1776
f 1776 1532 1531 1807
f 1807 1531 1530 1802
f 1802 1530 1529 1797
f 1797 1529 1526 1771
f 2075 1953 1960 2078
f 2078 1960 1965 2079
f 2079 1965 1970 2080
f 2080 1970 1998 2081
f 2081 1998 1997 2112
f 2112 1997 1996 2107
f 2107 1996 1995 2102
f 2102 1995 1955 2076
f 1954 2014 2021 1976
f 1976 2021 2026 1977
f 1977 2026 2031 1978
f 1978 2031 2059 1979
f 1979 2059 2058 2009
f 2009 2058 2057 2004
f 2004 2057 2056 1999
f 1999 2056 2016 1955
f 2015 2136 2143 2037
f 2037 2143 2148 2038
f 2038 2148 2153 2039
f 2039 2153 2181 2040
f 2040 2181 2180 2070
f 2070 2180 2179 2065
f 2065 2179 2178 2060
f 2060 2178 2138 2016
f 2137 2077 2121 2159
f 2159 2121 2126 2160
f 2160 2126 2131 2161
f 2161 2131 2101 2162
f 2162 2101 2100 2192
f 2192 2100 2099 2187
f 2187 2099 2098 2182
f 2182 2098 2076 2138
f 2319 2075 2082 2322
f 2322 2082 2087 2323
f 2323 2087 2092 2324
f 2324 2092 2120 2325
f 2325 2120 2119 2356
f 2356 2119 2118 2351
f 2351 2118 2117 2346
f 2346 2117 2077 2320
f 2136 2380 2387 2139
f 2139 2387 2392 2140
f 2140 2392 2397 2141
f 2141 2397 2425 2142
f 2142 2425 2424 2173
f 2173 2424 2423 2168
f 2168 2423 2422 2163
f 2163 2422 2382 2137
f 2381 2321 2365 2403
f 2403 2365 2370 2404
f 2404 2370 2375 2405
f 2405 2375 2345 2406
f 2406 2345 2344 2436
f 2436 2344 2343 2431
f 2431 2343 2342 2426
f 2426 2342 2320 2382
f 2197 2319 2326 2200
f 2200 2326 2331 2201
f 2201 2331 2336 2202
f 2202 2336 2364 2203
f 2203 2364 2363 2234
f 2234 2363 2362 2229
f 2229 2362 2361 2224
f 2224 2361 2321 2198
f 2380 2258 2265 2383
f 2383 2265 2270 2384
f 2384 2270 2275 2385
f 2385 2275 2303 2386
f 2386 2303 2302 2417
f 2417 2302 2301 2412
f 2412 2301 2300 2407
f 2407 2300 2260 2381
f 2259 2199 2243 2281
f 2281 2243 2248 2282
f 2282 2248 2253 2283
f 2283 2253 2223 2284
f 2284 2223 2222 2314
f 2314 2222 2221 2309
f 2309 2221 2220 2304
f 2304 2220 2198 2260
f 1953 2197 2204 1956
f 1956 2204 2209 1957
f 1957 2209 2214 1958
f 1958 2214 2242 1959
f 1959 2242 2241 1990
f 1990 2241 2240 1985
f 1985 2240 2239 1980
f 1980 2239 2199 1954
f 2258 2015 2041 2261
f 2261 2041 2046 2262
f 2262 2046 2051 2263
f 2263 2051 2020 2264
f 2264 2020 2019 2295
f 2295 2019 2018 2290
f 2290 2018 2017 2285
f 2285 2017 2014 2259
f 123 367 245 1
g drawer_left_trim
v -0.298 -0.027 0.0635
v -0.298 -0.034 0.0705
v -0.305 -0.027 0.0705
v -0.298 -0.0288111 0.0637383
v -0.298 -0.0305006 0.0644382
v -0.298 -0.0319498 0.0655503
v -0.299811 -0.027 0.0637383
v -0.299868 -0.0288835 0.0640221
v -0.299838 -0.0305113 0.0647299
v -0.2998 -0.0317811 0.0657145
v -0.301501 -0.027 0.0644382
v -0.301513 -0.0288482 0.0647344
v -0.301334 -0.030336 0.0653276
v -0.301188 -0.0314065 0.066093
v -0.302041 -0.0310414 0.0664585
v -0.299811 -0.0337617 0.0705
v -0.301501 -0.0330619 0.0705
v -0.30295 -0.0319498 0.0705
v -0.298 -0.0337617 0.0686889
v -0.299884 -0.0334778 0.0686319
v -0.301511 -0.0327701 0.0686624
v -0.302781 -0.0317855 0.0687
v -0.298 -0.0330619 0.0669994
v -0.299848 -0.0327656 0.0669868
v -0.301336 -0.0321724 0.0671656
v -0.302406 -0.031407 0.0673123
v -0.304762 -0.027 0.0686889
v -0.304062 -0.027 0.0669994
v -0.30295 -0.027 0.0655503
v -0.304762 -0.0288111 0.0705
v -0.304478 -0.0288681 0.0686165
v -0.30377 -0.0288376 0.0669887
v -0.302786 -0.0288 0.0657189
v -0.304062 -0.0305006 0.0705
v -0.303766 -0.0305132 0.0686519
v -0.303172 -0.0303344 0.067164
v -0.302407 -0.0301877 0.0660935
v -0.298 -0.034 0.0745
v -0.298 -0.027 0.0815
v -0.305 -0.027 0.0745
v -0.298 -0.0337617 0.0763111
v -0.298 -0.0330619 0.0780005
v -0.298 -0.0319498 0.0794497
v -0.299811 -0.0337617 0.0745
v -0.299868 -0.0334778 0.0763835
v -0.299838 -0.0327701 0.0780113
v -0.2998 -0.0317855 0.079281
v -0.301501 -0.0330619 0.0745
v -0.301513 -0.0327656 0.0763481
v -0.301334 -0.0321724 0.077836
v -0.301188 -0.031407 0.0789065
v -0.302041 -0.0310414 0.0785415
v -0.299811 -0.027 0.0812616
v -0.301501 -0.027 0.0805618
v -0.30295 -0.027 0.0794497
v -0.298 -0.0288111 0.0812616
v -0.299884 -0.0288681 0.0809779
v -0.301511 -0.0288376 0.0802701
v -0.302781 -0.0288 0.0792855
v -0.298 -0.0305006 0.0805618
v -0.299848 -0.0305132 0.0802656
v -0.301336 -0.0303344 0.0796723
v -0.302406 -0.0301877 0.078907
v -0.304762 -0.0288111 0.0745
v -0.304062 -0.0305006 0.0745
v -0.30295 -0.0319498 0.0745
v -0.304762 -0.027 0.0763111
v -0.304478 -0.0288835 0.0763681
v -0.30377 -0.0305113 0.0763376
v -0.302786 -0.0317811 0.0763
v -0.304062 -0.027 0.0780005
v -0.303766 -0.0288482 0.0780132
v -0.303172 -0.030336 0.0778344
v -0.302407 -0.0314065 0.0776877
v -0.298 -0.027 0.0635
v -0.305 -0.027 0.0705
v -0.298 -0.02 0.0705
v -0.299811 -0.027 0.0637383
v -0.301501 -0.027 0.0644382
v -0.30295 -0.027 0.0655503
v -0.298 -0.0251889 0.0637383
v -0.299884 -0.0251319 0.0640221
v -0.301511 -0.0251624 0.0647299
v -0.302781 -0.0252 0.0657145
v -0.298 -0.0234994 0.0644382
v -0.299848 -0.0234869 0.0647344
v -0.301336 -0.0236657 0.0653276
v -0.302406 -0.0238124 0.066093
v -0.302041 -0.0229586 0.0664585
v -0.304762 -0.0251889 0.0705
v -0.304062 -0.0234994 0.0705
v -0.30295 -0.0220503 0.0705
v -0.304762 -0.027 0.0686889
v -0.304478 -0.0251165 0.0686319
v -0.30377 -0.0234887 0.0686624
v -0.302786 -0.0222189 0.0687
v -0.304062 -0.027 0.0669994
v -0.303766 -0.0251518 0.0669868
v -0.303172 -0.0236641 0.0671656
v -0.302407 -0.0225935 0.0673123
v -0.298 -0.0202383 0.0686889
v -0.298 -0.0209382 0.0669994
v -0.298 -0.0220503 0.0655503
v -0.299811 -0.0202383 0.0705
v -0.299868 -0.0205222 0.0686165
v -0.299838 -0.0212299 0.0669887
v -0.2998 -0.0222145 0.0657189
v -0.301501 -0.0209382 0.0705
v -0.301513 -0.0212345 0.0686519
v -0.301334 -0.0218276 0.067164
v -0.301188 -0.022593 0.0660935
v -0.298 -0.027 0.0815
v -0.298 -0.02 0.0745
v -0.305 -0.027 0.0745
v -0.298 -0.0251889 0.0812616
v -0.298 -0.0234994 0.0805618
v -0.298 -0.0220503 0.0794497
v -0.299811 -0.027 0.0812616
v -0.299868 -0.0251165 0.0809779
v -0.299838 -0.0234887 0.0802701
v -0.2998 -0.0222189 0.0792855
v -0.301501 -0.027 0.0805618
v -0.301513 -0.0251518 0.0802656
v -0.301334 -0.0236641 0.0796723
v -0.301188 -0.0225935 0.078907
v -0.302041 -0.0229586 0.0785415
v -0.299811 -0.0202383 0.0745
v -0.301501 -0.0209382 0.0745
v -0.30295 -0.0220503 0.0745
v -0.298 -0.0202383 0.0763111
v -0.299884 -0.0205222 0.0763681
v -0.301511 -0.0212299 0.0763376
v -0.302781 -0.0222145 0.0763
v -0.298 -0.0209382 0.0780005
v -0.299848 -0.0212345 0.0780132
v -0.301336 -0.0218276 0.0778344
v -0.302406 -0.022593 0.0776877
v -0.304762 -0.027 0.0763111
v -0.304062 -0.027 0.0780005
v -0.30295 -0.027 0.0794497
v -0.304762 -0.0251889 0.0745
v -0.304478 -0.0251319 0.0763835
v -0.30377 -0.0251624 0.0780113
v -0.302786 -0.0252 0.079281
v -0.304062 -0.0234994 0.0745
v -0.303766 -0.0234869 0.0763481
v -0.303172 -0.0236657 0.077836
v -0.302407 -0.0238124 0.0789065
v 0.298 -0.027 0.0635
v 0.305 -0.027 0.0705
v 0.298 -0.034 0.0705
v 0.299811 -0.027 0.0637383
v 0.301501 -0.027 0.0644382
v 0.30295 -0.027 0.0655503
v 0.298 -0.0288111 0.0637383
v 0.299884 -0.0288681 0.0640221
v 0.301511 -0.0288376 0.0647299
v 0.302781 -0.0288 0.0657145
v 0.298 -0.0305006 0.0644382
v 0.299848 -0.0305132 0.0647344
v 0.301336 -0.0303344 0.0653276
v 0.302407 -0.0301877 0.066093
v 0.302041 -0.0310414 0.0664585
v 0.304762 -0.0288111 0.0705
v 0.304062 -0.0305006 0.0705
v 0.30295 -0.0319498 0.0705
v 0.304762 -0.027 0.0686889
v 0.304478 -0.0288835 0.0686319
v 0.30377 -0.0305113 0.0686624
v 0.302786 -0.0317811 0.0687
v 0.304062 -0.027 0.0669994
v 0.303766 -0.0288482 0.0669868
v 0.303172 -0.030336 0.0671656
v 0.302407 -0.0314065 0.0673123
v 0.298 -0.0337617 0.0686889
v 0.298 -0.0330619 0.0669994
v 0.298 -0.0319498 0.0655503
v 0.299811 -0.0337617 0.0705
v 0.299868 -0.0334778 0.0686165
v 0.299838 -0.0327701 0.0669887
v 0.2998 -0.0317855 0.0657189
v 0.301501 -0.0330619 0.0705
v 0.301513 -0.0327656 0.0686519
v 0.301334 -0.0321724 0.067164
v 0.301188 -0.031407 0.0660935
v 0.298 -0.027 0.0815
v 0.298 -0.034 0.0745
v 0.305 -0.027 0.0745
v 0.298 -0.0288111 0.0812616
v 0.298 -0.0305006 0.0805618
v 0.298 -0.0319498 0.0794497
v 0.299811 -0.027 0.0812616
v 0.299868 -0.0288835 0.0809779
v 0.299838 -0.0305113 0.0802701
v 0.2998 -0.0317811 0.0792855
v 0.301501 -0.027 0.0805618
v 0.301513 -0.0288482 0.0802656
v 0.301334 -0.030336 0.0796723
v 0.301188 -0.0314065 0.078907
v 0.302041 -0.0310414 0.0785415
v 0.299811 -0.0337617 0.0745
v 0.301501 -0.0330619 0.0745
v 0.30295 -0.0319498 0.0745
v 0.298 -0.0337617 0.0763111
v 0.299884 -0.0334778 0.0763681
v 0.301511 -0.0327701 0.0763376
v 0.302781 -0.0317855 0.0763
v 0.298 -0.0330619 0.0780005
v 0.299848 -0.0327656 0.0780132
v 0.301336 -0.0321724 0.0778344
v 0.302407 -0.031407 0.0776877
v 0.304762 -0.027 0.0763111
v 0.304062 -0.027 0.0780005
v 0.30295 -0.027 0.0794497
v 0.304762 -0.0288111 0.0745
v 0.304478 -0.0288681 0.0763835
v 0.30377 -0.0288376 0.0780113
v 0.302786 -0.0288 0.079281
v 0.304062 -0.0305006 0.0745
v 0.303766 -0.0305132 0.0763481
v 0.303172 -0.0303344 0.077836
v 0.302407 -0.0301877 0.0789065
v 0.298 -0.027 0.0635
v 0.298 -0.02 0.0705
v 0.305 -0.027 0.0705
v 0.298 -0.0251889 0.0637383
v 0.298 -0.0234994 0.0644382
v 0.298 -0.0220503 0.0655503
v 0.299811 -0.027 0.0637383
v 0.299868 -0.0251165 0.0640221
v 0.299838 -0.0234887 0.0647299
v 0.2998 -0.0222189 0.0657145
v 0.301501 -0.027 0.0644382
v 0.301513 -0.0251518 0.0647344
v 0.301334 -0.0236641 0.0653276
v 0.301188 -0.0225935 0.066093
v 0.302041 -0.0229586 0.0664585
v 0.299811 -0.0202383 0.0705
v 0.301501 -0.0209382 0.0705
v 0.30295 -0.0220503 0.0705
v 0.298 -0.0202383 0.0686889
v 0.299884 -0.0205222 0.0686319
v 0.301511 -0.0212299 0.0686624
v 0.302781 -0.0222145 0.0687
v 0.298 -0.0209382 0.0669994
v 0.299848 -0.0212345 0.0669868
v 0.301336 -0.0218276 0.0671656
v 0.302407 -0.022593 0.0673123
v 0.304762 -0.027 0.0686889
v 0.304062 -0.027 0.0669994
v 0.30295 -0.027 0.0655503
v 0.304762 -0.0251889 0.0705
v 0.304478 -0.0251319 0.0686165
v 0.30377 -0.0251624 0.0669887
v 0.302786 -0.0252 0.0657189
v 0.304062 -0.0234994 0.0705
v 0.303766 -0.0234869 0.0686519
v 0.303172 -0.0236657 0.067164
v 0.302407 -0.0238124 0.0660935
v 0.298 -0.027 0.0815
v 0.305 -0.027 0.0745
v 0.298 -0.02 0.0745
v 0.299811 -0.027 0.0812616
v 0.301501 -0.027 0.0805618
v 0.30295 -0.027 0.0794497
v 0.298 -0.0251889 0.0812616
v 0.299884 -0.0251319 0.0809779
v 0.301511 -0.0251624 0.0802701
v 0.302781 -0.0252 0.0792855
v 0.298 -0.0234994 0.0805618
v 0.299848 -0.0234869 0.0802656
v 0.301336 -0.0236657 0.0796723
v 0.302407 -0.0238124 0.078907
v 0.302041 -0.0229586 0.0785415
v 0.304762 -0.0251889 0.0745
v 0.304062 -0.0234994 0.0745
v 0.30295 -0.0220503 0.0745
v 0.304762 -0.027 0.0763111
v 0.304478 -0.0251165 0.0763681
v 0.30377 -0.0234887 0.0763376
v 0.302786 -0.0222189 0.0763
v 0.304062 -0.027 0.0780005
v 0.303766 -0.0251518 0.0780132
v 0.303172 -0.0236641 0.0778344
v 0.302407 -0.0225935 0.0776877
v 0.298 -0.0202383 0.0763111
v 0.298 -0.0209382 0.0780005
v 0.298 -0.0220503 0.0794497
v 0.299811 -0.0202383 0.0745
v 0.299868 -0.0205222 0.0763835
v 0.299838 -0.0212299 0.0780113
v 0.2998 -0.0222145 0.079281
v 0.301501 -0.0209382 0.0745
v 0.301513 -0.0212345 0.0763481
v 0.301334 -0.0218276 0.077836
v 0.301188 -0.022593 0.0789065
v -0.298 -0.027 -0.0815
v -0.298 -0.034 -0.0745
v -0.305 -0.027 -0.0745
v -0.298 -0.0288111 -0.0812616
v -0.298 -0.0305006 -0.0805619
v -0.298 -0.0319498 -0.0794498
v -0.299811 -0.027 -0.0812616
v -0.299868 -0.0288835 -0.0809779
v -0.299838 -0.0305113 -0.0802701
v -0.2998 -0.0317811 -0.0792855
v -0.301501 -0.027 -0.0805619
v -0.301513 -0.0288482 -0.0802656
v -0.301334 -0.030336 -0.0796723
v -0.301188 -0.0314065 -0.078907
v -0.302041 -0.0310414 -0.0785415
v -0.299811 -0.0337617 -0.0745
v -0.301501 -0.0330619 -0.0745
v -0.30295 -0.0319498 -0.0745
v -0.298 -0.0337617 -0.0763111
v -0.299884 -0.0334778 -0.0763681
v -0.301511 -0.0327701 -0.0763376
v -0.302781 -0.0317855 -0.0763
v -0.298 -0.0330619 -0.0780005
v -0.299848 -0.0327656 -0.0780132
v -0.301336 -0.0321724 -0.0778344
v -0.302406 -0.031407 -0.0776877
v -0.304762 -0.027 -0.0763111
v -0.304062 -0.027 -0.0780005
v -0.30295 -0.027 -0.0794498
v -0.304762 -0.0288111 -0.0745
v -0.304478 -0.0288681 -0.0763835
v -0.30377 -0.0288376 -0.0780113
v -0.302786 -0.0288 -0.0792811
v -0.304062 -0.0305006 -0.0745
v -0.303766 -0.0305132 -0.0763482
v -0.303172 -0.0303344 -0.077836
v -0.302407 -0.0301877 -0.0789065
v -0.298 -0.034 -0.0705
v -0.298 -0.027 -0.0635
v -0.305 -0.027 -0.0705
v -0.298 -0.0337617 -0.0686889
v -0.298 -0.0330619 -0.0669994
v -0.298 -0.0319498 -0.0655502
v -0.299811 -0.0337617 -0.0705
v -0.299868 -0.0334778 -0.0686165
v -0.299838 -0.0327701 -0.0669887
v -0.2998 -0.0317855 -0.0657189
v -0.301501 -0.0330619 -0.0705
v -0.301513 -0.0327656 -0.0686518
v -0.301334 -0.0321724 -0.067164
v -0.301188 -0.031407 -0.0660935
v -0.302041 -0.0310414 -0.0664585
v -0.299811 -0.027 -0.0637383
v -0.301501 -0.027 -0.0644381
v -0.30295 -0.027 -0.0655502
v -0.298 -0.0288111 -0.0637383
v -0.299884 -0.0288681 -0.0640221
v -0.301511 -0.0288376 -0.0647299
v -0.302781 -0.0288 -0.0657145
v -0.298 -0.0305006 -0.0644381
v -0.299848 -0.0305132 -0.0647344
v -0.301336 -0.0303344 -0.0653276
v -0.302406 -0.0301877 -0.066093
v -0.304762 -0.0288111 -0.0705
v -0.304062 -0.0305006 -0.0705
v -0.30295 -0.0319498 -0.0705
v -0.304762 -0.027 -0.0686889
v -0.304478 -0.0288835 -0.0686319
v -0.30377 -0.0305113 -0.0686624
v -0.302786 -0.0317811 -0.0687
v -0.304062 -0.027 -0.0669994
v -0.303766 -0.0288482 -0.0669868
v -0.303172 -0.030336 -0.0671656
v -0.302407 -0.0314065 -0.0673123
v -0.298 -0.027 -0.0815
v -0.305 -0.027 -0.0745
v -0.298 -0.02 -0.0745
v -0.299811 -0.027 -0.0812616
v -0.301501 -0.027 -0.0805619
v -0.30295 -0.027 -0.0794498
v -0.298 -0.0251889 -0.0812616
v -0.299884 -0.0251319 -0.0809779
v -0.301511 -0.0251624 -0.0802701
v -0.302781 -0.0252 -0.0792855
v -0.298 -0.0234994 -0.0805619
v -0.299848 -0.0234869 -0.0802656
v -0.301336 -0.0236657 -0.0796723
v -0.302406 -0.0238124 -0.078907
v -0.302041 -0.0229586 -0.0785415
v -0.304762 -0.0251889 -0.0745
v -0.304062 -0.0234994 -0.0745
v -0.30295 -0.0220503 -0.0745
v -0.304762 -0.027 -0.0763111
v -0.304478 -0.0251165 -0.0763681
v -0.30377 -0.0234887 -0.0763376
v -0.302786 -0.0222189 -0.0763
v -0.304062 -0.027 -0.0780005
v -0.303766 -0.0251518 -0.0780132
v -0.303172 -0.0236641 -0.0778344
v -0.302407 -0.0225935 -0.0776877
v -0.298 -0.0202383 -0.0763111
v -0.298 -0.0209382 -0.0780005
v -0.298 -0.0220503 -0.0794498
v -0.299811 -0.0202383 -0.0745
v -0.299868 -0.0205222 -0.0763835
v -0.299838 -0.0212299 -0.0780113
v -0.2998 -0.0222145 -0.0792811
v -0.301501 -0.0209382 -0.0745
v -0.301513 -0.0212345 -0.0763482
v -0.301334 -0.0218276 -0.077836
v -0.301188 -0.022593 -0.0789065
v -0.298 -0.027 -0.0635
v -0.298 -0.02 -0.0705
v -0.305 -0.027 -0.0705
v -0.298 -0.0251889 -0.0637383
v -0.298 -0.0234994 -0.0644381
v -0.298 -0.0220503 -0.0655502
v -0.299811 -0.027 -0.0637383
v -0.299868 -0.0251165 -0.0640221
v -0.299838 -0.0234887 -0.0647299
v -0.2998 -0.0222189 -0.0657145
v -0.301501 -0.027 -0.0644381
v -0.301513 -0.0251518 -0.0647344
v -0.301334 -0.0236641 -0.0653276
v -0.301188 -0.0225935 -0.066093
v -0.302041 -0.0229586 -0.0664585
v -0.299811 -0.0202383 -0.0705
v -0.301501 -0.0209382 -0.0705
v -0.30295 -0.0220503 -0.0705
v -0.298 -0.0202383 -0.0686889
v -0.299884 -0.0205222 -0.0686319
v -0.301511 -0.0212299 -0.0686624
v -0.302781 -0.0222145 -0.0687
v -0.298 -0.0209382 -0.0669994
v -0.299848 -0.0212345 -0.0669868
v -0.301336 -0.0218276 -0.0671656
v -0.302406 -0.022593 -0.0673123
v -0.304762 -0.027 -0.0686889
v -0.304062 -0.027 -0.0669994
v -0.30295 -0.027 -0.0655502
v -0.304762 -0.0251889 -0.0705
v -0.304478 -0.0251319 -0.0686165
v -0.30377 -0.0251624 -0.0669887
v -0.302786 -0.0252 -0.0657189
v -0.304062 -0.0234994 -0.0705
v -0.303766 -0.0234869 -0.0686518
v -0.303172 -0.0236657 -0.067164
v -0.302407 -0.0238124 -0.0660935
v 0.298 -0.027 -0.0815
v 0.305 -0.027 -0.0745
v 0.298 -0.034 -0.0745
v 0.299811 -0.027 -0.0812616
v 0.301501 -0.027 -0.0805619
v 0.30295 -0.027 -0.0794498
v 0.298 -0.0288111 -0.0812616
v 0.299884 -0.0288681 -0.0809779
v 0.301511 -0.0288376 -0.0802701
v 0.302781 -0.0288 -0.0792855
v 0.298 -0.0305006 -0.0805619
v 0.299848 -0.0305132 -0.0802656
v 0.301336 -0.0303344 -0.0796723
v 0.302407 -0.0301877 -0.078907
v 0.302041 -0.0310414 -0.0785415
v 0.304762 -0.0288111 -0.0745
v 0.304062 -0.0305006 -0.0745
v 0.30295 -0.0319498 -0.0745
v 0.304762 -0.027 -0.0763111
v 0.304478 -0.0288835 -0.0763681
v 0.30377 -0.0305113 -0.0763376
v 0.302786 -0.0317811 -0.0763
v 0.304062 -0.027 -0.0780005
v 0.303766 -0.0288482 -0.0780132
v 0.303172 -0.030336 -0.0778344
v 0.302407 -0.0314065 -0.0776877
v 0.298 -0.0337617 -0.0763111
v 0.298 -0.0330619 -0.0780005
v 0.298 -0.0319498 -0.0794498
v 0.299811 -0.0337617 -0.0745
v 0.299868 -0.0334778 -0.0763835
v 0.299838 -0.0327701 -0.0780113
v 0.2998 -0.0317855 -0.0792811
v 0.301501 -0.0330619 -0.0745
v 0.301513 -0.0327656 -0.0763482
v 0.301334 -0.0321724 -0.077836
v 0.301188 -0.031407 -0.0789065
v 0.298 -0.027 -0.0635
v 0.298 -0.034 -0.0705
v 0.305 -0.027 -0.0705
v 0.298 -0.0288111 -0.0637383
v 0.298 -0.0305006 -0.0644381
v 0.298 -0.0319498 -0.0655502
v 0.299811 -0.027 -0.0637383
v 0.299868 -0.0288835 -0.0640221
v 0.299838 -0.0305113 -0.0647299
v 0.2998 -0.0317811 -0.0657145
v 0.301501 -0.027 -0.0644381
v 0.301513 -0.0288482 -0.0647344
v 0.301334 -0.030336 -0.0653276
v 0.301188 -0.0314065 -0.066093
v 0.302041 -0.0310414 -0.0664585
v 0.299811 -0.0337617 -0.0705
v 0.301501 -0.0330619 -0.0705
v 0.30295 -0.0319498 -0.0705
v 0.298 -0.0337617 -0.0686889
v 0.299884 -0.0334778 -0.0686319
v 0.301511 -0.0327701 -0.0686624
v 0.302781 -0.0317855 -0.0687
v 0.298 -0.0330619 -0.0669994
v 0.299848 -0.0327656 -0.0669868
v 0.301336 -0.0321724 -0.0671656
v 0.302407 -0.031407 -0.0673123
v 0.304762 -0.027 -0.0686889
v 0.304062 -0.027 -0.0669994
v 0.30295 -0.027 -0.0655502
v 0.304762 -0.0288111 -0.0705
v 0.304478 -0.0288681 -0.0686165
v 0.30377 -0.0288376 -0.0669887
v 0.302786 -0.0288 -0.0657189
v 0.304062 -0.0305006 -0.0705
v 0.303766 -0.0305132 -0.0686518
v 0.303172 -0.0303344 -0.067164
v 0.302407 -0.0301877 -0.0660935
v 0.298 -0.027 -0.0815
v 0.298 -0.02 -0.0745
v 0.305 -0.027 -0.0745
v 0.298 -0.0251889 -0.0812616
v 0.298 -0.0234994 -0.0805619
v 0.298 -0.0220503 -0.0794498
v 0.299811 -0.027 -0.0812616
v 0.299868 -0.0251165 -0.0809779
v 0.299838 -0.0234887 -0.0802701
v 0.2998 -0.0222189 -0.0792855
v 0.301501 -0.027 -0.0805619
v 0.301513 -0.0251518 -0.0802656
v 0.301334 -0.0236641 -0.0796723
v 0.301188 -0.0225935 -0.078907
v 0.302041 -0.0229586 -0.0785415
v 0.299811 -0.0202383 -0.0745
v 0.301501 -0.0209382 -0.0745
v 0.30295 -0.0220503 -0.0745
v 0.298 -0.0202383 -0.0763111
v 0.299884 -0.0205222 -0.0763681
v 0.301511 -0.0212299 -0.0763376
v 0.302781 -0.0222145 -0.0763
v 0.298 -0.0209382 -0.0780005
v 0.299848 -0.0212345 -0.0780132
v 0.301336 -0.0218276 -0.0778344
v 0.302407 -0.022593 -0.0776877
v 0.304762 -0.027 -0.0763111
v 0.304062 -0.027 -0.0780005
v 0.30295 -0.027 -0.0794498
v 0.304762 -0.0251889 -0.0745
v 0.304478 -0.0251319 -0.0763835
v 0.30377 -0.0251624 -0.0780113
v 0.302786 -0.0252 -0.0792811
v 0.304062 -0.0234994 -0.0745
v 0.303766 -0.0234869 -0.0763482
v 0.303172 -0.0236657 -0.077836
v 0.302407 -0.0238124 -0.0789065
v 0.298 -0.027 -0.0635
v 0.305 -0.027 -0.0705
v 0.298 -0.02 -0.0705
v 0.299811 -0.027 -0.0637383
v 0.301501 -0.027 -0.0644381
v 0.30295 -0.027 -0.0655502
v 0.298 -0.0251889 -0.0637383
v 0.299884 -0.0251319 -0.0640221
v 0.301511 -0.0251624 -0.0647299
v 0.302781 -0.0252 -0.0657145
v 0.298 -0.0234994 -0.0644381
v 0.299848 -0.0234869 -0.0647344
v 0.301336 -0.0236657 -0.0653276
v 0.302407 -0.0238124 -0.066093
v 0.302041 -0.0229586 -0.0664585
v 0.304762 -0.0251889 -0.0705
v 0.304062 -0.0234994 -0.0705
v 0.30295 -0.0220503 -0.0705
v 0.304762 -0.027 -0.0686889
v 0.304478 -0.0251165 -0.0686319
v 0.30377 -0.0234887 -0.0686624
v 0.302786 -0.0222189 -0.0687
v 0.304062 -0.027 -0.0669994
v 0.303766 -0.0251518 -0.0669868
v 0.303172 -0.0236641 -0.0671656
v 0.302407 -0.0225935 -0.0673123
v 0.298 -0.0202383 -0.0686889
v 0.298 -0.0209382 -0.0669994
v 0.298 -0.0220503 -0.0655502
v 0.299811 -0.0202383 -0.0705
v 0.299868 -0.0205222 -0.0686165
v 0.299838 -0.0212299 -0.0669887
v 0.2998 -0.0222145 -0.0657189
v 0.301501 -0.0209382 -0.0705
v 0.301513 -0.0212345 -0.0686518
v 0.301334 -0.0218276 -0.067164
v 0.301188 -0.022593 -0.0660935
v -0.307 -0.027 -0.0725
v -0.307 -0.034 -0.0655
v -0.314 -0.027 -0.0655
v -0.307 -0.0288111 -0.0722616
v -0.307 -0.0305006 -0.0715618
v -0.307 -0.0319498 -0.0704497
v -0.308811 -0.027 -0.0722616
v -0.308868 -0.0288835 -0.0719779
v -0.308838 -0.0305113 -0.0712701
v -0.3088 -0.0317811 -0.0702855
v -0.310501 -0.027 -0.0715618
v -0.310513 -0.0288482 -0.0712656
v -0.310334 -0.030336 -0.0706723
v -0.310188 -0.0314065 -0.0699069
v -0.311041 -0.0310414 -0.0695415
v -0.308811 -0.0337617 -0.0655
v -0.310501 -0.0330619 -0.0655
v -0.31195 -0.0319498 -0.0655
v -0.307 -0.0337617 -0.0673111
v -0.308883 -0.0334778 -0.0673681
v -0.310511 -0.0327701 -0.0673376
v -0.311781 -0.0317855 -0.0673
v -0.307 -0.0330619 -0.0690005
v -0.308848 -0.0327656 -0.0690132
v -0.310336 -0.0321724 -0.0688344
v -0.311407 -0.031407 -0.0686877
v -0.313762 -0.027 -0.0673111
v -0.313062 -0.027 -0.0690005
v -0.31195 -0.027 -0.0704497
v -0.313762 -0.0288111 -0.0655
v -0.313478 -0.0288681 -0.0673835
v -0.31277 -0.0288376 -0.0690113
v -0.311786 -0.0288 -0.070281
v -0.313062 -0.0305006 -0.0655
v -0.312766 -0.0305132 -0.0673481
v -0.312172 -0.0303344 -0.068836
v -0.311407 -0.0301877 -0.0699065
v -0.307 -0.034 0.0655
v -0.307 -0.027 0.0725
v -0.314 -0.027 0.0655
v -0.307 -0.0337617 0.0673111
v -0.307 -0.0330619 0.0690005
v -0.307 -0.0319498 0.0704498
v -0.308811 -0.0337617 0.0655
v -0.308868 -0.0334778 0.0673835
v -0.308838 -0.0327701 0.0690113
v -0.3088 -0.0317855 0.0702811
v -0.310501 -0.0330619 0.0655
v -0.310513 -0.0327656 0.0673482
v -0.310334 -0.0321724 0.068836
v -0.310188 -0.031407 0.0699065
v -0.311041 -0.0310414 0.0695415
v -0.308811 -0.027 0.0722616
v -0.310501 -0.027 0.0715619
v -0.31195 -0.027 0.0704498
v -0.307 -0.0288111 0.0722616
v -0.308883 -0.0288681 0.0719779
v -0.310511 -0.0288376 0.0712701
v -0.311781 -0.0288 0.0702855
v -0.307 -0.0305006 0.0715619
v -0.308848 -0.0305132 0.0712656
v -0.310336 -0.0303344 0.0706723
v -0.311407 -0.0301877 0.0699069
v -0.313762 -0.0288111 0.0655
v -0.313062 -0.0305006 0.0655
v -0.31195 -0.0319498 0.0655
v -0.313762 -0.027 0.0673111
v -0.313478 -0.0288835 0.0673681
v -0.31277 -0.0305113 0.0673376
v -0.311786 -0.0317811 0.0673
v -0.313062 -0.027 0.0690005
v -0.312766 -0.0288482 0.0690132
v -0.312172 -0.030336 0.0688344
v -0.311407 -0.0314065 0.0686877
v -0.307 -0.027 -0.0725
v -0.314 -0.027 -0.0655
v -0.307 -0.02 -0.0655
v -0.308811 -0.027 -0.0722616
v -0.310501 -0.027 -0.0715618
v -0.31195 -0.027 -0.0704497
v -0.307 -0.0251889 -0.0722616
v -0.308884 -0.0251319 -0.0719779
v -0.310511 -0.0251624 -0.0712701
v -0.311781 -0.0252 -0.0702855
v -0.307 -0.0234994 -0.0715618
v -0.308848 -0.0234869 -0.0712656
v -0.310336 -0.0236657 -0.0706723
v -0.311407 -0.0238124 -0.0699069
v -0.311042 -0.0229586 -0.0695415
v -0.313762 -0.0251889 -0.0655
v -0.313062 -0.0234994 -0.0655
v -0.31195 -0.0220503 -0.0655
v -0.313762 -0.027 -0.0673111
v -0.313478 -0.0251165 -0.0673681
v -0.31277 -0.0234887 -0.0673376
v -0.311786 -0.0222189 -0.0673
v -0.313062 -0.027 -0.0690005
v -0.312766 -0.0251518 -0.0690132
v -0.312172 -0.0236641 -0.0688344
v -0.311407 -0.0225935 -0.0686877
v -0.307 -0.0202383 -0.0673111
v -0.307 -0.0209382 -0.0690005
v -0.307 -0.0220503 -0.0704497
v -0.308811 -0.0202383 -0.0655
v -0.308868 -0.0205222 -0.0673835
v -0.308838 -0.0212299 -0.0690113
v -0.3088 -0.0222145 -0.070281
v -0.310501 -0.0209382 -0.0655
v -0.310513 -0.0212345 -0.0673481
v -0.310334 -0.0218276 -0.068836
v -0.310188 -0.022593 -0.0699065
v -0.307 -0.027 0.0725
v -0.307 -0.02 0.0655
v -0.314 -0.027 0.0655
v -0.307 -0.0251889 0.0722616
v -0.307 -0.0234994 0.0715619
v -0.307 -0.0220503 0.0704498
v -0.308811 -0.027 0.0722616
v -0.308868 -0.0251165 0.0719779
v -0.308838 -0.0234887 0.0712701
v -0.3088 -0.0222189 0.0702855
v -0.310501 -0.027 0.0715619
v -0.310513 -0.0251518 0.0712656
v -0.310334 -0.0236641 0.0706723
v -0.310188 -0.0225935 0.0699069
v -0.311041 -0.0229586 0.0695415
v -0.308811 -0.0202383 0.0655
v -0.310501 -0.0209382 0.0655
v -0.31195 -0.0220503 0.0655
v -0.307 -0.0202383 0.0673111
v -0.308883 -0.0205222 0.0673681
v -0.310511 -0.0212299 0.0673376
v -0.311781 -0.0222145 0.0673
v -0.307 -0.0209382 0.0690005
v -0.308848 -0.0212345 0.0690132
v -0.310336 -0.0218276 0.0688344
v -0.311407 -0.022593 0.0686877
v -0.313762 -0.027 0.0673111
v -0.313062 -0.027 0.0690005
v -0.31195 -0.027 0.0704498
v -0.313762 -0.0251889 0.0655
v -0.313478 -0.0251319 0.0673835
v -0.31277 -0.0251624 0.0690113
v -0.311786 -0.0252 0.0702811
v -0.313062 -0.0234994 0.0655
v -0.312766 -0.0234869 0.0673482
v -0.312172 -0.0236657 0.068836
v -0.311407 -0.0238124 0.0699065
v -0.303 -0.027 -0.0725
v -0.296 -0.027 -0.0655
v -0.303 -0.034 -0.0655
v -0.301189 -0.027 -0.0722616
v -0.299499 -0.027 -0.0715618
v -0.29805 -0.027 -0.0704497
v -0.303 -0.0288111 -0.0722616
v -0.301116 -0.0288681 -0.0719779
v -0.299489 -0.0288376 -0.0712701
v -0.298219 -0.0288 -0.0702855
v -0.303 -0.0305006 -0.0715618
v -0.301152 -0.0305132 -0.0712656
v -0.299664 -0.0303344 -0.0706723
v -0.298593 -0.0301877 -0.0699069
v -0.298958 -0.0310414 -0.0695415
v -0.296238 -0.0288111 -0.0655
v -0.296938 -0.0305006 -0.0655
v -0.29805 -0.0319498 -0.0655
v -0.296238 -0.027 -0.0673111
v -0.296522 -0.0288835 -0.0673681
v -0.29723 -0.0305113 -0.0673376
v -0.298214 -0.0317811 -0.0673
v -0.296938 -0.027 -0.0690005
v -0.297234 -0.0288482 -0.0690132
v -0.297828 -0.030336 -0.0688344
v -0.298593 -0.0314065 -0.0686877
v -0.303 -0.0337617 -0.0673111
v -0.303 -0.0330619 -0.0690005
v -0.303 -0.0319498 -0.0704497
v -0.301189 -0.0337617 -0.0655
v -0.301132 -0.0334778 -0.0673835
v -0.301162 -0.0327701 -0.0690113
v -0.3012 -0.0317855 -0.070281
v -0.299499 -0.0330619 -0.0655
v -0.299487 -0.0327656 -0.0673481
v -0.299666 -0.0321724 -0.068836
v -0.299812 -0.031407 -0.0699065
v -0.303 -0.027 0.0725
v -0.303 -0.034 0.0655
v -0.296 -0.027 0.0655
v -0.303 -0.0288111 0.0722616
v -0.303 -0.0305006 0.0715619
v -0.303 -0.0319498 0.0704498
v -0.301189 -0.027 0.0722616
v -0.301132 -0.0288835 0.0719779
v -0.301162 -0.0305113 0.0712701
v -0.3012 -0.0317811 0.0702855
v -0.299499 -0.027 0.0715619
v -0.299487 -0.0288482 0.0712656
v -0.299666 -0.030336 0.0706723
v -0.299812 -0.0314065 0.0699069
v -0.298959 -0.0310414 0.0695415
v -0.301189 -0.0337617 0.0655
v -0.299499 -0.0330619 0.0655
v -0.29805 -0.0319498 0.0655
v -0.303 -0.0337617 0.0673111
v -0.301117 -0.0334778 0.0673681
v -0.299489 -0.0327701 0.0673376
v -0.298219 -0.0317855 0.0673
v -0.303 -0.0330619 0.0690005
v -0.301152 -0.0327656 0.0690132
v -0.299664 -0.0321724 0.0688344
v -0.298593 -0.031407 0.0686877
v -0.296238 -0.027 0.0673111
v -0.296938 -0.027 0.0690005
v -0.29805 -0.027 0.0704498
v -0.296238 -0.0288111 0.0655
v -0.296522 -0.0288681 0.0673835
v -0.29723 -0.0288376 0.0690113
v -0.298214 -0.0288 0.0702811
v -0.296938 -0.0305006 0.0655
v -0.297234 -0.0305132 0.0673482
v -0.297828 -0.0303344 0.068836
v -0.298593 -0.0301877 0.0699065
v -0.303 -0.027 -0.0725
v -0.303 -0.02 -0.0655
v -0.296 -0.027 -0.0655
v -0.303 -0.0251889 -0.0722616
v -0.303 -0.0234994 -0.0715618
v -0.303 -0.0220503 -0.0704497
v -0.301189 -0.027 -0.0722616
v -0.301132 -0.0251165 -0.0719779
v -0.301162 -0.0234887 -0.0712701
v -0.3012 -0.0222189 -0.0702855
v -0.299499 -0.027 -0.0715618
v -0.299487 -0.0251518 -0.0712656
v -0.299666 -0.0236641 -0.0706723
v -0.299812 -0.0225935 -0.0699069
v -0.298959 -0.0229586 -0.0695415
v -0.301189 -0.0202383 -0.0655
v -0.299499 -0.0209382 -0.0655
v -0.29805 -0.0220503 -0.0655
v -0.303 -0.0202383 -0.0673111
v -0.301117 -0.0205222 -0.0673681
v -0.299489 -0.0212299 -0.0673376
v -0.298219 -0.0222145 -0.0673
v -0.303 -0.0209382 -0.0690005
v -0.301152 -0.0212345 -0.0690132
v -0.299664 -0.0218276 -0.0688344
v -0.298593 -0.022593 -0.0686877
v -0.296238 -0.027 -0.0673111
v -0.296938 -0.027 -0.0690005
v -0.29805 -0.027 -0.0704497
v -0.296238 -0.0251889 -0.0655
v -0.296522 -0.0251319 -0.0673835
v -0.29723 -0.0251624 -0.0690113
v -0.298214 -0.0252 -0.070281
v -0.296938 -0.0234994 -0.0655
v -0.297234 -0.0234869 -0.0673481
v -0.297828 -0.0236657 -0.068836
v -0.298593 -0.0238124 -0.0699065
v -0.303 -0.027 0.0725
v -0.296 -0.027 0.0655
v -0.303 -0.02 0.0655
v -0.301189 -0.027 0.0722616
v -0.299499 -0.027 0.0715619
v -0.29805 -0.027 0.0704498
v -0.303 -0.0251889 0.0722616
v -0.301116 -0.0251319 0.0719779
v -0.299489 -0.0251624 0.0712701
v -0.298219 -0.0252 0.0702855
v -0.303 -0.0234994 0.0715619
v -0.301152 -0.0234869 0.0712656
v -0.299664 -0.0236657 0.0706723
v -0.298593 -0.0238124 0.0699069
v -0.298958 -0.0229586 0.0695415
v -0.296238 -0.0251889 0.0655
v -0.296938 -0.0234994 0.0655
v -0.29805 -0.0220503 0.0655
v -0.296238 -0.027 0.0673111
v -0.296522 -0.0251165 0.0673681
v -0.29723 -0.0234887 0.0673376
v -0.298214 -0.0222189 0.0673
v -0.296938 -0.027 0.0690005
v -0.297234 -0.0251518 0.0690132
v -0.297828 -0.0236641 0.0688344
v -0.298593 -0.0225935 0.0686877
v -0.303 -0.0202383 0.0673111
v -0.303 -0.0209382 0.0690005
v -0.303 -0.0220503 0.0704498
v -0.301189 -0.0202383 0.0655
v -0.301132 -0.0205222 0.0673835
v -0.301162 -0.0212299 0.0690113
v -0.3012 -0.0222145 0.0702811
v -0.299499 -0.0209382 0.0655
v -0.299487 -0.0212345 0.0673482
v -0.299666 -0.0218276 0.068836
v -0.299812 -0.022593 0.0699065
v 0.303 -0.027 -0.0725
v 0.303 -0.034 -0.0655
v 0.296 -0.027 -0.0655
v 0.303 -0.0288111 -0.0722616
v 0.303 -0.0305006 -0.0715618
v 0.303 -0.0319498 -0.0704497
v 0.301189 -0.027 -0.0722616
v 0.301132 -0.0288835 -0.0719779
v 0.301162 -0.0305113 -0.0712701
v 0.3012 -0.0317811 -0.0702855
v 0.299499 -0.027 -0.0715618
v 0.299487 -0.0288482 -0.0712656
v 0.299666 -0.030336 -0.0706723
v 0.299812 -0.0314065 -0.0699069
v 0.298959 -0.0310414 -0.0695415
v 0.301189 -0.0337617 -0.0655
v 0.299499 -0.0330619 -0.0655
v 0.29805 -0.0319498 -0.0655
v 0.303 -0.0337617 -0.0673111
v 0.301116 -0.0334778 -0.0673681
v 0.299489 -0.0327701 -0.0673376
v 0.298219 -0.0317855 -0.0673
v 0.303 -0.0330619 -0.0690005
v 0.301152 -0.0327656 -0.0690132
v 0.299664 -0.0321724 -0.0688344
v 0.298593 -0.031407 -0.0686877
v 0.296238 -0.027 -0.0673111
v 0.296938 -0.027 -0.0690005
v 0.29805 -0.027 -0.0704497
v 0.296238 -0.0288111 -0.0655
v 0.296522 -0.0288681 -0.0673835
v 0.29723 -0.0288376 -0.0690113
v 0.298214 -0.0288 -0.070281
v 0.296938 -0.0305006 -0.0655
v 0.297234 -0.0305132 -0.0673481
v 0.297828 -0.0303344 -0.068836
v 0.298593 -0.0301877 -0.0699065
v 0.303 -0.034 0.0655
v 0.303 -0.027 0.0725
v 0.296 -0.027 0.0655
v 0.303 -0.0337617 0.0673111
v 0.303 -0.0330619 0.0690005
v 0.303 -0.0319498 0.0704498
v 0.301189 -0.0337617 0.0655
v 0.301132 -0.0334778 0.0673835
v 0.301162 -0.0327701 0.0690113
v 0.3012 -0.0317855 0.0702811
v 0.299499 -0.0330619 0.0655
v 0.299487 -0.0327656 0.0673482
v 0.299666 -0.0321724 0.068836
v 0.299812 -0.031407 0.0699065
v 0.298959 -0.0310414 0.0695415
v 0.301189 -0.027 0.0722616
v 0.299499 -0.027 0.0715619
v 0.29805 -0.027 0.0704498
v 0.303 -0.0288111 0.0722616
v 0.301116 -0.0288681 0.0719779
v 0.299489 -0.0288376 0.0712701
v 0.298219 -0.0288 0.0702855
v 0.303 -0.0305006 0.0715619
v 0.301152 -0.0305132 0.0712656
v 0.299664 -0.0303344 0.0706723
v 0.298593 -0.0301877 0.0699069
v 0.296238 -0.0288111 0.0655
v 0.296938 -0.0305006 0.0655
v 0.29805 -0.0319498 0.0655
v 0.296238 -0.027 0.0673111
v 0.296522 -0.0288835 0.0673681
v 0.29723 -0.0305113 0.0673376
v 0.298214 -0.0317811 0.0673
v 0.296938 -0.027 0.0690005
v 0.297234 -0.0288482 0.0690132
v 0.297828 -0.030336 0.0688344
v 0.298593 -0.0314065 0.0686877
v 0.303 -0.027 -0.0725
v 0.296 -0.027 -0.0655
v 0.303 -0.02 -0.0655
v 0.301189 -0.027 -0.0722616
v 0.299499 -0.027 -0.0715618
v 0.29805 -0.027 -0.0704497
v 0.303 -0.0251889 -0.0722616
v 0.301116 -0.0251319 -0.0719779
v 0.299489 -0.0251624 -0.0712701
v 0.298219 -0.0252 -0.0702855
v 0.303 -0.0234994 -0.0715618
v 0.301152 -0.0234869 -0.0712656
v 0.299664 -0.0236657 -0.0706723
v 0.298593 -0.0238124 -0.0699069
v 0.298959 -0.0229586 -0.0695415
v 0.296238 -0.0251889 -0.0655
v 0.296938 -0.0234994 -0.0655
v 0.29805 -0.0220503 -0.0655
v 0.296238 -0.027 -0.0673111
v 0.296522 -0.0251165 -0.0673681
v 0.29723 -0.0234887 -0.0673376
v 0.298214 -0.0222189 -0.0673
v 0.296938 -0.027 -0.0690005
v 0.297234 -0.0251518 -0.0690132
v 0.297828 -0.0236641 -0.0688344
v 0.298593 -0.0225935 -0.0686877
v 0.303 -0.0202383 -0.0673111
v 0.303 -0.0209382 -0.0690005
v 0.303 -0.0220503 -0.0704497
v 0.301189 -0.0202383 -0.0655
v 0.301132 -0.0205222 -0.0673835
v 0.301162 -0.0212299 -0.0690113
v 0.3012 -0.0222145 -0.070281
v 0.299499 -0.0209382 -0.0655
v 0.299487 -0.0212345 -0.0673481
v 0.299666 -0.0218276 -0.068836
v 0.299812 -0.022593 -0.0699065
v 0.303 -0.027 0.0725
v 0.303 -0.02 0.0655
v 0.296 -0.027 0.0655
v 0.303 -0.0251889 0.0722616
v 0.303 -0.0234994 0.0715619
v 0.303 -0.0220503 0.0704498
v 0.301189 -0.027 0.0722616
v 0.301132 -0.0251165 0.0719779
v 0.301162 -0.0234887 0.0712701
v 0.3012 -0.0222189 0.0702855
v 0.299499 -0.027 0.0715619
v 0.299487 -0.0251518 0.0712656
v 0.299666 -0.0236641 0.0706723
v 0.299812 -0.0225935 0.0699069
v 0.298959 -0.0229586 0.0695415
v 0.301189 -0.0202383 0.0655
v 0.299499 -0.0209382 0.0655
v 0.29805 -0.0220503 0.0655
v 0.303 -0.0202383 0.0673111
v 0.301116 -0.0205222 0.0673681
v 0.299489 -0.0212299 0.0673376
v 0.298219 -0.0222145 0.0673
v 0.303 -0.0209382 0.0690005
v 0.301152 -0.0212345 0.0690132
v 0.299664 -0.0218276 0.0688344
v 0.298593 -0.022593 0.0686877
v 0.296238 -0.027 0.0673111
v 0.296938 -0.027 0.0690005
v 0.29805 -0.027 0.0704498
v 0.296238 -0.0251889 0.0655
v 0.296522 -0.0251319 0.0673835
v 0.29723 -0.0251624 0.0690113
v 0.298214 -0.0252 0.0702811
v 0.296938 -0.0234994 0.0655
v 0.297234 -0.0234869 0.0673482
v 0.297828 -0.0236657 0.068836
v 0.298593 -0.0238124 0.0699065
v 0.307 -0.027 -0.0725
v 0.314 -0.027 -0.0655
v 0.307 -0.034 -0.0655
v 0.308811 -0.027 -0.0722616
v 0.310501 -0.027 -0.0715618
v 0.31195 -0.027 -0.0704497
v 0.307 -0.0288111 -0.0722616
v 0.308884 -0.0288681 -0.0719779
v 0.310511 -0.0288376 -0.0712701
v 0.311781 -0.0288 -0.0702855
v 0.307 -0.0305006 -0.0715618
v 0.308848 -0.0305132 -0.0712656
v 0.310336 -0.0303344 -0.0706723
v 0.311407 -0.0301877 -0.0699069
v 0.311042 -0.0310414 -0.0695415
v 0.313762 -0.0288111 -0.0655
v 0.313062 -0.0305006 -0.0655
v 0.31195 -0.0319498 -0.0655
v 0.313762 -0.027 -0.0673111
v 0.313478 -0.0288835 -0.0673681
v 0.31277 -0.0305113 -0.0673376
v 0.311786 -0.0317811 -0.0673
v 0.313062 -0.027 -0.0690005
v 0.312766 -0.0288482 -0.0690132
v 0.312172 -0.030336 -0.0688344
v 0.311407 -0.0314065 -0.0686877
v 0.307 -0.0337617 -0.0673111
v 0.307 -0.0330619 -0.0690005
v 0.307 -0.0319498 -0.0704497
v 0.308811 -0.0337617 -0.0655
v 0.308868 -0.0334778 -0.0673835
v 0.308838 -0.0327701 -0.0690113
v 0.3088 -0.0317855 -0.070281
v 0.310501 -0.0330619 -0.0655
v 0.310513 -0.0327656 -0.0673481
v 0.310334 -0.0321724 -0.068836
v 0.310188 -0.031407 -0.0699065
v 0.307 -0.027 0.0725
v 0.307 -0.034 0.0655
v 0.314 -0.027 0.0655
v 0.307 -0.0288111 0.0722616
v 0.307 -0.0305006 0.0715619
v 0.307 -0.0319498 0.0704498
v 0.308811 -0.027 0.0722616
v 0.308868 -0.0288835 0.0719779
v 0.308838 -0.0305113 0.0712701
v 0.3088 -0.0317811 0.0702855
v 0.310501 -0.027 0.0715619
v 0.310513 -0.0288482 0.0712656
v 0.310334 -0.030336 0.0706723
v 0.310188 -0.0314065 0.0699069
v 0.311041 -0.0310414 0.0695415
v 0.308811 -0.0337617 0.0655
v 0.310501 -0.0330619 0.0655
v 0.31195 -0.0319498 0.0655
v 0.307 -0.0337617 0.0673111
v 0.308884 -0.0334778 0.0673681
v 0.310511 -0.0327701 0.0673376
v 0.311781 -0.0317855 0.0673
v 0.307 -0.0330619 0.0690005
v 0.308848 -0.0327656 0.0690132
v 0.310336 -0.0321724 0.0688344
v 0.311407 -0.031407 0.0686877
v 0.313762 -0.027 0.0673111
v 0.313062 -0.027 0.0690005
v 0.31195 -0.027 0.0704498
v 0.313762 -0.0288111 0.0655
v 0.313478 -0.0288681 0.0673835
v 0.31277 -0.0288376 0.0690113
v 0.311786 -0.0288 0.0702811
v 0.313062 -0.0305006 0.0655
v 0.312766 -0.0305132 0.0673482
v 0.312172 -0.0303344 0.068836
v 0.311407 -0.0301877 0.0699065
v 0.307 -0.027 -0.0725
v 0.307 -0.02 -0.0655
v 0.314 -0.027 -0.0655
v 0.307 -0.0251889 -0.0722616
v 0.307 -0.0234994 -0.0715618
v 0.307 -0.0220503 -0.0704497
v 0.308811 -0.027 -0.0722616
v 0.308868 -0.0251165 -0.0719779
v 0.308838 -0.0234887 -0.0712701
v 0.3088 -0.0222189 -0.0702855
v 0.310501 -0.027 -0.0715618
v 0.310513 -0.0251518 -0.0712656
v 0.310334 -0.0236641 -0.0706723
v 0.310188 -0.0225935 -0.0699069
v 0.311041 -0.0229586 -0.0695415
v 0.308811 -0.0202383 -0.0655
v 0.310501 -0.0209382 -0.0655
v 0.31195 -0.0220503 -0.0655
v 0.307 -0.0202383 -0.0673111
v 0.308884 -0.0205222 -0.0673681
v 0.310511 -0.0212299 -0.0673376
v 0.311781 -0.0222145 -0.0673
v 0.307 -0.0209382 -0.0690005
v 0.308848 -0.0212345 -0.0690132
v 0.310336 -0.0218276 -0.0688344
v 0.311407 -0.022593 -0.0686877
v 0.313762 -0.027 -0.0673111
v 0.313062 -0.027 -0.0690005
v 0.31195 -0.027 -0.0704497
v 0.313762 -0.0251889 -0.0655
v 0.313478 -0.0251319 -0.0673835
v 0.31277 -0.0251624 -0.0690113
v 0.311786 -0.0252 -0.070281
v 0.313062 -0.0234994 -0.0655
v 0.312766 -0.0234869 -0.0673481
v 0.312172 -0.0236657 -0.068836
v 0.311407 -0.0238124 -0.0699065
v 0.307 -0.027 0.0725
v 0.314 -0.027 0.0655
v 0.307 -0.02 0.0655
v 0.308811 -0.027 0.0722616
v 0.310501 -0.027 0.0715619
v 0.31195 -0.027 0.0704498
v 0.307 -0.0251889 0.0722616
v 0.308884 -0.0251319 0.0719779
v 0.310511 -0.0251624 0.0712701
v 0.311781 -0.0252 0.0702855
v 0.307 -0.0234994 0.0715619
v 0.308848 -0.0234869 0.0712656
v 0.310336 -0.0236657 0.0706723
v 0.311407 -0.0238124 0.0699069
v 0.311042 -0.0229586 0.0695415
v 0.313762 -0.0251889 0.0655
v 0.313062 -0.0234994 0.0655
v 0.31195 -0.0220503 0.0655
v 0.313762 -0.027 0.0673111
v 0.313478 -0.0251165 0.0673681
v 0.31277 -0.0234887 0.0673376
v 0.311786 -0.0222189 0.0673
v 0.313062 -0.027 0.0690005
v 0.312766 -0.0251518 0.0690132
v 0.312172 -0.0236641 0.0688344
v 0.311407 -0.0225935 0.0686877
v 0.307 -0.0202383 0.0673111
v 0.307 -0.0209382 0.0690005
v 0.307 -0.0220503 0.0704498
v 0.308811 -0.0202383 0.0655
v 0.308868 -0.0205222 0.0673835
v 0.308838 -0.0212299 0.0690113
v 0.3088 -0.0222145 0.0702811
v 0.310501 -0.0209382 0.0655
v 0.310513 -0.0212345 0.0673482
v 0.310334 -0.0218276 0.068836
v 0.310188 -0.022593 0.0699065
usemtl raised_trim_light_gray_003
f 2591 2627 2478 2442
f 2665 2701 2628 2590
f 2811 2959 2885 2737
f 2700 2552 2479 2626
f 2443 2480 2554 2516
f 2517 2553 2702 2664
f 2887 2923 2774 2738
f 2961 2997 2924 2886
f 3107 3255 3181 3033
f 2996 2848 2775 2922
f 2739 2776 2850 2812
f 2813 2849 2998 2960
f 3183 3219 3070 3034
f 3257 3293 3220 3182
f 3403 3551 3477 3329
f 3292 3144 3071 3218
f 3035 3072 3146 3108
f 3109 3145 3294 3256
f 3479 3515 3366 3330
f 3553 3589 3516 3478
f 3588 3440 3367 3514
f 3331 3368 3442 3404
f 3405 3441 3590 3552
f 2441 2444 2448 2447
f 2444 2445 2449 2448
f 2445 2446 2450 2449
f 2447 2448 2452 2451
f 2448 2449 2453 2452
f 2449 2450 2454 2453
f 2451 2452 2473 2469
f 2452 2453 2477 2473
f 2453 2454 2455 2477
f 2442 2456 2460 2459
f 2456 2457 2461 2460
f 2457 2458 2462 2461
f 2459 2460 2464 2463
f 2460 2461 2465 2464
f 2461 2462 2466 2465
f 2463 2464 2450 2446
f 2464 2465 2454 2450
f 2465 2466 2455 2454
f 2443 2467 2471 2470
f 2467 2468 2472 2471
f 2468 2469 2473 2472
f 2470 2471 2475 2474
f 2471 2472 2476 2475
f 2472 2473 2477 2476
f 2474 2475 2462 2458
f 2475 2476 2466 2462
f 2476 2477 2455 2466
f 2478 2481 2485 2484
f 2481 2482 2486 2485
f 2482 2483 2487 2486
f 2484 2485 2489 2488
f 2485 2486 2490 2489
f 2486 2487 2491 2490
f 2488 2489 2510 2506
f 2489 2490 2514 2510
f 2490 2491 2492 2514
f 2479 2493 2497 2496
f 2493 2494 2498 2497
f 2494 2495 2499 2498
f 2496 2497 2501 2500
f 2497 2498 2502 2501
f 2498 2499 2503 2502
f 2500 2501 2487 2483
f 2501 2502 2491 2487
f 2502 2503 2492 2491
f 2480 2504 2508 2507
f 2504 2505 2509 2508
f 2505 2506 2510 2509
f 2507 2508 2512 2511
f 2508 2509 2513 2512
f 2509 2510 2514 2513
f 2511 2512 2499 2495
f 2512 2513 2503 2499
f 2513 2514 2492 2503
f 2515 2518 2522 2521
f 2518 2519 2523 2522
f 2519 2520 2524 2523
f 2521 2522 2526 2525
f 2522 2523 2527 2526
f 2523 2524 2528 2527
f 2525 2526 2547 2543
f 2526 2527 2551 2547
f 2527 2528 2529 2551
f 2516 2530 2534 2533
f 2530 2531 2535 2534
f 2531 2532 2536 2535
f 2533 2534 2538 2537
f 2534 2535 2539 2538
f 2535 2536 2540 2539
f 2537 2538 2524 2520
f 2538 2539 2528 2524
f 2539 2540 2529 2528
f 2517 2541 2545 2544
f 2541 2542 2546 2545
f 2542 2543 2547 2546
f 2544 2545 2549 2548
f 2545 2546 2550 2549
f 2546 2547 2551 2550
f 2548 2549 2536 2532
f 2549 2550 2540 2536
f 2550 2551 2529 2540
f 2552 2555 2559 2558
f 2555 2556 2560 2559
f 2556 2557 2561 2560
f 2558 2559 2563 2562
f 2559 2560 2564 2563
f 2560 2561 2565 2564
f 2562 2563 2584 2580
f 2563 2564 2588 2584
f 2564 2565 2566 2588
f 2553 2567 2571 2570
f 2567 2568 2572 2571
f 2568 2569 2573 2572
f 2570 2571 2575 2574
f 2571 2572 2576 2575
f 2572 2573 2577 2576
f 2574 2575 2561 2557
f 2575 2576 2565 2561
f 2576 2577 2566 2565
f 2554 2578 2582 2581
f 2578 2579 2583 2582
f 2579 2580 2584 2583
f 2581 2582 2586 2585
f 2582 2583 2587 2586
f 2583 2584 2588 2587
f 2585 2586 2573 2569
f 2586 2587 2577 2573
f 2587 2588 2566 2577
f 2589 2592 2596 2595
f 2592 2593 2597 2596
f 2593 2594 2598 2597
f 2595 2596 2600 2599
f 2596 2597 2601 2600
f 2597 2598 2602 2601
f 2599 2600 2621 2617
f 2600 2601 2625 2621
f 2601 2602 2603 2625
f 2590 2604 2608 2607
f 2604 2605 2609 2608
f 2605 2606 2610 2609
f 2607 2608 2612 2611
f 2608 2609 2613 2612
f 2609 2610 2614 2613
f 2611 2612 2598 2594
f 2612 2613 2602 2598
f 2613 2614 2603 2602
f 2591 2615 2619 2618
f 2615 2616 2620 2619
f 2616 2617 2621 2620
f 2618 2619 2623 2622
f 2619 2620 2624 2623
f 2620 2621 2625 2624
f 2622 2623 2610 2606
f 2623 2624 2614 2610
f 2624 2625 2603 2614
f 2626 2629 2633 2632
f 2629 2630 2634 2633
f 2630 2631 2635 2634
f 2632 2633 2637 2636
f 2633 2634 2638 2637
f 2634 2635 2639 2638
f 2636 2637 2658 2654
f 2637 2638 2662 2658
f 2638 2639 2640 2662
f 2627 2641 2645 2644
f 2641 2642 2646 2645
f 2642 2643 2647 2646
f 2644 2645 2649 2648
f 2645 2646 2650 2649
f 2646 2647 2651 2650
f 2648 2649 2635 2631
f 2649 2650 2639 2635
f 2650 2651 2640 2639
f 2628 2652 2656 2655
f 2652 2653 2657 2656
f 2653 2654 2658 2657
f 2655 2656 2660 2659
f 2656 2657 2661 2660
f 2657 2658 2662 2661
f 2659 2660 2647 2643
f 2660 2661 2651 2647
f 2661 2662 2640 2651
f 2663 2666 2670 2669
f 2666 2667 2671 2670
f 2667 2668 2672 2671
f 2669 2670 2674 2673
f 2670 2671 2675 2674
f 2671 2672 2676 2675
f 2673 2674 2695 2691
f 2674 2675 2699 2695
f 2675 2676 2677 2699
f 2664 2678 2682 2681
f 2678 2679 2683 2682
f 2679 2680 2684 2683
f 2681 2682 2686 2685
f 2682 2683 2687 2686
f 2683 2684 2688 2687
f 2685 2686 2672 2668
f 2686 2687 2676 2672
f 2687 2688 2677 2676
f 2665 2689 2693 2692
f 2689 2690 2694 2693
f 2690 2691 2695 2694
f 2692 2693 2697 2696
f 2693 2694 2698 2697
f 2694 2695 2699 2698
f 2696 2697 2684 2680
f 2697 2698 2688 2684
f 2698 2699 2677 2688
f 2700 2703 2707 2706
f 2703 2704 2708 2707
f 2704 2705 2709 2708
f 2706 2707 2711 2710
f 2707 2708 2712 2711
f 2708 2709 2713 2712
f 2710 2711 2732 2728
f 2711 2712 2736 2732
f 2712 2713 2714 2736
f 2701 2715 2719 2718
f 2715 2716 2720 2719
f 2716 2717 2721 2720
f 2718 2719 2723 2722
f 2719 2720 2724 2723
f 2720 2721 2725 2724
f 2722 2723 2709 2705
f 2723 2724 2713 2709
f 2724 2725 2714 2713
f 2702 2726 2730 2729
f 2726 2727 2731 2730
f 2727 2728 2732 2731
f 2729 2730 2734 2733
f 2730 2731 2735 2734
f 2731 2732 2736 2735
f 2733 2734 2721 2717
f 2734 2735 2725 2721
f 2735 2736 2714 2725
f 2737 2740 2744 2743
f 2740 2741 2745 2744
f 2741 2742 2746 2745
f 2743 2744 2748 2747
f 2744 2745 2749 2748
f 2745 2746 2750 2749
f 2747 2748 2769 2765
f 2748 2749 2773 2769
f 2749 2750 2751 2773
f 2738 2752 2756 2755
f 2752 2753 2757 2756
f 2753 2754 2758 2757
f 2755 2756 2760 2759
f 2756 2757 2761 2760
f 2757 2758 2762 2761
f 2759 2760 2746 2742
f 2760 2761 2750 2746
f 2761 2762 2751 2750
f 2739 2763 2767 2766
f 2763 2764 2768 2767
f 2764 2765 2769 2768
f 2766 2767 2771 2770
f 2767 2768 2772 2771
f 2768 2769 2773 2772
f 2770 2771 2758 2754
f 2771 2772 2762 2758
f 2772 2773 2751 2762
f 2774 2777 2781 2780
f 2777 2778 2782 2781
f 2778 2779 2783 2782
f 2780 2781 2785 2784
f 2781 2782 2786 2785
f 2782 2783 2787 2786
f 2784 2785 2806 2802
f 2785 2786 2810 2806
f 2786 2787 2788 2810
f 2775 2789 2793 2792
f 2789 2790 2794 2793
f 2790 2791 2795 2794
f 2792 2793 2797 2796
f 2793 2794 2798 2797
f 2794 2795 2799 2798
f 2796 2797 2783 2779
f 2797 2798 2787 2783
f 2798 2799 2788 2787
f 2776 2800 2804 2803
f 2800 2801 2805 2804
f 2801 2802 2806 2805
f 2803 2804 2808 2807
f 2804 2805 2809 2808
f 2805 2806 2810 2809
f 2807 2808 2795 2791
f 2808 2809 2799 2795
f 2809 2810 2788 2799
f 2811 2814 2818 2817
f 2814 2815 2819 2818
f 2815 2816 2820 2819
f 2817 2818 2822 2821
f 2818 2819 2823 2822
f 2819 2820 2824 2823
f 2821 2822 2843 2839
f 2822 2823 2847 2843
f 2823 2824 2825 2847
f 2812 2826 2830 2829
f 2826 2827 2831 2830
f 2827 2828 2832 2831
f 2829 2830 2834 2833
f 2830 2831 2835 2834
f 2831 2832 2836 2835
f 2833 2834 2820 2816
f 2834 2835 2824 2820
f 2835 2836 2825 2824
f 2813 2837 2841 2840
f 2837 2838 2842 2841
f 2838 2839 2843 2842
f 2840 2841 2845 2844
f 2841 2842 2846 2845
f 2842 2843 2847 2846
f 2844 2845 2832 2828
f 2845 2846 2836 2832
f 2846 2847 2825 2836
f 2848 2851 2855 2854
f 2851 2852 2856 2855
f 2852 2853 2857 2856
f 2854 2855 2859 2858
f 2855 2856 2860 2859
f 2856 2857 2861 2860
f 2858 2859 2880 2876
f 2859 2860 2884 2880
f 2860 2861 2862 2884
f 2849 2863 2867 2866
f 2863 2864 2868 2867
f 2864 2865 2869 2868
f 2866 2867 2871 2870
f 2867 2868 2872 2871
f 2868 2869 2873 2872
f 2870 2871 2857 2853
f 2871 2872 2861 2857
f 2872 2873 2862 2861
f 2850 2874 2878 2877
f 2874 2875 2879 2878
f 2875 2876 2880 2879
f 2877 2878 2882 2881
f 2878 2879 2883 2882
f 2879 2880 2884 2883
f 2881 2882 2869 2865
f 2882 2883 2873 2869
f 2883 2884 2862 2873
f 2885 2888 2892 2891
f 2888 2889 2893 2892
f 2889 2890 2894 2893
f 2891 2892 2896 2895
f 2892 2893 2897 2896
f 2893 2894 2898 2897
f 2895 2896 2917 2913
f 2896 2897 2921 2917
f 2897 2898 2899 2921
f 2886 2900 2904 2903
f 2900 2901 2905 2904
f 2901 2902 2906 2905
f 2903 2904 2908 2907
f 2904 2905 2909 2908
f 2905 2906 2910 2909
f 2907 2908 2894 2890
f 2908 2909 2898 2894
f 2909 2910 2899 2898
f 2887 2911 2915 2914
f 2911 2912 2916 2915
f 2912 2913 2917 2916
f 2914 2915 2919 2918
f 2915 2916 2920 2919
f 2916 2917 2921 2920
f 2918 2919 2906 2902
f 2919 2920 2910 2906
f 2920 2921 2899 2910
f 2922 2925 2929 2928
f 2925 2926 2930 2929
f 2926 2927 2931 2930
f 2928 2929 2933 2932
f 2929 2930 2934 2933
f 2930 2931 2935 2934
f 2932 2933 2954 2950
f 2933 2934 2958 2954
f 2934 2935 2936 2958
f 2923 2937 2941 2940
f 2937 2938 2942 2941
f 2938 2939 2943 2942
f 2940 2941 2945 2944
f 2941 2942 2946 2945
f 2942 2943 2947 2946
f 2944 2945 2931 2927
f 2945 2946 2935 2931
f 2946 2947 2936 2935
f 2924 2948 2952 2951
f 2948 2949 2953 2952
f 2949 2950 2954 2953
f 2951 2952 2956 2955
f 2952 2953 2957 2956
f 2953 2954 2958 2957
f 2955 2956 2943 2939
f 2956 2957 2947 2943
f 2957 2958 2936 2947
f 2959 2962 2966 2965
f 2962 2963 2967 2966
f 2963 2964 2968 2967
f 2965 2966 2970 2969
f 2966 2967 2971 2970
f 2967 2968 2972 2971
f 2969 2970 2991 2987
f 2970 2971 2995 2991
f 2971 2972 2973 2995
f 2960 2974 2978 2977
f 2974 2975 2979 2978
f 2975 2976 2980 2979
f 2977 2978 2982 2981
f 2978 2979 2983 2982
f 2979 2980 2984 2983
f 2981 2982 2968 2964
f 2982 2983 2972 2968
f 2983 2984 2973 2972
f 2961 2985 2989 2988
f 2985 2986 2990 2989
f 2986 2987 2991 2990
f 2988 2989 2993 2992
f 2989 2990 2994 2993
f 2990 2991 2995 2994
f 2992 2993 2980 2976
f 2993 2994 2984 2980
f 2994 2995 2973 2984
f 2996 2999 3003 3002
f 2999 3000 3004 3003
f 3000 3001 3005 3004
f 3002 3003 3007 3006
f 3003 3004 3008 3007
f 3004 3005 3009 3008
f 3006 3007 3028 3024
f 3007 3008 3032 3028
f 3008 3009 3010 3032
f 2997 3011 3015 3014
f 3011 3012 3016 3015
f 3012 3013 3017 3016
f 3014 3015 3019 3018
f 3015 3016 3020 3019
f 3016 3017 3021 3020
f 3018 3019 3005 3001
f 3019 3020 3009 3005
f 3020 3021 3010 3009
f 2998 3022 3026 3025
f 3022 3023 3027 3026
f 3023 3024 3028 3027
f 3025 3026 3030 3029
f 3026 3027 3031 3030
f 3027 3028 3032 3031
f 3029 3030 3017 3013
f 3030 3031 3021 3017
f 3031 3032 3010 3021
f 3033 3036 3040 3039
f 3036 3037 3041 3040
f 3037 3038 3042 3041
f 3039 3040 3044 3043
f 3040 3041 3045 3044
f 3041 3042 3046 3045
f 3043 3044 3065 3061
f 3044 3045 3069 3065
f 3045 3046 3047 3069
f 3034 3048 3052 3051
f 3048 3049 3053 3052
f 3049 3050 3054 3053
f 3051 3052 3056 3055
f 3052 3053 3057 3056
f 3053 3054 3058 3057
f 3055 3056 3042 3038
f 3056 3057 3046 3042
f 3057 3058 3047 3046
f 3035 3059 3063 3062
f 3059 3060 3064 3063
f 3060 3061 3065 3064
f 3062 3063 3067 3066
f 3063 3064 3068 3067
f 3064 3065 3069 3068
f 3066 3067 3054 3050
f 3067 3068 3058 3054
f 3068 3069 3047 3058
f 3070 3073 3077 3076
f 3073 3074 3078 3077
f 3074 3075 3079 3078
f 3076 3077 3081 3080
f 3077 3078 3082 3081
f 3078 3079 3083 3082
f 3080 3081 3102 3098
f 3081 3082 3106 3102
f 3082 3083 3084 3106
f 3071 3085 3089 3088
f 3085 3086 3090 3089
f 3086 3087 3091 3090
f 3088 3089 3093 3092
f 3089 3090 3094 3093
f 3090 3091 3095 3094
f 3092 3093 3079 3075
f 3093 3094 3083 3079
f 3094 3095 3084 3083
f 3072 3096 3100 3099
f 3096 3097 3101 3100
f 3097 3098 3102 3101
f 3099 3100 3104 3103
f 3100 3101 3105 3104
f 3101 3102 3106 3105
f 3103 3104 3091 3087
f 3104 3105 3095 3091
f 3105 3106 3084 3095
f 3107 3110 3114 3113
f 3110 3111 3115 3114
f 3111 3112 3116 3115
f 3113 3114 3118 3117
f 3114 3115 3119 3118
f 3115 3116 3120 3119
f 3117 3118 3139 3135
f 3118 3119 3143 3139
f 3119 3120 3121 3143
f 3108 3122 3126 3125
f 3122 3123 3127 3126
f 3123 3124 3128 3127
f 3125 3126 3130 3129
f 3126 3127 3131 3130
f 3127 3128 3132 3131
f 3129 3130 3116 3112
f 3130 3131 3120 3116
f 3131 3132 3121 3120
f 3109 3133 3137 3136
f 3133 3134 3138 3137
f 3134 3135 3139 3138
f 3136 3137 3141 3140
f 3137 3138 3142 3141
f 3138 3139 3143 3142
f 3140 3141 3128 3124
f 3141 3142 3132 3128
f 3142 3143 3121 3132
f 3144 3147 3151 3150
f 3147 3148 3152 3151
f 3148 3149 3153 3152
f 3150 3151 3155 3154
f 3151 3152 3156 3155
f 3152 3153 3157 3156
f 3154 3155 3176 3172
f 3155 3156 3180 3176
f 3156 3157 3158 3180
f 3145 3159 3163 3162
f 3159 3160 3164 3163
f 3160 3161 3165 3164
f 3162 3163 3167 3166
f 3163 3164 3168 3167
f 3164 3165 3169 3168
f 3166 3167 3153 3149
f 3167 3168 3157 3153
f 3168 3169 3158 3157
f 3146 3170 3174 3173
f 3170 3171 3175 3174
f 3171 3172 3176 3175
f 3173 3174 3178 3177
f 3174 3175 3179 3178
f 3175 3176 3180 3179
f 3177 3178 3165 3161
f 3178 3179 3169 3165
f 3179 3180 3158 3169
f 3181 3184 3188 3187
f 3184 3185 3189 3188
f 3185 3186 3190 3189
f 3187 3188 3192 3191
f 3188 3189 3193 3192
f 3189 3190 3194 3193
f 3191 3192 3213 3209
f 3192 3193 3217 3213
f 3193 3194 3195 3217
f 3182 3196 3200 3199
f 3196 3197 3201 3200
f 3197 3198 3202 3201
f 3199 3200 3204 3203
f 3200 3201 3205 3204
f 3201 3202 3206 3205
f 3203 3204 3190 3186
f 3204 3205 3194 3190
f 3205 3206 3195 3194
f 3183 3207 3211 3210
f 3207 3208 3212 3211
f 3208 3209 3213 3212
f 3210 3211 3215 3214
f 3211 3212 3216 3215
f 3212 3213 3217 3216
f 3214 3215 3202 3198
f 3215 3216 3206 3202
f 3216 3217 3195 3206
f 3218 3221 3225 3224
f 3221 3222 3226 3225
f 3222 3223 3227 3226
f 3224 3225 3229 3228
f 3225 3226 3230 3229
f 3226 3227 3231 3230
f 3228 3229 3250 3246
f 3229 3230 3254 3250
f 3230 3231 3232 3254
f 3219 3233 3237 3236
f 3233 3234 3238 3237
f 3234 3235 3239 3238
f 3236 3237 3241 3240
f 3237 3238 3242 3241
f 3238 3239 3243 3242
f 3240 3241 3227 3223
f 3241 3242 3231 3227
f 3242 3243 3232 3231
f 3220 3244 3248 3247
f 3244 3245 3249 3248
f 3245 3246 3250 3249
f 3247 3248 3252 3251
f 3248 3249 3253 3252
f 3249 3250 3254 3253
f 3251 3252 3239 3235
f 3252 3253 3243 3239
f 3253 3254 3232 3243
f 3255 3258 3262 3261
f 3258 3259 3263 3262
f 3259 3260 3264 3263
f 3261 3262 3266 3265
f 3262 3263 3267 3266
f 3263 3264 3268 3267
f 3265 3266 3287 3283
f 3266 3267 3291 3287
f 3267 3268 3269 3291
f 3256 3270 3274 3273
f 3270 3271 3275 3274
f 3271 3272 3276 3275
f 3273 3274 3278 3277
f 3274 3275 3279 3278
f 3275 3276 3280 3279
f 3277 3278 3264 3260
f 3278 3279 3268 3264
f 3279 3280 3269 3268
f 3257 3281 3285 3284
f 3281 3282 3286 3285
f 3282 3283 3287 3286
f 3284 3285 3289 3288
f 3285 3286 3290 3289
f 3286 3287 3291 3290
f 3288 3289 3276 3272
f 3289 3290 3280 3276
f 3290 3291 3269 3280
f 3292 3295 3299 3298
f 3295 3296 3300 3299
f 3296 3297 3301 3300
f 3298 3299 3303 3302
f 3299 3300 3304 3303
f 3300 3301 3305 3304
f 3302 3303 3324 3320
f 3303 3304 3328 3324
f 3304 3305 3306 3328
f 3293 3307 3311 3310
f 3307 3308 3312 3311
f 3308 3309 3313 3312
f 3310 3311 3315 3314
f 3311 3312 3316 3315
f 3312 3313 3317 3316
f 3314 3315 3301 3297
f 3315 3316 3305 3301
f 3316 3317 3306 3305
f 3294 3318 3322 3321
f 3318 3319 3323 3322
f 3319 3320 3324 3323
f 3321 3322 3326 3325
f 3322 3323 3327 3326
f 3323 3324 3328 3327
f 3325 3326 3313 3309
f 3326 3327 3317 3313
f 3327 3328 3306 3317
f 3329 3332 3336 3335
f 3332 3333 3337 3336
f 3333 3334 3338 3337
f 3335 3336 3340 3339
f 3336 3337 3341 3340
f 3337 3338 3342 3341
f 3339 3340 3361 3357
f 3340 3341 3365 3361
f 3341 3342 3343 3365
f 3330 3344 3348 3347
f 3344 3345 3349 3348
f 3345 3346 3350 3349
f 3347 3348 3352 3351
f 3348 3349 3353 3352
f 3349 3350 3354 3353
f 3351 3352 3338 3334
f 3352 3353 3342 3338
f 3353 3354 3343 3342
f 3331 3355 3359 3358
f 3355 3356 3360 3359
f 3356 3357 3361 3360
f 3358 3359 3363 3362
f 3359 3360 3364 3363
f 3360 3361 3365 3364
f 3362 3363 3350 3346
f 3363 3364 3354 3350
f 3364 3365 3343 3354
f 3366 3369 3373 3372
f 3369 3370 3374 3373
f 3370 3371 3375 3374
f 3372 3373 3377 3376
f 3373 3374 3378 3377
f 3374 3375 3379 3378
f 3376 3377 3398 3394
f 3377 3378 3402 3398
f 3378 3379 3380 3402
f 3367 3381 3385 3384
f 3381 3382 3386 3385
f 3382 3383 3387 3386
f 3384 3385 3389 3388
f 3385 3386 3390 3389
f 3386 3387 3391 3390
f 3388 3389 3375 3371
f 3389 3390 3379 3375
f 3390 3391 3380 3379
f 3368 3392 3396 3395
f 3392 3393 3397 3396
f 3393 3394 3398 3397
f 3395 3396 3400 3399
f 3396 3397 3401 3400
f 3397 3398 3402 3401
f 3399 3400 3387 3383
f 3400 3401 3391 3387
f 3401 3402 3380 3391
f 3403 3406 3410 3409
f 3406 3407 3411 3410
f 3407 3408 3412 3411
f 3409 3410 3414 3413
f 3410 3411 3415 3414
f 3411 3412 3416 3415
f 3413 3414 3435 3431
f 3414 3415 3439 3435
f 3415 3416 3417 3439
f 3404 3418 3422 3421
f 3418 3419 3423 3422
f 3419 3420 3424 3423
f 3421 3422 3426 3425
f 3422 3423 3427 3426
f 3423 3424 3428 3427
f 3425 3426 3412 3408
f 3426 3427 3416 3412
f 3427 3428 3417 3416
f 3405 3429 3433 3432
f 3429 3430 3434 3433
f 3430 3431 3435 3434
f 3432 3433 3437 3436
f 3433 3434 3438 3437
f 3434 3435 3439 3438
f 3436 3437 3424 3420
f 3437 3438 3428 3424
f 3438 3439 3417 3428
f 3440 3443 3447 3446
f 3443 3444 3448 3447
f 3444 3445 3449 3448
f 3446 3447 3451 3450
f 3447 3448 3452 3451
f 3448 3449 3453 3452
f 3450 3451 3472 3468
f 3451 3452 3476 3472
f 3452 3453 3454 3476
f 3441 3455 3459 3458
f 3455 3456 3460 3459
f 3456 3457 3461 3460
f 3458 3459 3463 3462
f 3459 3460 3464 3463
f 3460 3461 3465 3464
f 3462 3463 3449 3445
f 3463 3464 3453 3449
f 3464 3465 3454 3453
f 3442 3466 3470 3469
f 3466 3467 3471 3470
f 3467 3468 3472 3471
f 3469 3470 3474 3473
f 3470 3471 3475 3474
f 3471 3472 3476 3475
f 3473 3474 3461 3457
f 3474 3475 3465 3461
f 3475 3476 3454 3465
f 3477 3480 3484 3483
f 3480 3481 3485 3484
f 3481 3482 3486 3485
f 3483 3484 3488 3487
f 3484 3485 3489 3488
f 3485 3486 3490 3489
f 3487 3488 3509 3505
f 3488 3489 3513 3509
f 3489 3490 3491 3513
f 3478 3492 3496 3495
f 3492 3493 3497 3496
f 3493 3494 3498 3497
f 3495 3496 3500 3499
f 3496 3497 3501 3500
f 3497 3498 3502 3501
f 3499 3500 3486 3482
f 3500 3501 3490 3486
f 3501 3502 3491 3490
f 3479 3503 3507 3506
f 3503 3504 3508 3507
f 3504 3505 3509 3508
f 3506 3507 3511 3510
f 3507 3508 3512 3511
f 3508 3509 3513 3512
f 3510 3511 3498 3494
f 3511 3512 3502 3498
f 3512 3513 3491 3502
f 3514 3517 3521 3520
f 3517 3518 3522 3521
f 3518 3519 3523 3522
f 3520 3521 3525 3524
f 3521 3522 3526 3525
f 3522 3523 3527 3526
f 3524 3525 3546 3542
f 3525 3526 3550 3546
f 3526 3527 3528 3550
f 3515 3529 3533 3532
f 3529 3530 3534 3533
f 3530 3531 3535 3534
f 3532 3533 3537 3536
f 3533 3534 3538 3537
f 3534 3535 3539 3538
f 3536 3537 3523 3519
f 3537 3538 3527 3523
f 3538 3539 3528 3527
f 3516 3540 3544 3543
f 3540 3541 3545 3544
f 3541 3542 3546 3545
f 3543 3544 3548 3547
f 3544 3545 3549 3548
f 3545 3546 3550 3549
f 3547 3548 3535 3531
f 3548 3549 3539 3535
f 3549 3550 3528 3539
f 3551 3554 3558 3557
f 3554 3555 3559 3558
f 3555 3556 3560 3559
f 3557 3558 3562 3561
f 3558 3559 3563 3562
f 3559 3560 3564 3563
f 3561 3562 3583 3579
f 3562 3563 3587 3583
f 3563 3564 3565 3587
f 3552 3566 3570 3569
f 3566 3567 3571 3570
f 3567 3568 3572 3571
f 3569 3570 3574 3573
f 3570 3571 3575 3574
f 3571 3572 3576 3575
f 3573 3574 3560 3556
f 3574 3575 3564 3560
f 3575 3576 3565 3564
f 3553 3577 3581 3580
f 3577 3578 3582 3581
f 3578 3579 3583 3582
f 3580 3581 3585 3584
f 3581 3582 3586 3585
f 3582 3583 3587 3586
f 3584 3585 3572 3568
f 3585 3586 3576 3572
f 3586 3587 3565 3576
f 3588 3591 3595 3594
f 3591 3592 3596 3595
f 3592 3593 3597 3596
f 3594 3595 3599 3598
f 3595 3596 3600 3599
f 3596 3597 3601 3600
f 3598 3599 3620 3616
f 3599 3600 3624 3620
f 3600 3601 3602 3624
f 3589 3603 3607 3606
f 3603 3604 3608 3607
f 3604 3605 3609 3608
f 3606 3607 3611 3610
f 3607 3608 3612 3611
f 3608 3609 3613 3612
f 3610 3611 3597 3593
f 3611 3612 3601 3597
f 3612 3613 3602 3601
f 3590 3614 3618 3617
f 3614 3615 3619 3618
f 3615 3616 3620 3619
f 3617 3618 3622 3621
f 3618 3619 3623 3622
f 3619 3620 3624 3623
f 3621 3622 3609 3605
f 3622 3623 3613 3609
f 3623 3624 3602 3613
f 2515 2441 2447 2518
f 2518 2447 2451 2519
f 2519 2451 2469 2520
f 2520 2469 2468 2537
f 2537 2468 2467 2533
f 2533 2467 2443 2516
f 2442 2478 2484 2456
f 2456 2484 2488 2457
f 2457 2488 2506 2458
f 2458 2506 2505 2474
f 2474 2505 2504 2470
f 2470 2504 2480 2443
f 2479 2552 2558 2493
f 2493 2558 2562 2494
f 2494 2562 2580 2495
f 2495 2580 2579 2511
f 2511 2579 2578 2507
f 2507 2578 2554 2480
f 2553 2517 2544 2567
f 2567 2544 2548 2568
f 2568 2548 2532 2569
f 2569 2532 2531 2585
f 2585 2531 2530 2581
f 2581 2530 2516 2554
f 2663 2515 2521 2666
f 2666 2521 2525 2667
f 2667 2525 2543 2668
f 2668 2543 2542 2685
f 2685 2542 2541 2681
f 2681 2541 2517 2664
f 2552 2700 2706 2555
f 2555 2706 2710 2556
f 2556 2710 2728 2557
f 2557 2728 2727 2574
f 2574 2727 2726 2570
f 2570 2726 2702 2553
f 2701 2665 2692 2715
f 2715 2692 2696 2716
f 2716 2696 2680 2717
f 2717 2680 2679 2733
f 2733 2679 2678 2729
f 2729 2678 2664 2702
f 2589 2663 2669 2592
f 2592 2669 2673 2593
f 2593 2673 2691 2594
f 2594 2691 2690 2611
f 2611 2690 2689 2607
f 2607 2689 2665 2590
f 2700 2626 2632 2703
f 2703 2632 2636 2704
f 2704 2636 2654 2705
f 2705 2654 2653 2722
f 2722 2653 2652 2718
f 2718 2652 2628 2701
f 2627 2591 2618 2641
f 2641 2618 2622 2642
f 2642 2622 2606 2643
f 2643 2606 2605 2659
f 2659 2605 2604 2655
f 2655 2604 2590 2628
f 2441 2589 2595 2444
f 2444 2595 2599 2445
f 2445 2599 2617 2446
f 2446 2617 2616 2463
f 2463 2616 2615 2459
f 2459 2615 2591 2442
f 2626 2479 2496 2629
f 2629 2496 2500 2630
f 2630 2500 2483 2631
f 2631 2483 2482 2648
f 2648 2482 2481 2644
f 2644 2481 2478 2627
f 2811 2737 2743 2814
f 2814 2743 2747 2815
f 2815 2747 2765 2816
f 2816 2765 2764 2833
f 2833 2764 2763 2829
f 2829 2763 2739 2812
f 2738 2774 2780 2752
f 2752 2780 2784 2753
f 2753 2784 2802 2754
f 2754 2802 2801 2770
f 2770 2801 2800 2766
f 2766 2800 2776 2739
f 2775 2848 2854 2789
f 2789 2854 2858 2790
f 2790 2858 2876 2791
f 2791 2876 2875 2807
f 2807 2875 2874 2803
f 2803 2874 2850 2776
f 2849 2813 2840 2863
f 2863 2840 2844 2864
f 2864 2844 2828 2865
f 2865 2828 2827 2881
f 2881 2827 2826 2877
f 2877 2826 2812 2850
f 2959 2811 2817 2962
f 2962 2817 2821 2963
f 2963 2821 2839 2964
f 2964 2839 2838 2981
f 2981 2838 2837 2977
f 2977 2837 2813 2960
f 2848 2996 3002 2851
f 2851 3002 3006 2852
f 2852 3006 3024 2853
f 2853 3024 3023 2870
f 2870 3023 3022 2866
f 2866 3022 2998 2849
f 2997 2961 2988 3011
f 3011 2988 2992 3012
f 3012 2992 2976 3013
f 3013 2976 2975 3029
f 3029 2975 2974 3025
f 3025 2974 2960 2998
f 2885 2959 2965 2888
f 2888 2965 2969 2889
f 2889 2969 2987 2890
f 2890 2987 2986 2907
f 2907 2986 2985 2903
f 2903 2985 2961 2886
f 2996 2922 2928 2999
f 2999 2928 2932 3000
f 3000 2932 2950 3001
f 3001 2950 2949 3018
f 3018 2949 2948 3014
f 3014 2948 2924 2997
f 2923 2887 2914 2937
f 2937 2914 2918 2938
f 2938 2918 2902 2939
f 2939 2902 2901 2955
f 2955 2901 2900 2951
f 2951 2900 2886 2924
f 2737 2885 2891 2740
f 2740 2891 2895 2741
f 2741 2895 2913 2742
f 2742 2913 2912 2759
f 2759 2912 2911 2755
f 2755 2911 2887 2738
f 2922 2775 2792 2925
f 2925 2792 2796 2926
f 2926 2796 2779 2927
f 2927 2779 2778 2944
f 2944 2778 2777 2940
f 2940 2777 2774 2923
f 3107 3033 3039 3110
f 3110 3039 3043 3111
f 3111 3043 3061 3112
f 3112 3061 3060 3129
f 3129 3060 3059 3125
f 3125 3059 3035 3108
f 3034 3070 3076 3048
f 3048 3076 3080 3049
f 3049 3080 3098 3050
f 3050 3098 3097 3066
f 3066 3097 3096 3062
f 3062 3096 3072 3035
f 3071 3144 3150 3085
f 3085 3150 3154 3086
f 3086 3154 3172 3087
f 3087 3172 3171 3103
f 3103 3171 3170 3099
f 3099 3170 3146 3072
f 3145 3109 3136 3159
f 3159 3136 3140 3160
f 3160 3140 3124 3161
f 3161 3124 3123 3177
f 3177 3123 3122 3173
f 3173 3122 3108 3146
f 3255 3107 3113 3258
f 3258 3113 3117 3259
f 3259 3117 3135 3260
f 3260 3135 3134 3277
f 3277 3134 3133 3273
f 3273 3133 3109 3256
f 3144 3292 3298 3147
f 3147 3298 3302 3148
f 3148 3302 3320 3149
f 3149 3320 3319 3166
f 3166 3319 3318 3162
f 3162 3318 3294 3145
f 3293 3257 3284 3307
f 3307 3284 3288 3308
f 3308 3288 3272 3309
f 3309 3272 3271 3325
f 3325 3271 3270 3321
f 3321 3270 3256 3294
f 3181 3255 3261 3184
f 3184 3261 3265 3185
f 3185 3265 3283 3186
f 3186 3283 3282 3203
f 3203 3282 3281 3199
f 3199 3281 3257 3182
f 3292 3218 3224 3295
f 3295 3224 3228 3296
f 3296 3228 3246 3297
f 3297 3246 3245 3314
f 3314 3245 3244 3310
f 3310 3244 3220 3293
f 3219 3183 3210 3233
f 3233 3210 3214 3234
f 3234 3214 3198 3235
f 3235 3198 3197 3251
f 3251 3197 3196 3247
f 3247 3196 3182 3220
f 3033 3181 3187 3036
f 3036 3187 3191 3037
f 3037 3191 3209 3038
f 3038 3209 3208 3055
f 3055 3208 3207 3051
f 3051 3207 3183 3034
f 3218 3071 3088 3221
f 3221 3088 3092 3222
f 3222 3092 3075 3223
f 3223 3075 3074 3240
f 3240 3074 3073 3236
f 3236 3073 3070 3219
f 3403 3329 3335 3406
f 3406 3335 3339 3407
f 3407 3339 3357 3408
f 3408 3357 3356 3425
f 3425 3356 3355 3421
f 3421 3355 3331 3404
f 3330 3366 3372 3344
f 3344 3372 3376 3345
f 3345 3376 3394 3346
f 3346 3394 3393 3362
f 3362 3393 3392 3358
f 3358 3392 3368 3331
f 3367 3440 3446 3381
f 3381 3446 3450 3382
f 3382 3450 3468 3383
f 3383 3468 3467 3399
f 3399 3467 3466 3395
f 3395 3466 3442 3368
f 3441 3405 3432 3455
f 3455 3432 3436 3456
f 3456 3436 3420 3457
f 3457 3420 3419 3473
f 3473 3419 3418 3469
f 3469 3418 3404 3442
f 3551 3403 3409 3554
f 3554 3409 3413 3555
f 3555 3413 3431 3556
f 3556 3431 3430 3573
f 3573 3430 3429 3569
f 3569 3429 3405 3552
f 3440 3588 3594 3443
f 3443 3594 3598 3444
f 3444 3598 3616 3445
f 3445 3616 3615 3462
f 3462 3615 3614 3458
f 3458 3614 3590 3441
f 3589 3553 3580 3603
f 3603 3580 3584 3604
f 3604 3584 3568 3605
f 3605 3568 3567 3621
f 3621 3567 3566 3617
f 3617 3566 3552 3590
f 3477 3551 3557 3480
f 3480 3557 3561 3481
f 3481 3561 3579 3482
f 3482 3579 3578 3499
f 3499 3578 3577 3495
f 3495 3577 3553 3478
f 3588 3514 3520 3591
f 3591 3520 3524 3592
f 3592 3524 3542 3593
f 3593 3542 3541 3610
f 3610 3541 3540 3606
f 3606 3540 3516 3589
f 3515 3479 3506 3529
f 3529 3506 3510 3530
f 3530 3510 3494 3531
f 3531 3494 3493 3547
f 3547 3493 3492 3543
f 3543 3492 3478 3516
f 3329 3477 3483 3332
f 3332 3483 3487 3333
f 3333 3487 3505 3334
f 3334 3505 3504 3351
f 3351 3504 3503 3347
f 3347 3503 3479 3330
f 3514 3367 3384 3517
f 3517 3384 3388 3518
f 3518 3388 3371 3519
f 3519 3371 3370 3536
f 3536 3370 3369 3532
f 3532 3369 3366 3515
f 2515 2663 2589 2441
g drawer_1_pull_stem
v 0 -0.039 0.015
v 0 -0.039 -0.045
v -0.00306147 -0.039609 0.015
v -0.00306147 -0.039609 -0.045
v -0.00565684 -0.0413432 0.015
v -0.00565687 -0.0413432 -0.045
v -0.00739104 -0.0439385 0.015
v -0.00739104 -0.0439385 -0.045
v -0.00799999 -0.047 0.015
v -0.00800002 -0.047 -0.045
v -0.00739104 -0.0500615 0.015
v -0.00739104 -0.0500615 -0.045
v -0.00565684 -0.0526568 0.015
v -0.00565687 -0.0526568 -0.045
v -0.00306147 -0.054391 0.015
v -0.00306147 -0.054391 -0.045
v 0 -0.055 0.015
v 0 -0.055 -0.045
v 0.00306147 -0.054391 0.015
v 0.00306147 -0.054391 -0.045
v 0.00565687 -0.0526568 0.015
v 0.00565684 -0.0526568 -0.045
v 0.00739104 -0.0500615 0.015
v 0.00739104 -0.0500615 -0.045
v 0.00800002 -0.047 0.015
v 0.00799999 -0.047 -0.045
v 0.00739104 -0.0439385 0.015
v 0.00739104 -0.0439385 -0.045
v 0.00565687 -0.0413432 0.015
v 0.00565684 -0.0413432 -0.045
v 0.00306147 -0.039609 0.015
v 0.00306147 -0.039609 -0.045
usemtl dark_handle_black_003
f 3625 3626 3628 3627
f 3627 3628 3630 3629
f 3629 3630 3632 3631
f 3631 3632 3634 3633
f 3633 3634 3636 3635
f 3635 3636 3638 3637
f 3637 3638 3640 3639
f 3639 3640 3642 3641
f 3641 3642 3644 3643
f 3643 3644 3646 3645
f 3645 3646 3648 3647
f 3647 3648 3650 3649
f 3649 3650 3652 3651
f 3651 3652 3654 3653
f 3628 3626 3656 3654 3652 3650 3648 3646 3644 3642 3640 3638 3636 3634 3632 3630
f 3653 3654 3656 3655
f 3655 3656 3626 3625
f 3625 3627 3629 3631 3633 3635 3637 3639 3641 3643 3645 3647 3649 3651 3653 3655
g drawer_1_pull_drop
v 0 -0.029 -0.05
v 0.00171885 -0.0417099 -0.032881
v 0.00326943 -0.0369377 -0.0354376
v 0.0045 -0.0331504 -0.0394198
v 0.00529006 -0.0307189 -0.0444376
v 0.00556231 -0.029881 -0.05
v 0.00529006 -0.0307189 -0.0555623
v 0.0045 -0.0331504 -0.0605801
v 0.00326943 -0.0369377 -0.0645623
v 0.00171885 -0.0417099 -0.0671189
v 0.00326943 -0.0425 -0.032881
v 0.00621885 -0.0384405 -0.0354376
v 0.0085595 -0.0352188 -0.0394198
v 0.0100623 -0.0331504 -0.0444376
v 0.0105801 -0.0324377 -0.05
v 0.0100623 -0.0331504 -0.0555623
v 0.0085595 -0.0352188 -0.0605801
v 0.00621885 -0.0384405 -0.0645623
v 0.00326943 -0.0425 -0.0671189
v 0.0045 -0.0437306 -0.032881
v 0.0085595 -0.0407811 -0.0354376
v 0.0117812 -0.0384405 -0.0394198
v 0.0138496 -0.0369377 -0.0444376
v 0.0145623 -0.0364199 -0.05
v 0.0138496 -0.0369377 -0.0555623
v 0.0117812 -0.0384405 -0.0605801
v 0.0085595 -0.0407811 -0.0645623
v 0.0045 -0.0437306 -0.0671189
v 0.00529006 -0.0452812 -0.032881
v 0.0100623 -0.0437306 -0.0354376
v 0.0138496 -0.0425 -0.0394198
v 0.0162812 -0.0417099 -0.0444376
v 0.017119 -0.0414377 -0.05
v 0.0162812 -0.0417099 -0.0555623
v 0.0138496 -0.0425 -0.0605801
v 0.0100623 -0.0437306 -0.0645623
v 0.00529006 -0.0452812 -0.0671189
v 0.00556231 -0.047 -0.032881
v 0.0105801 -0.047 -0.0354376
v 0.0145623 -0.047 -0.0394198
v 0.017119 -0.047 -0.0444376
v 0.018 -0.047 -0.05
v 0.017119 -0.047 -0.0555623
v 0.0145623 -0.047 -0.0605801
v 0.0105801 -0.047 -0.0645623
v 0.00556231 -0.047 -0.0671189
v 0.00529006 -0.0487188 -0.032881
v 0.0100623 -0.0502694 -0.0354376
v 0.0138496 -0.0515 -0.0394198
v 0.0162812 -0.0522901 -0.0444376
v 0.017119 -0.0525623 -0.05
v 0.0162812 -0.0522901 -0.0555623
v 0.0138496 -0.0515 -0.0605801
v 0.0100623 -0.0502694 -0.0645623
v 0.00529006 -0.0487188 -0.0671189
v 0.0045 -0.0502694 -0.032881
v 0.0085595 -0.0532188 -0.0354376
v 0.0117812 -0.0555595 -0.0394198
v 0.0138496 -0.0570623 -0.0444376
v 0.0145623 -0.0575801 -0.05
v 0.0138496 -0.0570623 -0.0555623
v 0.0117812 -0.0555595 -0.0605801
v 0.0085595 -0.0532188 -0.0645623
v 0.0045 -0.0502694 -0.0671189
v 0.00326943 -0.0515 -0.032881
v 0.00621885 -0.0555595 -0.0354376
v 0.0085595 -0.0587811 -0.0394198
v 0.0100623 -0.0608495 -0.0444376
v 0.0105801 -0.0615623 -0.05
v 0.0100623 -0.0608495 -0.0555623
v 0.0085595 -0.0587811 -0.0605801
v 0.00621885 -0.0555595 -0.0645623
v 0.00326943 -0.0515 -0.0671189
v 0.00171885 -0.0522901 -0.032881
v 0.00326943 -0.0570623 -0.0354376
v 0.0045 -0.0608495 -0.0394198
v 0.00529006 -0.0632811 -0.0444376
v 0.00556231 -0.064119 -0.05
v 0.00529006 -0.0632811 -0.0555623
v 0.0045 -0.0608495 -0.0605801
v 0.00326943 -0.0570623 -0.0645623
v 0.00171885 -0.0522901 -0.0671189
v 0 -0.0525623 -0.032881
v 0 -0.0575801 -0.0354376
v 0 -0.0615623 -0.0394198
v 0 -0.064119 -0.0444376
v 0 -0.065 -0.05
v 0 -0.064119 -0.0555623
v 0 -0.0615623 -0.0605801
v 0 -0.0575801 -0.0645623
v 0 -0.0525623 -0.0671189
v -0.00171885 -0.0522901 -0.032881
v -0.00326943 -0.0570623 -0.0354376
v -0.0045 -0.0608495 -0.0394198
v -0.00529006 -0.0632811 -0.0444376
v -0.00556231 -0.064119 -0.05
v -0.00529006 -0.0632811 -0.0555623
v -0.0045 -0.0608495 -0.0605801
v -0.00326943 -0.0570623 -0.0645623
v -0.00171885 -0.0522901 -0.0671189
v -0.00326943 -0.0515 -0.032881
v -0.00621885 -0.0555595 -0.0354376
v -0.0085595 -0.0587811 -0.0394198
v -0.0100623 -0.0608495 -0.0444376
v -0.0105801 -0.0615623 -0.05
v -0.0100623 -0.0608495 -0.0555623
v -0.0085595 -0.0587811 -0.0605801
v -0.00621885 -0.0555595 -0.0645623
v -0.00326943 -0.0515 -0.0671189
v -0.0045 -0.0502694 -0.032881
v -0.0085595 -0.0532188 -0.0354376
v -0.0117812 -0.0555595 -0.0394198
v -0.0138496 -0.0570623 -0.0444376
v -0.0145623 -0.0575801 -0.05
v -0.0138496 -0.0570623 -0.0555623
v -0.0117812 -0.0555595 -0.0605801
v -0.0085595 -0.0532188 -0.0645623
v -0.0045 -0.0502694 -0.0671189
v 0 -0.047 -0.068
v 0 -0.047 -0.0319999
v -0.00529006 -0.0487188 -0.032881
v -0.0100623 -0.0502694 -0.0354376
v -0.0138496 -0.0515 -0.0394198
v -0.0162812 -0.0522901 -0.0444376
v -0.017119 -0.0525623 -0.05
v -0.0162812 -0.0522901 -0.0555623
v -0.0138496 -0.0515 -0.0605801
v -0.0100623 -0.0502694 -0.0645623
v -0.00529006 -0.0487188 -0.0671189
v -0.00556231 -0.047 -0.032881
v -0.0105801 -0.047 -0.0354376
v -0.0145623 -0.047 -0.0394198
v -0.017119 -0.047 -0.0444376
v -0.018 -0.047 -0.05
v -0.017119 -0.047 -0.0555623
v -0.0145623 -0.047 -0.0605801
v -0.0105801 -0.047 -0.0645623
v -0.00556231 -0.047 -0.0671189
v -0.00529006 -0.0452812 -0.032881
v -0.0100623 -0.0437306 -0.0354376
v -0.0138496 -0.0425 -0.0394198
v -0.0162812 -0.0417099 -0.0444376
v -0.017119 -0.0414377 -0.05
v -0.0162812 -0.0417099 -0.0555623
v -0.0138496 -0.0425 -0.0605801
v -0.0100623 -0.0437306 -0.0645623
v -0.00529006 -0.0452812 -0.0671189
v -0.0045 -0.0437306 -0.032881
v -0.0085595 -0.0407811 -0.0354376
v -0.0117812 -0.0384405 -0.0394198
v -0.0138496 -0.0369377 -0.0444376
v -0.0145623 -0.0364199 -0.05
v -0.0138496 -0.0369377 -0.0555623
v -0.0117812 -0.0384405 -0.0605801
v -0.0085595 -0.0407811 -0.0645623
v -0.0045 -0.0437306 -0.0671189
v -0.00326943 -0.0425 -0.032881
v -0.00621885 -0.0384405 -0.0354376
v -0.0085595 -0.0352188 -0.0394198
v -0.0100623 -0.0331504 -0.0444376
v -0.0105801 -0.0324377 -0.05
v -0.0100623 -0.0331504 -0.0555623
v -0.0085595 -0.0352188 -0.0605801
v -0.00621885 -0.0384405 -0.0645623
v -0.00326943 -0.0425 -0.0671189
v -0.00171885 -0.0417099 -0.032881
v -0.00326943 -0.0369377 -0.0354376
v -0.0045 -0.0331504 -0.0394198
v -0.00529006 -0.0307189 -0.0444376
v -0.00556231 -0.0298809 -0.05
v -0.00529006 -0.0307189 -0.0555623
v -0.0045 -0.0331504 -0.0605801
v -0.00326943 -0.0369377 -0.0645623
v -0.00171885 -0.0417099 -0.0671189
v 0 -0.0414377 -0.032881
v 0 -0.0364199 -0.0354376
v 0 -0.0324377 -0.0394198
v 0 -0.029881 -0.0444376
v 0 -0.029881 -0.0555623
v 0 -0.0324377 -0.0605801
v 0 -0.0364199 -0.0645623
v 0 -0.0414377 -0.0671189
f 3831 3776 3658
f 3837 3836 3664 3665
f 3657 3834 3661 3662
f 3832 3831 3658 3659
f 3838 3837 3665 3666
f 3835 3657 3662 3663
f 3833 3832 3659 3660
f 3775 3838 3666
f 3836 3835 3663 3664
f 3834 3833 3660 3661
f 3658 3776 3667
f 3665 3664 3673 3674
f 3662 3661 3670 3671
f 3659 3658 3667 3668
f 3666 3665 3674 3675
f 3663 3662 3671 3672
f 3660 3659 3668 3669
f 3775 3666 3675
f 3664 3663 3672 3673
f 3661 3660 3669 3670
f 3670 3669 3678 3679
f 3667 3776 3676
f 3674 3673 3682 3683
f 3671 3670 3679 3680
f 3668 3667 3676 3677
f 3675 3674 3683 3684
f 3672 3671 3680 3681
f 3669 3668 3677 3678
f 3775 3675 3684
f 3673 3672 3681 3682
f 3775 3684 3693
f 3682 3681 3690 3691
f 3679 3678 3687 3688
f 3676 3776 3685
f 3683 3682 3691 3692
f 3680 3679 3688 3689
f 3677 3676 3685 3686
f 3684 3683 3692 3693
f 3681 3680 3689 3690
f 3678 3677 3686 3687
f 3690 3689 3698 3699
f 3687 3686 3695 3696
f 3775 3693 3702
f 3691 3690 3699 3700
f 3688 3687 3696 3697
f 3685 3776 3694
f 3692 3691 3700 3701
f 3689 3688 3697 3698
f 3686 3685 3694 3695
f 3693 3692 3701 3702
f 3695 3694 3703 3704
f 3702 3701 3710 3711
f 3699 3698 3707 3708
f 3696 3695 3704 3705
f 3775 3702 3711
f 3700 3699 3708 3709
f 3697 3696 3705 3706
f 3694 3776 3703
f 3701 3700 3709 3710
f 3698 3697 3706 3707
f 3707 3706 3715 3716
f 3704 3703 3712 3713
f 3711 3710 3719 3720
f 3708 3707 3716 3717
f 3705 3704 3713 3714
f 3775 3711 3720
f 3709 3708 3717 3718
f 3706 3705 3714 3715
f 3703 3776 3712
f 3710 3709 3718 3719
f 3712 3776 3721
f 3719 3718 3727 3728
f 3716 3715 3724 3725
f 3713 3712 3721 3722
f 3720 3719 3728 3729
f 3717 3716 3725 3726
f 3714 3713 3722 3723
f 3775 3720 3729
f 3718 3717 3726 3727
f 3715 3714 3723 3724
f 3727 3726 3735 3736
f 3724 3723 3732 3733
f 3721 3776 3730
f 3728 3727 3736 3737
f 3725 3724 3733 3734
f 3722 3721 3730 3731
f 3729 3728 3737 3738
f 3726 3725 3734 3735
f 3723 3722 3731 3732
f 3775 3729 3738
f 3732 3731 3740 3741
f 3775 3738 3747
f 3736 3735 3744 3745
f 3733 3732 3741 3742
f 3730 3776 3739
f 3737 3736 3745 3746
f 3734 3733 3742 3743
f 3731 3730 3739 3740
f 3738 3737 3746 3747
f 3735 3734 3743 3744
f 3744 3743 3752 3753
f 3741 3740 3749 3750
f 3775 3747 3756
f 3745 3744 3753 3754
f 3742 3741 3750 3751
f 3739 3776 3748
f 3746 3745 3754 3755
f 3743 3742 3751 3752
f 3740 3739 3748 3749
f 3747 3746 3755 3756
f 3749 3748 3757 3758
f 3756 3755 3764 3765
f 3753 3752 3761 3762
f 3750 3749 3758 3759
f 3775 3756 3765
f 3754 3753 3762 3763
f 3751 3750 3759 3760
f 3748 3776 3757
f 3755 3754 3763 3764
f 3752 3751 3760 3761
f 3764 3763 3772 3773
f 3761 3760 3769 3770
f 3758 3757 3766 3767
f 3765 3764 3773 3774
f 3762 3761 3770 3771
f 3759 3758 3767 3768
f 3775 3765 3774
f 3763 3762 3771 3772
f 3760 3759 3768 3769
f 3757 3776 3766
f 3769 3768 3779 3780
f 3766 3776 3777
f 3773 3772 3783 3784
f 3770 3769 3780 3781
f 3767 3766 3777 3778
f 3774 3773 3784 3785
f 3771 3770 3781 3782
f 3768 3767 3778 3779
f 3775 3774 3785
f 3772 3771 3782 3783
f 3783 3782 3791 3792
f 3780 3779 3788 3789
f 3777 3776 3786
f 3784 3783 3792 3793
f 3781 3780 3789 3790
f 3778 3777 3786 3787
f 3785 3784 3793 3794
f 3782 3781 3790 3791
f 3779 3778 3787 3788
f 3775 3785 3794
f 3788 3787 3796 3797
f 3775 3794 3803
f 3792 3791 3800 3801
f 3789 3788 3797 3798
f 3786 3776 3795
f 3793 3792 3801 3802
f 3790 3789 3798 3799
f 3787 3786 3795 3796
f 3794 3793 3802 3803
f 3791 3790 3799 3800
f 3803 3802 3811 3812
f 3800 3799 3808 3809
f 3797 3796 3805 3806
f 3775 3803 3812
f 3801 3800 3809 3810
f 3798 3797 3806 3807
f 3795 3776 3804
f 3802 3801 3810 3811
f 3799 3798 3807 3808
f 3796 3795 3804 3805
f 3808 3807 3816 3817
f 3805 3804 3813 3814
f 3812 3811 3820 3821
f 3809 3808 3817 3818
f 3806 3805 3814 3815
f 3775 3812 3821
f 3810 3809 3818 3819
f 3807 3806 3815 3816
f 3804 3776 3813
f 3811 3810 3819 3820
f 3813 3776 3822
f 3820 3819 3828 3829
f 3817 3816 3825 3826
f 3814 3813 3822 3823
f 3821 3820 3829 3830
f 3818 3817 3826 3827
f 3815 3814 3823 3824
f 3775 3821 3830
f 3819 3818 3827 3828
f 3816 3815 3824 3825
f 3825 3824 3833 3834
f 3822 3776 3831
f 3829 3828 3836 3837
f 3826 3825 3834 3657
f 3823 3822 3831 3832
f 3830 3829 3837 3838
f 3827 3826 3657 3835
f 3824 3823 3832 3833
f 3775 3830 3838
f 3828 3827 3835 3836
